Id,Sales
1,11600.277
2,7776.714
3,9491.665
4,12655.434
5,11313.015
6,12069.612
7,8610.395
8,6368.4585
9,4482.962
10,7101.4736
11,5027.3164
12,9825.178
13,5573.221
14,5580.8604
15,8080.8223
16,6287.0938
17,8607.644
18,6419.6084
19,9413.823
20,5653.8306
21,7607.6665
22,5560.6685
23,8833.494
24,5746.18
25,11453.228
26,5573.5137
27,7534.867
28,7778.9766
29,7296.691
30,5855.4043
31,5145.6855
32,6891.086
33,4889.517
34,7273.9893
35,7278.6113
36,7162.2393
37,10955.887
38,8605.411
39,9759.883
40,7315.0737
41,5901.01
42,10864.442
43,4335.251
44,7014.217
45,8685.577
46,9559.641
47,6176.0063
48,4275.7373
49,4807.0386
50,9808.727
51,5910.192
52,6578.8994
53,9353.152
54,6210.286
55,8651.085
56,12626.462
57,9679.011
58,9775.628
59,6850.265
60,6031.697
61,9490.832
62,7069.0894
63,6926.195
64,6045.947
65,9533.6
66,11997.182
67,6286.512
68,7505.9746
69,13034.845
70,6200.0703
71,5629.427
72,5572.328
73,7037.8325
74,6009.3696
75,7050.0806
76,6621.791
77,4335.1514
78,7453.595
79,5525.6455
80,12255.255
81,9283.687
82,13651.878
83,8229.948
84,5009.743
85,12287.2295
86,8494.191
87,5426.747
88,12352.983
89,9936.096
90,10073.377
91,7396.7046
92,7618.98
93,9835.941
94,5703.435
95,6485.1587
96,4764.102
97,6143.9673
98,5927.094
99,11624.344
100,5127.1514
101,4487.6426
102,8164.103
103,8303.504
104,5923.392
105,7503.004
106,5454.506
107,10859.594
108,9803.76
109,9078.75
110,5897.6787
111,4553.1914
112,7357.5825
113,5479.5884
114,8215.134
115,9643.829
116,6067.183
117,6984.075
118,4969.8203
119,12604.251
120,4208.2563
121,7592.0234
122,9200.352
123,9971.487
124,5110.9062
125,7640.302
126,6315.908
127,7627.7417
128,8985.369
129,5251.511
130,7269.689
131,9599.422
132,6717.205
133,5869.3613
134,9110.359
135,9532.172
136,10134.165
137,9302.699
138,6178.5225
139,4239.931
140,9169.297
141,7627.7563
142,9030.578
143,8940.531
144,4225.674
145,8983.569
146,9204.802
147,8524.651
148,5423.2954
149,9754.812
150,3822.6746
151,10164.755
152,9944.685
153,5953.7817
154,11860.294
155,3696.475
156,8467.045
157,8668.174
158,6520.911
159,9359.328
160,8218.37
161,5148.666
162,11671.035
163,5118.5757
164,5568.9966
165,4557.4414
166,5685.359
167,9200.756
168,5564.9453
169,10044.758
170,12334.124
171,9451.636
172,4613.0312
173,9783.742
174,9660.464
175,4124.0005
176,4719.1807
177,9898.232
178,5977.231
179,9693.95
180,7323.528
181,6829.05
182,5938.032
183,7811.3857
184,7804.624
185,5510.881
186,5370.187
187,4952.292
188,10129.951
189,10131.053
190,5929.537
191,9169.795
192,9270.804
193,4174.018
194,10199.647
195,3694.5645
196,5590.306
197,4159.344
198,5918.1626
199,6949.2827
200,6697.769
201,11402.784
202,26569.18
203,8027.364
204,6140.9263
205,9198.825
206,9972.667
207,12384.941
208,6414.149
209,9676.666
210,7092.694
211,6018.203
212,4361.3823
213,9720.466
214,5320.0645
215,5056.2485
216,9751.899
217,6678.535
218,5162.598
219,9699.305
220,7087.2905
221,4181.718
222,10093.169
223,9955.058
224,10370.704
225,7359.562
226,6150.4697
227,12508.077
228,7905.579
229,7973.848
230,6823.229
231,10857.7295
232,5929.916
233,7069.9795
234,12209.976
235,5443.4766
236,6924.4775
237,8651.976
238,4244.8193
239,5572.833
240,11766.339
241,7477.378
242,6983.156
243,8808.708
244,8230.843
245,5868.443
246,7708.133
247,13444.005
248,4498.486
249,6178.7583
250,4863.96
251,10870.081
252,5447.5645
253,5823.1777
254,6587.458
255,10128.715
256,5284.8423
257,15726.47
258,12281.629
259,5156.49
260,6920.2583
261,5579.7905
262,9752.29
263,12839.28
264,4894.3604
265,4437.3623
266,7189.384
267,6483.421
268,9757.082
269,5193.9976
270,5813.948
271,4597.4585
272,7350.3228
273,4509.6216
274,6409.727
275,10009.049
276,12317.349
277,5939.89
278,12214.623
279,7689.679
280,9855.728
281,5188.689
282,5665.9507
283,10189.37
284,4929.721
285,8526.09
286,5909.2163
287,5665.967
288,6193.7754
289,4819.7427
290,6761.9653
291,12867.746
292,7293.7476
293,6193.261
294,10301.972
295,9285.3955
296,5903.279
297,5598.065
298,9786.486
299,12389.183
300,8288.644
301,9799.311
302,7896.1973
303,7099.3945
304,10048.055
305,5990.7524
306,6082.4395
307,8620.115
308,12058.612
309,5639.8267
310,6736.2544
311,4038.5952
312,6728.061
313,5716.1953
314,4904.0527
315,7529.86
316,7510.4434
317,5274.2217
318,13714.546
319,4735.342
320,7873.5303
321,12041.5
322,6549.0415
323,6361.804
324,5270.4097
325,6712.4526
326,10159.579
327,5412.567
328,7879.1196
329,9947.588
330,7616.8145
331,6327.4067
332,5514.1675
333,9570.726
334,7722.372
335,11397.163
336,11710.496
337,7368.763
338,9909.444
339,4689.4165
340,7531.153
341,5771.8164
342,9962.333
343,7147.3623
344,13564.195
345,12901.294
346,10419.235
347,6109.5757
348,6731.489
349,7149.6396
350,6260.1
351,9754.048
352,10374.483
353,4905.302
354,9355.009
355,6912.6914
356,6672.9766
357,9719.066
358,7695.916
359,10024.641
360,9650.775
361,12591.047
362,10391.021
363,4490.3013
364,12078.261
365,9996.055
366,12329.619
367,6209.7705
368,5745.999
369,9970.194
370,5122.727
371,6617.226
372,7084.0195
373,11430.595
374,7610.0977
375,4396.888
376,6984.1353
377,5087.0786
378,5040.516
379,10304.359
380,6845.6997
381,5451.8687
382,5865.6504
383,12827.971
384,6413.8003
385,9931.869
386,5476.715
387,8279.115
388,7277.008
389,7092.8154
390,7796.3506
391,9867.908
392,12629.883
393,6298.3477
394,8038.228
395,4105.7563
396,6113.4233
397,8979.115
398,5458.821
399,7518.033
400,5927.3994
401,5327.392
402,6787.127
403,10493.183
404,8204.358
405,6184.8667
406,9632.742
407,9251.503
408,10167.149
409,12895.868
410,10039.06
411,6780.0293
412,10349.381
413,7140.412
414,6497.3003
415,10077.115
416,7903.913
417,5596.757
418,10547.839
419,7783.118
420,13900.022
421,6208.758
422,6065.7246
423,7837.1846
424,10296.991
425,9714.9795
426,13612.172
427,7847.8438
428,7259.3096
429,9942.219
430,4245.6377
431,10044.547
432,9956.481
433,7026.37
434,24597.207
435,6949.415
436,4945.108
437,12244.623
438,6755.899
439,7098.8325
440,4851.82
441,13426.193
442,6378.1846
443,5286.673
444,9543.288
445,7514.1904
446,7046.8467
447,6061.0576
448,7893.08
449,11791.447
450,10479.131
451,14079.465
452,10074.309
453,4497.6577
454,8985.601
455,13719.635
456,6412.0693
457,7579.926
458,5928.3438
459,6756.5947
460,5823.6167
461,11034.695
462,8796.609
463,6857.8027
464,9715.748
465,4602.1445
466,5267.3643
467,6263.4985
468,6792.23
469,7793.815
470,5017.716
471,9560.416
472,8794.135
473,7453.524
474,9364.328
475,7570.627
476,7555.7666
477,6796.8833
478,5355.782
479,11347.021
480,6340.124
481,6628.799
482,13040.466
483,6266.1875
484,10259.475
485,10368.746
486,5488.1045
487,4656.1475
488,9990.241
489,4882.5864
490,7813.1147
491,4423.7456
492,9291.154
493,12826.563
494,7663.43
495,8321.366
496,6111.056
497,6630.2153
498,8227.57
499,6134.7207
500,13440.325
501,11129.823
502,9358.811
503,10121.434
504,5794.958
505,6183.581
506,5322.7495
507,6052.553
508,5483.965
509,8190.067
510,9232.481
511,9835.876
512,7733.782
513,10748.276
514,9448.463
515,5443.7983
516,10408.33
517,5703.8486
518,6066.222
519,7064.472
520,4013.9763
521,8010.8047
522,8184.7954
523,14778.607
524,5604.5405
525,6533.338
526,5705.9
527,5662.563
528,5292.591
529,9738.106
530,7965.0005
531,8944.13
532,10158.833
533,5406.2153
534,11712.842
535,5341.5273
536,10177.715
537,7613.0015
538,10546.048
539,5225.513
540,6373.8306
541,6988.94
542,5272.637
543,6947.944
544,11305.551
545,7333.0757
546,5443.5493
547,10525.007
548,6281.4414
549,4447.028
550,8586.972
551,6725.6226
552,6092.3394
553,4805.223
554,5570.2236
555,12240.022
556,5822.195
557,5653.2646
558,7688.0073
559,10186.854
560,5432.7134
561,7823.592
562,8541.571
563,10245.443
564,4572.5776
565,11192.042
566,5858.689
567,8381.962
568,14291.832
569,6000.423
570,6445.328
571,7475.403
572,10001.558
573,5972.364
574,8117.353
575,7527.375
576,7914.9727
577,10028.963
578,4727.1416
579,5171.2324
580,8054.037
581,4475.19
582,13103.95
583,6376.281
584,6685.9927
585,7287.5728
586,10382.858
587,10620.967
588,8402.076
589,4453.939
590,6879.672
591,4908.588
592,6223.806
593,7648.986
594,9744.693
595,13678.922
596,8275.847
597,11996.873
598,11190.74
599,8067.3145
600,10216.53
601,13987.154
602,6992.714
603,6712.1006
604,5394.059
605,7678.605
606,7151.474
607,8947.885
608,5480.7437
609,11293.351
610,10367.936
611,10384.334
612,5241.8726
613,8969.768
614,4596.7
615,14258.681
616,9429.027
617,10468.513
618,9649.92
619,6330.6187
620,6056.6074
621,4286.9805
622,6252.474
623,4945.3105
624,4754.972
625,10631.456
626,11535.415
627,10876.406
628,13401.195
629,12320.415
630,2697.3633
631,10195.358
632,4604.5376
633,14650.074
634,7263.825
635,8911.576
636,13225.199
637,9134.564
638,7961.704
639,11259.387
640,9835.548
641,11557.274
642,4622.9736
643,6124.2847
644,7738.5415
645,10947.917
646,13034.733
647,10960.998
648,7515.3516
649,6356.685
650,7047.546
651,6000.549
652,8011.7827
653,9913.821
654,5751.0874
655,4937.1753
656,6460.5186
657,9370.689
658,6095.67
659,10183.317
660,6425.747
661,9733.807
662,10690.084
663,9950.131
664,5680.735
665,7041.539
666,12820.375
667,8406.806
668,8081.5005
669,4061.714
670,9314.517
671,6181.352
672,7667.956
673,7936.404
674,10090.965
675,5846.246
676,8826.167
677,2615.4285
678,10402.346
679,6204.2114
680,11448.946
681,11226.424
682,7834.3447
683,14085.858
684,12510.296
685,4722.923
686,5328.683
687,6423.1855
688,6277.195
689,6404.038
690,14472.067
691,10443.71
692,14047.087
693,5239.568
694,7178.9478
695,11773.187
696,8289.577
697,10466.336
698,6491.8057
699,12390.341
700,12404.506
701,10728.684
702,8325.296
703,6440.191
704,9630.804
705,11304.03
706,10319.151
707,6267.778
708,6062.422
709,14507.044
710,9947.17
711,6159.64
712,7265.135
713,7914.557
714,6710.1484
715,6246.209
716,5376.2505
717,10319.142
718,4811.2866
719,13764.458
720,10349.736
721,8586.268
722,5959.162
723,6657.833
724,10762.012
725,10241.291
726,4966.64
727,12978.798
728,7884.4043
729,9944.618
730,5121.75
731,7336.6367
732,12302.391
733,10451.941
734,9470.45
735,7138.2944
736,11919.251
737,11805.232
738,5653.7554
739,10857.14
740,6812.753
741,5748.5537
742,7966.763
743,4383.592
744,7781.93
745,9926.51
746,5675.0537
747,10786.149
748,10249.538
749,9469.005
750,8592.519
751,10370.675
752,5507.313
753,7522.7603
754,6495.0757
755,10104.043
756,8165.886
757,12450.174
758,6980.2593
759,6165.271
760,7204.788
761,8097.634
762,14595.976
763,7913.372
764,10332.644
765,10370.4375
766,7698.3096
767,6523.3247
768,6997.4375
769,8148.4355
770,8511.619
771,4528.654
772,9971.611
773,13211.193
774,13940.675
775,7551.5376
776,5286.1987
777,7997.429
778,6010.533
779,6405.2964
780,7263.4443
781,6100.7188
782,6061.8667
783,6486.9404
784,13520.41
785,10731.774
786,10166.024
787,14203.534
788,7078.4067
789,8474.705
790,6995.943
791,8283.364
792,5317.944
793,10842.766
794,9765.572
795,6028.4297
796,6692.756
797,8683.838
798,5981.662
799,7205.496
800,13295.694
801,6173.103
802,7407.8315
803,8161.5103
804,5388.017
805,6726.681
806,6157.0083
807,12946.222
808,6050.9893
809,5530.554
810,11368.816
811,6363.977
812,10871.014
813,6229.27
814,7909.984
815,6296.708
816,10430.77
817,10845.124
818,6083.797
819,10230.815
820,9180.533
821,5068.1313
822,13624.966
823,6495.646
824,7440.0645
825,7466.631
826,6753.509
827,7655.438
828,5711.5522
829,6367.699
830,7089.2646
831,4240.6753
832,6684.131
833,8380.259
834,11474.373
835,7010.3975
836,8633.437
837,10195.456
838,7939.9624
839,5842.84
840,5961.999
841,11828.449
842,7763.722
843,6700.1455
844,10674.404
845,10068.526
846,5858.784
847,5292.652
848,7751.292
849,9179.377
850,7836.99
851,7024.2524
852,8350.107
853,10801.994
854,10263.097
855,10853.961
856,4589.8257
857,11761.941
858,7884.2617
859,9622.229
860,12831.213
861,11472.262
862,12236.591
863,8731.235
864,6457.2104
865,4545.8184
866,7200.137
867,5098.4556
868,9961.744
869,5652.45
870,5658.8105
871,8192.973
872,6374.639
873,8727.589
874,6509.446
875,9545.127
876,5732.5703
877,7712.5747
878,5637.8745
879,8955.97
880,5825.305
881,11611.9
882,5651.588
883,7640.5645
884,7887.1045
885,7396.8247
886,5936.367
887,5215.479
888,6986.5605
889,4956.4272
890,7374.944
891,7380.348
892,7261.3384
893,11104.63
894,8724.001
895,9894.692
896,7416.669
897,5983.5854
898,11013.7295
899,4394.7373
900,7111.207
901,8806.625
902,9692.914
903,6261.0913
904,4335.9004
905,4873.718
906,9944.97
907,5991.2324
908,6666.901
909,9484.868
910,6297.741
911,8773.868
912,12803.061
913,9814.6875
914,9911.363
915,6945.2007
916,6115.383
917,9622.513
918,7167.3716
919,7022.5176
920,6129.5034
921,9665.505
922,12165.792
923,6373.909
924,7608.5806
925,13220.256
926,6287.5674
927,5708.5947
928,5649.41
929,7135.102
930,6093.478
931,7148.535
932,6714.0986
933,4394.113
934,7556.4585
935,5602.146
936,12424.836
937,9413.59
938,13840.388
939,8343.778
940,5077.722
941,12453.975
942,8611.618
943,5501.7104
944,12516.693
945,10073.944
946,10212.857
947,7498.59
948,7723.867
949,9971.126
950,5781.9883
951,6577.3496
952,4829.992
953,6229.49
954,6009.9253
955,11786.175
956,5199.911
957,4550.3306
958,8276.668
959,8418.737
960,6005.805
961,7607.5356
962,5528.7666
963,11013.288
964,9941.963
965,9206.137
966,5979.797
967,4617.046
968,7459.8896
969,5555.1816
970,8328.568
971,9776.569
972,6149.0737
973,7081.783
974,5038.7666
975,12782.514
976,4265.74
977,7697.9204
978,9329.489
979,10109.837
980,5181.651
981,7746.717
982,6400.6973
983,7734.4536
984,9109.95
985,5324.913
986,7372.0254
987,9737.122
988,6811.044
989,5950.96
990,9237.202
991,9665.652
992,10275.829
993,9431.86
994,6264.6816
995,4299.1597
996,9297.146
997,7733.9297
998,9155.175
999,9065.572
1000,4285.799
1001,9109.2295
1002,9338.409
1003,8643.6455
1004,5497.6816
1005,9892.107
1006,3876.0647
1007,10306.453
1008,10083.384
1009,6034.332
1010,12023.746
1011,3748.1138
1012,8584.482
1013,8785.483
1014,6612.229
1015,9489.04
1016,8331.19
1017,5220.6157
1018,11833.278
1019,5190.0405
1020,5645.763
1021,4621.849
1022,5763.993
1023,9328.386
1024,5645.074
1025,10183.327
1026,12505.703
1027,9583.02
1028,4676.77
1029,9919.913
1030,9794.629
1031,4182.2363
1032,4785.1387
1033,10036.829
1034,6061.3813
1035,9829.78
1036,7425.368
1037,6923.949
1038,6020.959
1039,7920.38
1040,7913.478
1041,5587.662
1042,5444.879
1043,5020.617
1044,10270.509
1045,10271.576
1046,6011.898
1047,9296.526
1048,9399.719
1049,4232.306
1050,10341.32
1051,3747.0662
1052,5669.032
1053,4217.049
1054,6004.425
1055,7046.2085
1056,6792.0684
1057,11560.847
1058,26942.416
1059,8139.1533
1060,6226.3535
1061,9326.9
1062,10112.99
1063,12559.3
1064,6503.544
1065,9812.479
1066,7190.9956
1067,6101.475
1068,4422.965
1069,9856.301
1070,5395.6646
1071,5126.1587
1072,9887.052
1073,6770.5425
1074,5234.423
1075,9835.2
1076,7185.737
1077,4239.1787
1078,10237.863
1079,10094.565
1080,10512.315
1081,7463.562
1082,6235.9346
1083,12680.492
1084,8015.138
1085,8085.4014
1086,6918.179
1087,11007.796
1088,6013.75
1089,7171.276
1090,12380.1
1091,5516.482
1092,7022.196
1093,8775.375
1094,4304.26
1095,5650.849
1096,11931.17
1097,7580.902
1098,7080.048
1099,8930.722
1100,8346.0625
1101,5950.8066
1102,7815.403
1103,13624.004
1104,4561.3467
1105,6265.094
1106,4931.306
1107,11020.423
1108,5523.6797
1109,5902.4287
1110,6678.8154
1111,10270.215
1112,5357.259
1113,15947.457
1114,12454.996
1115,5228.973
1116,7016.913
1117,5658.7837
1118,9888.541
1119,13017.725
1120,4962.696
1121,4499.254
1122,7288.2744
1123,6573.599
1124,9892.051
1125,5268.093
1126,5894.0796
1127,4660.142
1128,7454.2705
1129,4574.0127
1130,6498.4033
1131,10147.503
1132,12489.302
1133,6022.688
1134,12381.93
1135,7795.6367
1136,9993.166
1137,5260.204
1138,5743.2705
1139,10330.909
1140,4998.097
1141,8644.709
1142,5990.798
1143,5743.8784
1144,6280.3447
1145,4887.6333
1146,6856.292
1147,13047.73
1148,7395.4067
1149,6279.6323
1150,10445.962
1151,9412.979
1152,5984.641
1153,5679.868
1154,9924.219
1155,12562.295
1156,8404.745
1157,9933.727
1158,8005.878
1159,7198.4756
1160,10185.601
1161,6075.586
1162,6165.9297
1163,8739.342
1164,12222.815
1165,5719.2715
1166,6830.522
1167,4096.43
1168,6820.789
1169,5796.589
1170,4972.087
1171,7635.421
1172,7614.0107
1173,5348.451
1174,13905.711
1175,4800.903
1176,7982.3174
1177,12211.827
1178,6639.1826
1179,6449.4546
1180,5343.5405
1181,6805.92
1182,10301.775
1183,5488.811
1184,7988.967
1185,10086.865
1186,7723.278
1187,6414.871
1188,5591.0103
1189,9705.431
1190,7828.287
1191,11551.941
1192,11872.574
1193,7468.6035
1194,10049.051
1195,4754.768
1196,7637.074
1197,5854.505
1198,10100.401
1199,7245.668
1200,13756.492
1201,13082.047
1202,10563.101
1203,6194.5195
1204,6824.9604
1205,7250.224
1206,6347.73
1207,9889.806
1208,10517.942
1209,4973.6094
1210,9486.913
1211,7009.6953
1212,6767.0884
1213,9853.886
1214,7803.4253
1215,10163.455
1216,9785.805
1217,12764.52
1218,10536.457
1219,4552.697
1220,12247.847
1221,10136.862
1222,12503.2705
1223,6296.1074
1224,5825.9946
1225,10108.728
1226,5194.5522
1227,6708.913
1228,7183.256
1229,11589.086
1230,7716.3936
1231,4456.578
1232,7081.189
1233,5157.4937
1234,5110.989
1235,10448.084
1236,6941.0684
1237,5525.9985
1238,5947.1523
1239,13007.052
1240,6503.9287
1241,10072.436
1242,5553.306
1243,8392.961
1244,7379.1235
1245,7191.7295
1246,7905.715
1247,10005.422
1248,12801.669
1249,6388.2
1250,8150.231
1251,4161.6377
1252,6197.6284
1253,9104.565
1254,5533.8945
1255,7622.9414
1256,6009.6104
1257,5401.4424
1258,6881.719
1259,10641.916
1260,8318.073
1261,6271.7427
1262,9766.96
1263,9380.902
1264,10308.232
1265,13073.89
1266,10178.666
1267,6873.3555
1268,10493.394
1269,7238.008
1270,6588.6016
1271,10216.56
1272,8013.5405
1273,5675.2485
1274,10693.663
1275,7892.455
1276,14088.25
1277,6295.3687
1278,6148.874
1279,7948.335
1280,10439.179
1281,9850.399
1282,13799.554
1283,7955.237
1284,7361.015
1285,10078.528
1286,4305.6313
1287,10187.358
1288,10097.185
1289,7124.5337
1290,24941.123
1291,7046.1816
1292,5012.9126
1293,12417.432
1294,6850.3564
1295,7197.9673
1296,4920.7812
1297,13609.887
1298,6465.1357
1299,5360.53
1300,9675.218
1301,7618.638
1302,7146.0737
1303,6144.6646
1304,8002.8623
1305,11949.312
1306,10625.404
1307,14279.42
1308,10213.743
1309,4560.8726
1310,9112.905
1311,13910.738
1312,6501.7017
1313,7685.6978
1314,6011.7256
1315,6849.7817
1316,5903.6167
1317,11185.842
1318,8920.217
1319,6952.7764
1320,9851.752
1321,4666.089
1322,5341.2524
1323,6350.0493
1324,6885.777
1325,7902.1943
1326,5088.243
1327,9693.09
1328,8915.0625
1329,7556.963
1330,9492.235
1331,7676.767
1332,7662.3413
1333,6889.5283
1334,5430.3457
1335,11502.873
1336,6429.125
1337,6720.358
1338,13220.1045
1339,6353.006
1340,10402.077
1341,10512.928
1342,5563.9155
1343,4718.0195
1344,10127.024
1345,4951.0356
1346,7921.9736
1347,4485.6353
1348,9421.619
1349,13005.638
1350,7769.478
1351,8436.727
1352,6197.9478
1353,6721.4736
1354,8341.622
1355,6219.996
1356,13621.211
1357,11284.446
1358,9493.213
1359,10261.54
1360,5876.845
1361,6270.319
1362,5396.962
1363,6134.118
1364,5560.6523
1365,8304.479
1366,9362.346
1367,9972.904
1368,7842.3965
1369,10898.348
1370,9581.576
1371,5517.445
1372,10553.775
1373,5782.8984
1374,6150.6396
1375,7163.8174
1376,4068.2983
1377,8121.7827
1378,8304.257
1379,14986.791
1380,5682.9404
1381,6625.891
1382,5785.0723
1383,5741.277
1384,5364.5864
1385,9868.878
1386,8077.0923
1387,9068.858
1388,10300.694
1389,5482.2183
1390,11874.76
1391,5415.7275
1392,10321.229
1393,7720.2803
1394,10691.675
1395,5298.4604
1396,6462.645
1397,7087.054
1398,5346.844
1399,7045.2944
1400,11465.349
1401,7436.389
1402,5519.2295
1403,10670.495
1404,6368.683
1405,4509.041
1406,8705.001
1407,6820.0605
1408,6177.173
1409,4870.7017
1410,5646.5713
1411,12404.436
1412,5905.0923
1413,5731.805
1414,7795.6665
1415,10328.27
1416,5508.642
1417,7932.771
1418,8660.835
1419,10388.841
1420,4635.479
1421,11346.47
1422,5940.661
1423,8498.77
1424,14490.132
1425,6084.3076
1426,6536.7163
1427,7580.237
1428,10142.171
1429,6055.822
1430,8230.843
1431,7632.7124
1432,8025.404
1433,10164.6
1434,4794.871
1435,5242.7275
1436,8166.1123
1437,4537.674
1438,13280.081
1439,6464.932
1440,6780.385
1441,7389.611
1442,10526.924
1443,10769.415
1444,8517.93
1445,4515.2476
1446,6975.913
1447,4976.922
1448,6310.7476
1449,7752.852
1450,9880.952
1451,13872.687
1452,8391.393
1453,12166.082
1454,11342.574
1455,8181.338
1456,10360.255
1457,14186.76
1458,7090.5293
1459,6806.5825
1460,5469.422
1461,7784.818
1462,7250.1685
1463,9069.343
1464,5557.768
1465,11449.896
1466,10513.398
1467,10530.86
1468,5314.6577
1469,9095.087
1470,4658.88
1471,14460.298
1472,9558.802
1473,10614.668
1474,9782.818
1475,6418.1455
1476,6141.067
1477,4347.994
1478,6342.271
1479,5013.568
1480,4820.4463
1481,10781.306
1482,11697.882
1483,11026.374
1484,13592.894
1485,12496.952
1486,2734.8787
1487,10336.527
1488,4668.4043
1489,14850.525
1490,7363.9575
1491,9034.515
1492,13405.504
1493,9260.667
1494,8074.2197
1495,11416.387
1496,9973.552
1497,11718.205
1498,4686.103
1499,6211.092
1500,7845.449
1501,11099.749
1502,13209.442
1503,11113.382
1504,7622.6724
1505,6447.179
1506,7145.3926
1507,6081.395
1508,8122.2705
1509,10053.278
1510,5830.4585
1511,5004.733
1512,6551.1597
1513,9504.121
1514,6180.391
1515,10326.486
1516,6515.434
1517,9864.973
1518,10840.232
1519,10088.011
1520,5757.52
1521,7139.3633
1522,13002.376
1523,8521.984
1524,8194.927
1525,4119.0625
1526,9444.823
1527,6267.4907
1528,7772.428
1529,8046.8037
1530,10231.108
1531,5926.574
1532,8949.293
1533,2651.8503
1534,10547.315
1535,6291.065
1536,11605.623
1537,11387.015
1538,7942.4014
1539,14276.929
1540,12685.451
1541,4788.207
1542,5402.828
1543,6513.688
1544,6364.4688
1545,6493.1494
1546,14678.956
1547,10589.529
1548,14240.768
1549,5312.5796
1550,7279.653
1551,11936.702
1552,8406.749
1553,10612.633
1554,6581.7617
1555,12561.792
1556,12575.35
1557,10878.232
1558,8441.299
1559,6529.606
1560,9764.716
1561,11459.105
1562,10465.388
1563,6360.063
1564,6145.9014
1565,14712.439
1566,10088.665
1567,6245.0356
1568,7366.1914
1569,8024.286
1570,6804.615
1571,6333.1367
1572,5453.262
1573,10459.6
1574,4875.6333
1575,13956.998
1576,10492.983
1577,8704.935
1578,6040.9663
1579,6749.767
1580,10912.764
1581,10381.007
1582,5035.033
1583,13158.027
1584,7994.15
1585,10082.201
1586,5192.625
1587,7440.348
1588,12474.528
1589,10598.685
1590,9602.315
1591,7239.0503
1592,12084.287
1593,11974.582
1594,5733.7407
1595,11007.702
1596,6907.702
1597,5824.9385
1598,8078.04
1599,4445.196
1600,7891.3257
1601,10064.273
1602,5754.056
1603,10936.177
1604,10395.145
1605,9601.903
1606,8712.908
1607,10515.073
1608,5585.062
1609,7628.309
1610,6585.3223
1611,10243.371
1612,8279.542
1613,12630.389
1614,7077.563
1615,6250.9893
1616,7303.577
1617,8212.164
1618,14800.245
1619,8025.8247
1620,10477.603
1621,10515.244
1622,7805.6514
1623,6614.38
1624,7096.111
1625,8261.1
1626,8629.979
1627,4589.8823
1628,10109.605
1629,13396.327
1630,14133.819
1631,7656.1978
1632,5360.566
1633,8107.8896
1634,6095.112
1635,6493.7812
1636,7365.6504
1637,6184.861
1638,6147.4023
1639,6576.12
1640,13707.732
1641,10882.196
1642,10308.616
1643,14406.131
1644,7177.099
1645,8593.879
1646,7093.4043
1647,8398.383
1648,5392.953
1649,10994.209
1650,9903.482
1651,6112.9395
1652,6786.6025
1653,8805.398
1654,6064.377
1655,7304.782
1656,13480.829
1657,6258.751
1658,7512.1914
1659,8274.561
1660,5462.7637
1661,6820.75
1662,6242.016
1663,13122.348
1664,6135.6455
1665,5608.439
1666,11527.232
1667,6452.673
1668,11021.601
1669,6314.83
1670,8021.019
1671,6384.6367
1672,10576.216
1673,10996.075
1674,6168.3354
1675,10371.772
1676,9309.116
1677,5138.912
1678,13815.396
1679,6586.4966
1680,7544.597
1681,7569.9985
1682,6847.123
1683,7759.7617
1684,5791.565
1685,6456.1694
1686,7187.087
1687,4301.1245
1688,6777.501
1689,8492.125
1690,11634.36
1691,7108.047
1692,8753.406
1693,10337.523
1694,8049.7134
1695,5923.607
1696,6044.2056
1697,11991.027
1698,7870.7373
1699,6793.325
1700,10823.104
1701,10214.894
1702,5939.8335
1703,5367.335
1704,7859.927
1705,9306.586
1706,7945.5
1707,7122.251
1708,8466.94
1709,10953.316
1710,10405.838
1711,11005.276
1712,4652.9907
1713,11924.311
1714,7993.6772
1715,9755.677
1716,13012.971
1717,11626.851
1718,12408.518
1719,8850.808
1720,6546.6123
1721,4608.8047
1722,7299.9697
1723,5167.3076
1724,10100.247
1725,5729.482
1726,5737.4717
1727,8307.513
1728,6463.317
1729,8847.795
1730,6599.338
1731,9677.829
1732,5811.769
1733,7820.1973
1734,5716.61
1735,9081.418
1736,5906.7764
1737,11774.074
1738,5729.99
1739,7746.8423
1740,7997.4062
1741,7498.082
1742,6019.351
1743,5289.447
1744,7083.6616
1745,5025.6816
1746,7477.9487
1747,7482.9355
1748,7362.679
1749,11259.247
1750,8845.668
1751,10032.474
1752,7519.2593
1753,6065.482
1754,11166.634
1755,4454.5215
1756,7210.5283
1757,8930.603
1758,9828.12
1759,6348.063
1760,4395.9614
1761,4942.0615
1762,10084.096
1763,6075.7134
1764,6761.8623
1765,9617.576
1766,6384.8438
1767,8893.465
1768,12981.323
1769,9950.017
1770,10049.674
1771,7043.1714
1772,6201.04
1773,9756.514
1774,7267.2974
1775,7120.1724
1776,6213.8413
1777,9799.161
1778,12336.9
1779,6462.5522
1780,7714.4727
1781,13400.761
1782,6376.433
1783,5785.3813
1784,5728.5693
1785,7234.2188
1786,6178.605
1787,7248.212
1788,6808.2056
1789,4454.95
1790,7663.7593
1791,5681.266
1792,12598.987
1793,9544.827
1794,14036.573
1795,8460.426
1796,5147.8853
1797,12630.353
1798,8733.292
1799,5578.4067
1800,12694.504
1801,10214.718
1802,10356.372
1803,7603.3213
1804,7833.9263
1805,10112.373
1806,5862.9937
1807,6667.6895
1808,4896.116
1809,6316.0947
1810,6093.5073
1811,11949.334
1812,5272.919
1813,4613.2603
1814,8391.776
1815,8537.548
1816,6088.6562
1817,7713.7886
1818,5609.252
1819,11170.415
1820,10080.585
1821,9334.474
1822,6063.706
1823,4681.184
1824,7564.347
1825,5633.531
1826,8445.285
1827,9913.377
1828,6234.7925
1829,7180.03
1830,5107.982
1831,12957.648
1832,4325.5933
1833,7805.1
1834,9458.995
1835,10250.819
1836,5252.949
1837,7854.606
1838,6491.3228
1839,7842.135
1840,9238.867
1841,5398.671
1842,7473.086
1843,9871.09
1844,6905.627
1845,6033.532
1846,9366.409
1847,9802.012
1848,10419.474
1849,9561.757
1850,6352.933
1851,4360.255
1852,9428.613
1853,7841.6934
1854,9285.29
1855,9192.002
1856,4344.8555
1857,9235.123
1858,9467.976
1859,8763.306
1860,5573.6094
1861,10029.039
1862,3931.3398
1863,10449.729
1864,10223.217
1865,6120.1035
1866,12191.869
1867,3800.8687
1868,8704.1875
1869,8909.205
1870,6703.425
1871,9622.375
1872,8448.33
1873,5293.0757
1874,11996.987
1875,5260.686
1876,5724.9204
1877,4685.254
1878,5845.1978
1879,9458.129
1880,5721.219
1881,10325.718
1882,12679.524
1883,9715.905
1884,4741.751
1885,10058.822
1886,9931.6045
1887,4240.8535
1888,4852.7173
1889,10177.152
1890,6145.0864
1891,9967.456
1892,7528.933
1893,7019.7046
1894,6104.9214
1895,8031.8286
1896,8022.5186
1897,5665.9185
1898,5521.1406
1899,5090.739
1900,10413.811
1901,10415.351
1902,6095.4897
1903,9427.678
1904,9530.836
1905,4291.211
1906,10486.03
1907,3798.9148
1908,5748.082
1909,4277.0835
1910,6088.871
1911,7144.7314
1912,6886.309
1913,11725.024
1914,27319.617
1915,8252.995
1916,6313.836
1917,9456.072
1918,10253.116
1919,12728.596
1920,6594.1216
1921,9948.242
1922,7285.8975
1923,6187.05
1924,4483.2866
1925,9993.014
1926,5468.363
1927,5197.9624
1928,10026.008
1929,6865.3687
1930,5305.6064
1931,9972.097
1932,7286.5093
1933,4299.434
1934,10379.017
1935,10235.314
1936,10662.133
1937,7565.1553
1938,6323.9434
1939,12863.096
1940,8125.4243
1941,8197.491
1942,7015.0195
1943,11162.438
1944,6096.8735
1945,7270.3545
1946,12552.247
1947,5590.877
1948,7117.572
1949,8895.577
1950,4363.571
1951,5729.258
1952,12098.46
1953,7686.585
1954,7181.639
1955,9054.744
1956,8463.461
1957,6033.371
1958,7924.324
1959,13814.487
1960,4625.135
1961,6352.503
1962,4999.9663
1963,11172.397
1964,5600.6978
1965,5985.5317
1966,6772.4346
1967,10412.897
1968,5431.708
1969,16165.565
1970,12623.705
1971,5301.271
1972,7115.4336
1973,5737.811
1974,10025.501
1975,13199.267
1976,5031.725
1977,4561.882
1978,7390.196
1979,6665.0444
1980,10029.967
1981,5341.665
1982,5977.339
1983,4725.3696
1984,7558.9165
1985,4636.1816
1986,6587.967
1987,10288.559
1988,12664.768
1989,6106.354
1990,12561.888
1991,7903.069
1992,10132.31
1993,5335.127
1994,5823.7944
1995,10474.975
1996,5068.0205
1997,8764.393
1998,6073.9517
1999,5824.089
2000,6367.5474
2001,4954.2153
2002,6951.5034
2003,13230.813
2004,7498.0464
2005,6366.9766
2006,10590.883
2007,9545.109
2008,6067.9297
2009,5755.516
2010,10060.415
2011,12736.623
2012,8523.83
2013,10072.704
2014,8117.701
2015,7298.5913
2016,10328.21
2017,6160.1274
2018,6252.8975
2019,8862.735
2020,12393.91
2021,5798.911
2022,6925.772
2023,4152.64
2024,6916.629
2025,5876.425
2026,5042.031
2027,7740.638
2028,7720.1113
2029,5422.6953
2030,14097.645
2031,4867.938
2032,8093.2173
2033,12380.844
2034,6732.124
2035,6538.855
2036,5417.8667
2037,6900.926
2038,10445.194
2039,5565.922
2040,8098.731
2041,10227.205
2042,7829.997
2043,6504.1206
2044,5667.7886
2045,9839.601
2046,7939.932
2047,11712.965
2048,12038.732
2049,7576.4634
2050,10187.757
2051,4820.805
2052,7742.27
2053,5934.052
2054,10240.959
2055,7346.987
2056,13948.096
2057,13262.247
2058,10711.3125
2059,6281.501
2060,6921.1494
2061,7351.122
2062,6435.702
2063,10027.261
2064,10665.0625
2065,5042.6226
2066,9619.136
2067,7107.8027
2068,6861.2573
2069,9990.584
2070,7911.3345
2071,10305.362
2072,9921.171
2073,12943.395
2074,10682.705
2075,4615.906
2076,12418.344
2077,10275.516
2078,12676.018
2079,6383.5713
2080,5908.2246
2081,10249.665
2082,5266.6606
2083,6801.8706
2084,7282.5
2085,11751.064
2086,7825.1816
2087,4520.186
2088,7180.872
2089,5230.6543
2090,5181.7793
2091,10594.177
2092,7038.3965
2093,5602.5576
2094,6030.759
2095,13190.722
2096,6593.392
2097,10210.598
2098,5630.7427
2099,8513.283
2100,7481.765
2101,7291.4106
2102,8015.421
2103,10144.435
2104,12984.754
2105,6475.8066
2106,8263.463
2107,4219.8896
2108,6286.326
2109,9231.829
2110,5612.2007
2111,7728.2373
2112,6094.0884
2113,5476.673
2114,6977.157
2115,10790.327
2116,8434.522
2117,6358.122
2118,9902.236
2119,9511.085
2120,10451.333
2121,13256.126
2122,10320.244
2123,6969.515
2124,10640.373
2125,7339.681
2126,6681.8296
2127,10357.37
2128,8124.479
2129,5753.941
2130,10844.772
2131,8003.45
2132,14287.199
2133,6382.987
2134,6235.7974
2135,8057.5405
2136,10584.652
2137,9988.202
2138,13992.038
2139,8066.6143
2140,7463.142
2141,10224.484
2142,4363.925
2143,10328.357
2144,10236.711
2145,7224.2207
2146,25287.172
2147,7145.3584
2148,5081.5405
2149,12588.621
2150,6945.8696
2151,7297.394
2152,4987.8145
2153,13798.133
2154,6555.8228
2155,5436.088
2156,9813.527
2157,7724.928
2158,7244.238
2159,6230.8213
2160,8114.8833
2161,12120.276
2162,10773.216
2163,14477.009
2164,10358.071
2165,4621.338
2166,9238.841
2167,14109.469
2168,6591.902
2169,7791.9497
2170,6095.112
2171,6945.1343
2172,5987.519
2173,11335.814
2174,9042.713
2175,7050.262
2176,9988.411
2177,4731.621
2178,5414.7617
2179,6438.7964
2180,6980.9585
2181,8012.9746
2182,5158.709
2183,9829.7705
2184,9040.583
2185,7662.6777
2186,9625.688
2187,7783.407
2188,7768.026
2189,6985.6743
2190,5504.5557
2191,11665.215
2192,6519.5806
2193,6813.682
2194,13402.499
2195,6441.604
2196,10547.336
2197,10659.5205
2198,5643.308
2199,4788.8647
2200,10269.637
2201,5020.0425
2202,8032.5796
2203,4547.436
2204,9552.777
2205,13191.954
2206,7878.962
2207,8554.078
2208,6281.495
2209,6818.09
2210,8457.586
2211,6306.9023
2212,13813.696
2213,11442.211
2214,9624.422
2215,10406.394
2216,5957.741
2217,6357.3154
2218,5471.7227
2219,6220.922
2220,5636.6216
2221,8419.95
2222,9490.732
2223,10112.171
2224,7950.4126
2225,11050.999
2226,9713.737
2227,5592.5356
2228,10700.815
2229,5863.2563
2230,6236.4995
2231,7263.3125
2232,4125.862
2233,8235.602
2234,8418.352
2235,15194.659
2236,5761.305
2237,6717.8457
2238,5864.6997
2239,5820.3677
2240,5439.838
2241,10009.135
2242,8192.09
2243,9194.036
2244,10444.059
2245,5559.067
2246,12038.124
2247,5490.261
2248,10464.749
2249,7824.7334
2250,10840.129
2251,5372.3955
2252,6552.628
2253,7185.593
2254,5420.9214
2255,7143.2188
2256,11624.555
2257,7538.627
2258,5596.3833
2259,10820.162
2260,6457.746
2261,4571.535
2262,8827.067
2263,6915.5073
2264,6262.8
2265,4939.154
2266,5724.5327
2267,12583.52
2268,5986.645
2269,5811.941
2270,7902.903
2271,10471.508
2272,5584.982
2273,8043.957
2274,8781.788
2275,10530.649
2276,4700.5093
2277,11505.813
2278,6023.0674
2279,8616.31
2280,14692.149
2281,6169.177
2282,6623.3447
2283,7685.214
2284,10282.673
2285,6139.661
2286,8345.378
2287,7737.7666
2288,8136.685
2289,10304.782
2290,4863.2456
2291,5316.0215
2292,8278.602
2293,4600.7007
2294,13464.369
2295,6555.5786
2296,6874.1553
2297,7491.448
2298,10674.129
2299,10918.781
2300,8637.744
2301,4578.264
2302,7072.4346
2303,5046.6885
2304,6397.847
2305,7861.104
2306,10018.15
2307,14066.057
2308,8508.129
2309,12332.76
2310,11501.984
2311,8293.539
2312,10504.418
2313,14381.215
2314,7188.6436
2315,6900.6953
2316,5544.7207
2317,7893.5464
2318,7352.209
2319,9201.071
2320,5636.154
2321,11607.781
2322,10657.283
2323,10676.939
2324,5389.122
2325,9222.519
2326,4725.3877
2327,14656.979
2328,9691.398
2329,10761.499
2330,9919.459
2331,6508.204
2332,6226.0864
2333,4407.8823
2334,6430.603
2335,5083.6104
2336,4889.6753
2337,10932.192
2338,11859.096
2339,11179.251
2340,13769.369
2341,12668.995
2342,2772.9158
2343,10480.811
2344,4734.1494
2345,15060.425
2346,7467.307
2347,9161.289
2348,13592.945
2349,9391.277
2350,8186.896
2351,11575.223
2352,10110.3
2353,11881.217
2354,4752.0977
2355,6298.618
2356,7956.7466
2357,11254.642
2358,13397.336
2359,11266.799
2360,7726.483
2361,6535.2197
2362,7244.155
2363,6165.571
2364,8235.994
2365,10188.34
2366,5912.3853
2367,5072.446
2368,6640.842
2369,9632.6045
2370,6267.2993
2371,10470.989
2372,6606.2715
2373,10005.422
2374,10992.027
2375,10228.8545
2376,5836.518
2377,7238.7397
2378,13173.799
2379,8639.647
2380,8308.971
2381,4175.9297
2382,9575.281
2383,6354.4966
2384,7880.6377
2385,8159.043
2386,10373.286
2387,6008.7046
2388,9073.253
2389,2688.855
2390,10694.082
2391,6378.5986
2392,11768.045
2393,11541.127
2394,8052.032
2395,14476.857
2396,12862.163
2397,4854.4814
2398,5478.46
2399,6604.709
2400,6452.088
2401,6583.256
2402,14874.935
2403,10736.7295
2404,14436.913
2405,5384.8984
2406,7381.749
2407,12102.477
2408,8521.8955
2409,10759.579
2410,6673.435
2411,12737.194
2412,12752.777
2413,11029.635
2414,8559.097
2415,6619.991
2416,9900.725
2417,11620.687
2418,10609.921
2419,6443.355
2420,6234.6973
2421,14914.882
2422,10229.4
2423,6331.9834
2424,7468.1978
2425,8136.1885
2426,6899.3525
2427,6422.058
2428,5528.7188
2429,10606.936
2430,4943.3345
2431,14154.661
2432,10637.816
2433,8826.091
2434,6125.5405
2435,6844.6025
2436,11064.995
2437,10526.292
2438,5104.7427
2439,13347.545
2440,8105.709
2441,10225.294
2442,5263.216
2443,7543.561
2444,12648.905
2445,10745.488
2446,9734.531
2447,7339.0933
2448,12252.449
2449,12139.863
2450,5812.878
2451,11161.97
2452,7004.4824
2453,5909.081
2454,8191.621
2455,4507.0845
2456,7999.6797
2457,10205.32
2458,5834.4307
2459,11088.596
2460,10538.1455
2461,9735.915
2462,8834.387
2463,10660.211
2464,5662.5254
2465,7735.1177
2466,6677.8857
2467,10387.216
2468,8393.113
2469,12803.158
2470,7176.442
2471,6336.146
2472,7406.9272
2473,8322.629
2474,15000.733
2475,8136.103
2476,10620.228
2477,10661.991
2478,7913.3345
2479,6707.301
2480,7192.436
2481,8375.88
2482,8749.325
2483,4654.904
2484,10252.53
2485,13582.564
2486,14330.351
2487,7761.8193
2488,5436.7725
2489,8221.239
2490,6178.705
2491,6583.7207
2492,7467.77
2493,6272.0
2494,6232.432
2495,6668.707
2496,13898.047
2497,11032.728
2498,10452.569
2499,14599.679
2500,7280.153
2501,8713.142
2502,7192.045
2503,8515.232
2504,5466.3447
2505,11147.4795
2506,10038.59
2507,6197.4453
2508,6881.0957
2509,8927.341
2510,6149.3784
2511,7407.7754
2512,13676.783
2513,6345.926
2514,7617.4175
2515,8389.968
2516,5540.592
2517,6915.402
2518,6329.737
2519,13311.885
2520,6221.0166
2521,5685.8955
2522,11688.792
2523,6541.968
2524,11174.528
2525,6403.2134
2526,8133.1777
2527,6473.33
2528,10724.151
2529,11150.266
2530,6254.2812
2531,10518.183
2532,9438.438
2533,5209.8506
2534,14007.7
2535,6677.618
2536,7650.1753
2537,7675.9834
2538,6942.644
2539,7869.0107
2540,5869.7754
2541,6546.868
2542,7287.5586
2543,4362.31
2544,6871.4478
2545,8614.338
2546,11795.475
2547,7205.9497
2548,8875.526
2549,10481.301
2550,8163.2544
2551,6007.364
2552,6130.392
2553,12159.47
2554,7980.696
2555,6887.8066
2556,10973.31
2557,10353.429
2558,6023.044
2559,5442.215
2560,7968.222
2561,9435.63
2562,8056.0728
2563,7221.5615
2564,8585.228
2565,11103.783
2566,10550.414
2567,11157.872
2568,4718.2173
2569,12090.316
2570,8105.5776
2571,9893.561
2572,13188.923
2573,11790.099
2574,12579.523
2575,8975.596
2576,6638.233
2577,4716.2734
2578,7401.7153
2579,5239.9077
2580,10241.428
2581,5810.062
2582,5872.8613
2583,8424.135
2584,6614.544
2585,8971.762
2586,6691.7153
2587,9812.339
2588,5893.18
2589,7929.5107
2590,5796.5444
2591,9207.305
2592,6045.5376
2593,11938.523
2594,5809.624
2595,7928.2554
2596,8107.951
2597,7601.472
2598,6103.1284
2599,5414.1006
2600,7182.201
2601,5096.438
2602,7582.348
2603,7658.0674
2604,7465.4487
2605,11418.5
2606,8969.023
2607,10172.552
2608,7697.3257
2609,6206.2
2610,11322.6
2611,4517.367
2612,7380.0596
2613,9056.213
2614,9965.042
2615,6435.9106
2616,4456.8804
2617,5009.127
2618,10224.611
2619,6159.023
2620,6856.2725
2621,9750.067
2622,6473.8735
2623,9103.54
2624,13163.148
2625,10088.578
2626,10190.187
2627,7207.4067
2628,6286.77
2629,9894.089
2630,7368.377
2631,7287.941
2632,6300.102
2633,9936.92
2634,12507.922
2635,6552.328
2636,7896.6416
2637,13588.759
2638,6465.697
2639,5867.7544
2640,5808.0947
2641,7335.097
2642,6264.5503
2643,7419.3364
2644,6967.913
2645,4515.6094
2646,7769.5967
2647,5758.674
2648,12775.116
2649,9768.413
2650,14235.146
2651,8576.675
2652,5220.571
2653,12801.399
2654,8936.899
2655,5709.199
2656,12873.884
2657,10356.412
2658,10500.933
2659,7709.111
2660,7942.3027
2661,10251.22
2662,5944.3
2663,6825.3447
2664,4964.5044
2665,6463.841
2666,6179.306
2667,12117.179
2668,5396.653
2669,4678.202
2670,8587.922
2671,8737.95
2672,6231.1304
2673,7821.1743
2674,5685.9717
2675,11323.637
2676,10219.415
2677,9552.486
2678,6205.3477
2679,4745.6875
2680,7670.897
2681,5765.6206
2682,8563.073
2683,10051.61
2684,6321.706
2685,7280.3887
2686,5228.2104
2687,13141.711
2688,4386.432
2689,7987.9917
2690,9592.521
2691,10393.955
2692,5326.518
2693,8041.027
2694,6643.522
2695,7951.171
2696,9368.054
2697,5473.3306
2698,7577.533
2699,10007.454
2700,7068.125
2701,6175.329
2702,9497.841
2703,9937.45
2704,10564.108
2705,9694.033
2706,6501.7144
2707,4417.9766
2708,9647.987
2709,7949.783
2710,9498.067
2711,9320.124
2712,4405.5664
2713,9364.712
2714,9689.106
2715,8967.758
2716,5705.7964
2717,10167.46
2718,3984.3389
2719,10595.46
2720,10367.016
2721,6204.531
2722,12365.82
2723,3852.5427
2724,8825.78
2725,9120.183
2726,6797.3564
2727,9757.259
2728,8566.333
2729,5367.099
2730,12162.659
2731,5335.0303
2732,5804.5117
2733,4794.0796
2734,5923.0474
2735,9589.438
2736,5856.6216
2737,10469.681
2738,12857.797
2739,9850.916
2740,4810.162
2741,10197.945
2742,10067.787
2743,4298.0728
2744,4918.252
2745,10318.659
2746,6289.583
2747,10105.383
2748,7633.091
2749,7117.9316
2750,6189.6177
2751,8142.337
2752,8134.171
2753,5744.081
2754,5650.9355
2755,5160.796
2756,10558.226
2757,10559.958
2758,6180.6206
2759,9557.872
2760,9663.312
2761,4350.55
2762,10631.821
2763,3852.4326
2764,5827.5674
2765,4335.292
2766,6170.925
2767,7244.825
2768,7048.81
2769,11884.107
2770,27698.639
2771,8445.833
2772,6401.6074
2773,9588.917
2774,10397.307
2775,12908.383
2776,6686.3306
2777,10086.558
2778,7390.957
2779,6331.8804
2780,4589.1294
2781,10132.783
2782,5597.798
2783,5271.174
2784,10165.113
2785,7027.4487
2786,5430.548
2787,10110.251
2788,7456.61
2789,4399.2417
2790,10528.551
2791,10378.274
2792,10810.394
2793,7671.2554
2794,6411.6533
2795,13035.877
2796,8316.931
2797,8312.292
2798,7112.089
2799,11317.407
2800,6180.9805
2801,7371.3643
2802,12724.846
2803,5672.0503
2804,7285.7866
2805,9017.624
2806,4423.4375
2807,5810.012
2808,12267.756
2809,7793.9487
2810,7281.396
2811,9180.962
2812,8580.512
2813,6174.717
2814,8034.9014
2815,14010.052
2816,4689.7114
2817,6441.272
2818,5070.061
2819,11328.725
2820,5678.373
2821,6068.196
2822,6866.999
2823,10557.521
2824,5508.1904
2825,16393.488
2826,12800.252
2827,5376.8916
2828,7213.741
2829,5816.161
2830,10165.918
2831,13380.557
2832,5151.884
2833,4625.276
2834,7493.992
2835,6820.822
2836,10170.194
2837,5415.8154
2838,6117.3604
2839,4792.2827
2840,7665.0825
2841,4701.285
2842,6680.4976
2843,10431.426
2844,12841.853
2845,6191.767
2846,12729.482
2847,8013.5635
2848,10273.203
2849,5408.299
2850,5960.367
2851,10621.696
2852,5138.613
2853,8887.174
2854,6160.069
2855,5905.244
2856,6455.862
2857,5025.3984
2858,7048.3125
2859,13415.915
2860,7603.3286
2861,6455.8184
2862,10738.594
2863,9770.128
2864,6153.4214
2865,5836.2285
2866,10201.049
2867,12913.16
2868,8643.102
2869,10213.081
2870,8229.681
2871,7400.0425
2872,10471.828
2873,6245.6787
2874,6336.8105
2875,9070.511
2876,12568.935
2877,5878.965
2878,7021.2983
2879,4210.3926
2880,7077.077
2881,5958.236
2882,5113.1147
2883,7848.637
2884,7829.6387
2885,5550.6104
2886,14430.401
2887,4934.1577
2888,8205.846
2889,12552.366
2890,6826.608
2891,6630.7593
2892,5545.0225
2893,6998.4053
2894,10590.015
2895,5641.4463
2896,8211.89
2897,10367.826
2898,8014.2437
2899,6657.077
2900,5801.7993
2901,10071.014
2902,8049.7056
2903,11875.179
2904,12203.863
2905,7749.385
2906,10330.988
2907,4888.841
2908,7850.2544
2909,6016.5557
2910,10384.532
2911,7448.471
2912,14140.277
2913,13447.569
2914,10859.843
2915,6368.404
2916,7017.703
2917,7453.396
2918,6525.596
2919,10166.567
2920,10812.91
2921,5161.4604
2922,9751.63
2923,7205.7227
2924,6956.883
2925,10129.4
2926,8022.993
2927,10449.12
2928,10059.532
2929,13122.047
2930,10831.365
2931,4723.7607
2932,12591.347
2933,10418.241
2934,12850.661
2935,6533.8364
2936,5987.753
2937,10391.636
2938,5391.045
2939,6896.7275
2940,7382.6504
2941,11912.966
2942,8007.986
2943,4582.8213
2944,7348.409
2945,5302.4243
2946,5254.092
2947,10741.246
2948,7203.1665
2949,5682.8433
2950,6171.5137
2951,13496.5625
2952,6686.822
2953,10350.013
2954,5708.856
2955,8632.186
2956,7585.972
2957,7393.178
2958,8125.9976
2959,10285.576
2960,13163.099
2961,6628.451
2962,8458.247
2963,4278.6914
2964,6368.6465
2965,9359.462
2966,5743.4565
2967,7836.8633
2968,6178.098
2969,5553.0996
2970,7140.4937
2971,10941.435
2972,8550.619
2973,6446.6562
2974,10040.486
2975,9643.801
2976,10596.945
2977,13440.863
2978,10463.691
2979,7133.571
2980,10785.862
2981,7441.3984
2982,6773.688
2983,10502.114
2984,8316.765
2985,5889.612
2986,10995.562
2987,8190.8086
2988,14486.125
2989,6471.873
2990,6381.9336
2991,8170.615
2992,10732.45
2993,10126.918
2994,14190.86
2995,8177.3047
2996,7567.017
2997,10366.977
2998,4468.2583
2999,10472.646
3000,10379.354
3001,7324.876
3002,25642.031
3003,7243.7886
3004,5152.8076
3005,12764.52
3006,7042.1436
3007,7399.9297
3008,5059.167
3009,13999.513
3010,6709.3867
3011,5510.7495
3012,10044.451
3013,7831.7896
3014,7414.024
3015,6316.6973
3016,8226.723
3017,12287.968
3018,10923.584
3019,14672.839
3020,10501.563
3021,4689.2417
3022,9368.706
3023,14302.522
3024,6746.626
3025,7900.1597
3026,6179.7603
3027,7041.9624
3028,6069.342
3029,11496.918
3030,9169.184
3031,7148.126
3032,10222.847
3033,4797.0347
3034,5491.4243
3035,6528.3105
3036,7078.2383
3037,8201.151
3038,5230.7593
3039,9965.517
3040,9255.96
3041,7843.1294
3042,9759.25
3043,7891.2583
3044,7875.9263
3045,7150.2124
3046,5634.9336
3047,11826.734
3048,6609.8896
3049,6908.4995
3050,13593.088
3051,6530.6025
3052,10691.726
3053,10808.384
3054,5775.5396
3055,4850.7227
3056,10414.396
3057,5138.0005
3058,8220.62
3059,4653.2305
3060,9776.961
3061,13368.044
3062,7987.458
3063,8673.689
3064,6368.416
3065,6911.195
3066,8656.284
3067,6394.101
3068,14140.979
3069,11601.097
3070,9852.522
3071,10550.484
3072,6041.7617
3073,6444.9717
3074,5547.4136
3075,6308.9116
3076,5716.8936
3077,8537.727
3078,9717.917
3079,10253.264
3080,8061.553
3081,11203.897
3082,9849.835
3083,5671.9043
3084,10850.524
3085,6000.423
3086,6382.6943
3087,7432.723
3088,4182.6274
3089,8348.618
3090,8534.942
3091,15404.324
3092,5897.3525
3093,6810.329
3094,5949.11
3095,5901.331
3096,5566.336
3097,10146.457
3098,8304.851
3099,9325.228
3100,10589.419
3101,5635.3794
3102,12205.435
3103,5567.7695
3104,10712.099
3105,7935.9346
3106,10992.625
3107,5446.229
3108,6644.504
3109,7284.946
3110,5547.7627
3111,7308.6924
3112,11787.209
3113,7642.0366
3114,5727.4766
3115,10967.722
3116,6608.8115
3117,4679.3315
3118,9034.084
3119,7010.705
3120,6350.667
3121,5055.5103
3122,5805.824
3123,12755.611
3124,6127.1826
3125,5892.9556
3126,8013.8384
3127,10616.724
3128,5662.9194
3129,8155.4644
3130,8903.403
3131,10680.016
3132,4765.693
3133,11665.305
3134,6107.2744
3135,8736.208
3136,14895.847
3137,6255.0986
3138,6780.9214
3139,7793.1387
3140,10425.368
3141,6282.7295
3142,8462.193
3143,7845.292
3144,8251.791
3145,10549.73
3146,4930.3374
3147,5389.5435
3148,8395.275
3149,4709.2695
3150,13658.546
3151,6646.469
3152,6968.864
3153,7594.0444
3154,10822.02
3155,11069.745
3156,8757.941
3157,4644.9375
3158,7171.741
3159,5116.247
3160,6487.429
3161,8046.1133
3162,10157.302
3163,14258.449
3164,8626.621
3165,12505.895
3166,11773.311
3167,8409.917
3168,10649.511
3169,14583.355
3170,7357.5825
3171,6996.4365
3172,5623.7437
3173,8077.5776
3174,7452.9556
3175,9326.117
3176,5713.159
3177,11770.6045
3178,10807.445
3179,10825.53
3180,5463.676
3181,9349.933
3182,4792.036
3183,14860.698
3184,9917.774
3185,10911.963
3186,10056.961
3187,6599.0293
3188,6314.1313
3189,4468.3096
3190,6578.7554
3191,5203.0967
3192,5003.4824
3193,11085.371
3194,12024.067
3195,11335.253
3196,13966.0
3197,12845.159
3198,2838.2126
3199,10625.871
3200,4800.193
3201,15268.718
3202,7641.6577
3203,9289.09
3204,13787.925
3205,9522.649
3206,8378.477
3207,11734.601
3208,10253.048
3209,12046.6455
3210,4818.699
3211,6383.614
3212,8067.3916
3213,11410.149
3214,13587.151
3215,11532.775
3216,7834.307
3217,6626.7065
3218,7345.557
3219,6255.26
3220,8349.933
3221,10333.423
3222,5993.7817
3223,5193.9824
3224,6733.6655
3225,9769.783
3226,6353.6055
3227,10615.296
3228,6699.4746
3229,10237.531
3230,11248.847
3231,10369.695
3232,5923.392
3233,7339.9053
3234,13359.3
3235,8760.264
3236,8424.722
3237,4234.216
3238,9708.838
3239,6442.5254
3240,7991.398
3241,8272.445
3242,10517.461
3243,6092.6704
3244,9199.343
3245,2751.9197
3246,10843.51
3247,6468.201
3248,11934.221
3249,11702.568
3250,8244.703
3251,14683.269
3252,13043.202
3253,4923.645
3254,5553.433
3255,6759.3022
3256,6542.7046
3257,6737.8867
3258,15088.402
3259,10886.806
3260,14639.194
3261,5461.117
3262,7552.964
3263,12270.868
3264,8722.096
3265,11011.178
3266,6829.2583
3267,12917.546
3268,12931.179
3269,11182.791
3270,8680.277
3271,6776.4087
3272,10038.025
3273,11779.072
3274,10756.85
3275,6534.79
3276,6380.436
3277,15122.922
3278,10369.241
3279,6480.373
3280,7643.655
3281,8249.674
3282,6995.5225
3283,6509.899
3284,5604.749
3285,10753.558
3286,5013.8833
3287,14350.127
3288,10787.117
3289,8949.523
3290,6269.434
3291,6939.44
3292,11219.51
3293,10672.745
3294,5176.706
3295,13525.634
3296,8219.867
3297,10465.937
3298,5337.0303
3299,7648.497
3300,12825.695
3301,10895.376
3302,9869.621
3303,7441.221
3304,12427.6455
3305,12309.386
3306,5895.0806
3307,11422.301
3308,7101.819
3309,5988.1816
3310,8304.739
3311,4569.804
3312,8111.7803
3313,10346.727
3314,5915.3296
3315,11243.419
3316,10685.66
3317,9870.986
3318,8956.799
3319,10810.466
3320,5740.937
3321,7916.724
3322,6769.3994
3323,10533.0
3324,8589.503
3325,12974.925
3326,7275.988
3327,6427.169
3328,7509.2324
3329,8439.673
3330,15211.363
3331,8326.574
3332,10768.224
3333,10812.456
3334,8023.827
3335,6800.145
3336,7292.099
3337,8572.945
3338,8871.438
3339,4763.3022
3340,10395.125
3341,13771.142
3342,14529.156
3343,7944.947
3344,5511.6694
3345,8335.753
3346,6326.4653
3347,6675.472
3348,7571.4644
3349,6359.1772
3350,6324.776
3351,6826.5103
3352,14093.061
3353,11185.725
3354,10597.107
3355,14804.227
3356,7380.0103
3357,8918.422
3358,7292.572
3359,8634.449
3360,5543.9697
3361,11301.356
3362,10276.212
3363,6283.8384
3364,6977.909
3365,9138.303
3366,6234.834
3367,7511.6753
3368,13854.955
3369,6434.278
3370,7722.608
3371,8587.733
3372,5616.3887
3373,7012.0693
3374,6417.68
3375,13498.095
3376,6307.221
3377,5817.404
3378,11851.43
3379,6634.1562
3380,11331.102
3381,6493.218
3382,8243.696
3383,6563.7876
3384,10872.767
3385,11304.332
3386,6401.601
3387,10661.838
3388,9660.049
3389,5282.383
3390,14202.423
3391,6770.4067
3392,7755.9434
3393,7783.274
3394,7040.4106
3395,7977.2715
3396,5953.8726
3397,6637.758
3398,7458.5376
3399,4421.4546
3400,6967.2153
3401,8733.643
3402,11960.451
3403,7307.4443
3404,8998.619
3405,10627.3
3406,8351.23
3407,6147.537
3408,6214.659
3409,12324.951
3410,8091.2876
3411,6984.695
3412,11126.119
3413,10598.604
3414,6107.904
3415,5569.0605
3416,8079.581
3417,9566.673
3418,8243.9
3419,7390.196
3420,8704.387
3421,11261.503
3422,10697.387
3423,11313.436
3424,4786.0244
3425,8612.521
3426,5771.5137
3427,7045.53
3428,9397.989
3429,8396.765
3430,8952.5625
3431,6391.3696
3432,4727.9126
3433,3328.2275
3434,5272.4814
3435,3732.2332
3436,7294.2344
3437,4138.0093
3438,4142.816
3439,5999.2383
3440,4667.131
3441,6388.45
3442,4766.1387
3443,6989.473
3444,4197.724
3445,5648.2305
3446,4128.019
3447,6558.118
3448,4265.7563
3449,8504.567
3450,4137.729
3451,5594.051
3452,5775.0986
3453,5412.9956
3454,4346.559
3455,3819.6855
3456,5115.6274
3457,3629.5269
3458,5400.324
3459,5403.653
3460,5317.538
3461,8131.7427
3462,6387.792
3463,7240.742
3464,5431.7236
3465,4380.3066
3466,8062.2607
3467,3217.0793
3468,5207.9526
3469,6446.9023
3470,7096.5713
3471,4584.881
3472,3174.181
3473,3568.877
3474,7282.0347
3475,4387.3906
3476,4884.417
3477,6943.737
3478,4611.839
3479,6423.5713
3480,9376.144
3481,7186.6143
3482,7259.1084
3483,5085.5894
3484,4478.0938
3485,7048.1846
3486,5247.916
3487,5142.516
3488,4488.55
3489,7076.719
3490,8909.868
3491,4666.463
3492,5570.6753
3493,9677.238
3494,4604.314
3495,4180.1265
3496,4135.8
3497,5224.1772
3498,4461.6357
3499,5234.877
3500,4917.131
3501,3216.3857
3502,5534.074
3503,4102.538
3504,9098.896
3505,6893.117
3506,10138.65
3507,6107.6006
3508,3718.3809
3509,9118.234
3510,6308.0635
3511,4028.426
3512,9169.611
3513,7377.906
3514,7478.669
3515,5490.9683
3516,5657.375
3517,7305.3677
3518,4234.329
3519,4815.01
3520,3536.5183
3521,4561.238
3522,4400.669
3523,8629.073
3524,3806.9575
3525,3331.4834
3526,6061.826
3527,6165.9883
3528,4396.4062
3529,5570.452
3530,4050.0764
3531,8062.6763
3532,7279.4863
3533,6740.625
3534,4378.7607
3535,3380.165
3536,5462.055
3537,4068.1975
3538,6098.7754
3539,7159.712
3540,4502.83
3541,5185.488
3542,3689.0564
3543,9362.149
3544,3124.373
3545,5636.804
3546,6830.4634
3547,7401.2847
3548,3793.425
3549,5671.1685
3550,4687.8374
3551,5662.741
3552,6671.271
3553,3898.4058
3554,5398.6143
3555,7128.7485
3556,4987.1294
3557,4357.835
3558,6763.675
3559,7078.285
3560,7524.6616
3561,6905.574
3562,4588.3022
3563,3147.8284
3564,6806.6665
3565,5662.9683
3566,6703.0156
3567,6638.0806
3568,3137.3176
3569,6671.08
3570,6838.8667
3571,6328.493
3572,4025.9788
3573,7243.0146
3574,2837.579
3575,7546.087
3576,7384.2915
3577,4418.832
3578,8804.332
3579,2744.3218
3580,6286.08
3581,6436.322
3582,4841.187
3583,6948.527
3584,6101.8535
3585,3822.3975
3586,8658.729
3587,3800.0386
3588,4133.6343
3589,3383.1038
3590,4221.114
3591,6830.19
3592,4130.623
3593,7456.809
3594,9157.48
3595,7017.0938
3596,3424.425
3597,7264.712
3598,7171.707
3599,3061.828
3600,3503.8713
3601,7349.026
3602,4437.9043
3603,7198.112
3604,5436.5854
3605,5069.1035
3606,4408.6772
3607,5799.0605
3608,5793.571
3609,4090.6665
3610,3986.8708
3611,3675.6099
3612,7520.321
3613,7521.11
3614,4402.159
3615,6808.5107
3616,6881.995
3617,3099.2793
3618,7572.9233
3619,2743.9343
3620,4150.688
3621,3088.0085
3622,4395.844
3623,5159.275
3624,4970.612
3625,8465.664
3626,19724.857
3627,5959.5884
3628,4559.472
3629,6829.701
3630,7404.879
3631,9193.668
3632,4763.3887
3633,7184.647
3634,5265.3496
3635,4467.3975
3636,3237.0188
3637,7217.4644
3638,3949.5667
3639,3752.779
3640,7240.328
3641,4957.983
3642,3832.277
3643,7202.225
3644,5261.0625
3645,3104.674
3646,7495.987
3647,7390.9995
3648,7700.351
3649,5463.363
3650,4566.7104
3651,9287.424
3652,5869.2266
3653,5920.1104
3654,5065.8936
3655,8059.9927
3656,4402.848
3657,5248.5063
3658,9063.531
3659,4041.073
3660,5140.2896
3661,6423.1426
3662,3151.2385
3663,4137.658
3664,8737.217
3665,5550.4673
3666,5186.5664
3667,6538.269
3668,6110.899
3669,4356.9746
3670,5722.0596
3671,9974.3125
3672,3339.8237
3673,4587.313
3674,3611.1228
3675,8067.507
3676,4044.7136
3677,4322.6274
3678,4890.343
3679,7519.525
3680,3923.1582
3681,11678.173
3682,9116.608
3683,3828.6924
3684,5138.0835
3685,4143.6265
3686,7240.9355
3687,9530.618
3688,3633.4658
3689,3294.3586
3690,5337.112
3691,4812.769
3692,7242.7246
3693,3855.8186
3694,4315.7925
3695,3412.1445
3696,5458.68
3697,3348.335
3698,4757.8804
3699,7429.725
3700,9146.918
3701,4409.4385
3702,9065.347
3703,5708.012
3704,7316.3433
3705,3851.6313
3706,4206.1772
3707,7565.8193
3708,3659.6208
3709,6330.063
3710,4386.499
3711,4206.117
3712,4598.204
3713,3578.1218
3714,5019.9707
3715,9557.38
3716,5414.927
3717,4598.1514
3718,7647.8555
3719,6893.038
3720,4381.857
3721,4156.401
3722,7266.3545
3723,9199.193
3724,6154.407
3725,7274.808
3726,5861.5845
3727,5270.666
3728,7458.545
3729,4448.008
3730,4514.567
3731,6400.502
3732,8951.308
3733,4187.5337
3734,5001.922
3735,2999.6213
3736,4994.1133
3737,4243.674
3738,3640.877
3739,5589.9116
3740,5575.779
3741,3916.1624
3742,10179.695
3743,3514.614
3744,5844.813
3745,8942.561
3746,4861.882
3747,4722.346
3748,3912.1487
3749,4984.766
3750,7543.1147
3751,4017.9565
3752,5849.208
3753,7385.1646
3754,5654.079
3755,4696.8433
3756,4093.8674
3757,7105.2812
3758,5733.0464
3759,8457.731
3760,8692.572
3761,5469.886
3762,7358.2
3763,3481.2192
3764,5591.677
3765,4284.965
3766,7396.197
3767,5307.297
3768,10069.659
3769,9578.816
3770,7737.331
3771,4536.055
3772,4996.996
3773,5308.831
3774,4647.867
3775,7242.0894
3776,7701.4893
3777,3640.783
3778,6945.32
3779,5131.7847
3780,4954.669
3781,7214.773
3782,5713.3174
3783,7443.656
3784,7164.5625
3785,9347.169
3786,7713.7593
3787,3333.2063
3788,8967.476
3789,7420.214
3790,9155.192
3791,4610.379
3792,4265.712
3793,7403.17
3794,3803.9155
3795,4912.3677
3796,5259.0303
3797,8484.329
3798,5649.1357
3799,3263.411
3800,5185.532
3801,3776.7834
3802,3742.0476
3803,7650.934
3804,5082.922
3805,4046.651
3806,4354.7266
3807,9526.155
3808,4762.0806
3809,7372.1025
3810,4065.385
3811,6147.9653
3812,5402.9673
3813,5265.4253
3814,5789.019
3815,7326.672
3816,9376.0625
3817,4676.386
3818,5967.2393
3819,3047.8713
3820,4538.5874
3821,6666.1123
3822,4051.85
3823,5581.3555
3824,4401.2944
3825,3954.9805
3826,5038.6465
3827,7795.5996
3828,6090.538
3829,4591.6953
3830,7151.372
3831,6869.2
3832,7548.059
3833,9573.364
3834,7452.479
3835,5031.543
3836,7685.7197
3837,5301.489
3838,4825.3135
3839,7479.682
3840,5868.1406
3841,4155.2476
3842,7829.5264
3843,5778.096
3844,10318.886
3845,4609.719
3846,4503.1094
3847,5818.9414
3848,7644.552
3849,7213.294
3850,10106.24
3851,5823.128
3852,5391.158
3853,7382.6294
3854,3151.9812
3855,7458.6943
3856,7393.841
3857,5216.4194
3858,18264.006
3859,5160.658
3860,3670.004
3861,9093.379
3862,5016.39
3863,5270.2188
3864,3602.6826
3865,9968.217
3866,4734.5557
3867,3924.7603
3868,7086.682
3869,5578.332
3870,5231.1934
3871,4498.945
3872,5859.5327
3873,8752.472
3874,7780.09
3875,10454.653
3876,7478.897
3877,3338.0144
3878,6672.213
3879,10187.951
3880,4760.2
3881,5627.0435
3882,4401.685
3883,5015.519
3884,4323.015
3885,8187.536
3886,6531.176
3887,5091.506
3888,7212.881
3889,3417.122
3890,3910.2607
3891,4649.632
3892,5042.127
3893,5786.59
3894,3724.9453
3895,7098.1216
3896,6526.449
3897,5533.5146
3898,6952.637
3899,5620.7295
3900,5609.407
3901,5045.533
3902,3975.766
3903,8421.861
3904,4707.334
3905,4921.316
3906,9678.992
3907,4652.165
3908,7615.4272
3909,7698.339
3910,4074.5513
3911,3455.7354
3912,7419.4565
3913,3625.2534
3914,5799.918
3915,3284.6023
3916,6897.7803
3917,9523.603
3918,5690.35
3919,6178.1157
3920,4535.06
3921,4921.87
3922,6108.731
3923,4555.116
3924,9973.799
3925,8263.786
3926,6952.233
3927,7515.696
3928,4302.1787
3929,4590.9507
3930,3951.5188
3931,4492.8936
3932,4071.474
3933,6080.9194
3934,6856.037
3935,7301.975
3936,5742.2188
3937,7979.4326
3938,7013.481
3939,4040.6914
3940,7728.466
3941,4234.0625
3942,4504.046
3943,5244.788
3944,2978.7258
3945,5943.744
3946,6079.1333
3947,10973.121
3948,4160.685
3949,4851.107
3950,4237.3877
3951,4203.302
3952,3928.532
3953,7228.8804
3954,5914.173
3955,6643.1606
3956,7544.2734
3957,4014.4587
3958,8692.423
3959,3965.0325
3960,7556.2207
3961,5650.833
3962,7828.8394
3963,3879.3938
3964,4733.084
3965,5189.1396
3966,3914.9148
3967,5155.9985
3968,8398.23
3969,5446.489
3970,4040.9768
3971,7812.5557
3972,4663.6504
3973,3300.8042
3974,6374.8213
3975,4993.165
3976,4523.261
3977,3566.7124
3978,4134.778
3979,9085.594
3980,4321.8853
3981,4196.7354
3982,5707.228
3983,7563.6763
3984,4033.4246
3985,5808.7046
3986,6341.9985
3987,7606.433
3988,3394.399
3989,8308.946
3990,4348.94
3991,6222.649
3992,10609.607
3993,4454.789
3994,4784.6733
3995,5551.6113
3996,7424.5396
3997,4433.7197
3998,6027.3604
3999,5588.3496
4000,5875.4385
4001,7444.167
4002,3511.2996
4003,3838.5078
4004,5978.7246
4005,3322.362
4006,9725.307
4007,4734.7905
4008,4963.5713
4009,5409.8984
4010,7708.486
4011,7885.209
4012,6237.326
4013,3308.1587
4014,5107.86
4015,3644.2405
4016,4620.844
4017,5676.932
4018,7234.8467
4019,10155.364
4020,6145.6377
4021,8910.582
4022,8307.893
4023,5989.987
4024,7586.754
4025,10382.204
4026,5191.471
4027,4982.874
4028,4004.2854
4029,5698.8125
4030,5309.206
4031,6641.9507
4032,4069.5327
4033,8383.801
4034,7696.371
4035,7713.2295
4036,3891.7847
4037,6659.465
4038,3412.3398
4039,10590.024
4040,6997.4307
4041,7773.0728
4042,7164.426
4043,4699.568
4044,4496.4565
4045,3182.519
4046,4642.9927
4047,3671.1736
4048,3530.2253
4049,7896.3853
4050,8562.755
4051,8072.6177
4052,9949.087
4053,9145.959
4054,2002.316
4055,7566.678
4056,3418.9185
4057,10877.973
4058,5392.048
4059,6615.459
4060,9821.205
4061,6783.697
4062,5912.43
4063,8361.138
4064,7302.56
4065,8578.622
4066,3431.387
4067,4547.618
4068,5745.621
4069,8126.796
4070,9676.749
4071,8137.0884
4072,5578.6567
4073,4720.3735
4074,5231.9067
4075,4455.401
4076,5947.6064
4077,7360.306
4078,4269.0415
4079,3664.099
4080,4796.371
4081,6959.4844
4082,4525.3716
4083,7561.332
4084,4772.2344
4085,7227.3013
4086,7938.516
4087,7387.5884
4088,4215.814
4089,5227.9507
4090,9515.857
4091,6240.522
4092,6000.789
4093,3015.5454
4094,6915.468
4095,4589.0684
4096,5691.881
4097,5891.4043
4098,7492.5703
4099,4338.73
4100,6552.7783
4101,1941.6454
4102,7723.153
4103,4605.6226
4104,8499.191
4105,8333.853
4106,5816.078
4107,10455.251
4108,9287.938
4109,3506.3591
4110,3955.8408
4111,4768.7944
4112,4659.942
4113,4754.369
4114,10738.716
4115,7754.0205
4116,10423.927
4117,3889.8064
4118,5331.413
4119,8739.717
4120,6154.19
4121,7769.3223
4122,4819.6416
4123,9202.361
4124,9207.577
4125,7964.5977
4126,6181.3755
4127,4780.896
4128,7150.0967
4129,8391.993
4130,7662.2827
4131,4654.0737
4132,4500.786
4133,10775.97
4134,7386.1157
4135,4572.5425
4136,5393.663
4137,5874.9736
4138,4982.855
4139,4637.0176
4140,3991.8218
4141,7658.1035
4142,3570.9373
4143,10220.74
4144,7684.4224
4145,6374.171
4146,4424.1465
4147,4942.4717
4148,7991.352
4149,7601.617
4150,3686.71
4151,9637.016
4152,5853.874
4153,7384.714
4154,3802.2976
4155,5448.609
4156,9132.413
4157,7760.924
4158,7029.695
4159,5299.593
4160,8849.5
4161,8765.68
4162,4198.7695
4163,8058.9473
4164,5057.715
4165,4265.781
4166,5913.299
4167,3254.0227
4168,5776.845
4169,7369.9653
4170,4213.0723
4171,8008.047
4172,7609.9595
4173,7029.433
4174,6378.9756
4175,7696.5693
4176,4090.0657
4177,5585.6157
4178,4821.7017
4179,7502.1025
4180,6060.3696
4181,9246.096
4182,5183.0054
4183,4576.7886
4184,5347.788
4185,6010.94
4186,10834.361
4187,5875.052
4188,7670.0776
4189,7698.9775
4190,5713.6553
4191,4842.7896
4192,5196.2173
4193,6049.6562
4194,6319.5117
4195,3362.2295
4196,7403.9326
4197,9809.035
4198,10349.568
4199,5606.984
4200,3925.4902
4201,5938.1514
4202,4462.789
4203,4755.099
4204,5392.7627
4205,4529.038
4206,4500.408
4207,4815.887
4208,10034.952
4209,7967.5
4210,7546.7925
4211,10544.781
4212,5255.7705
4213,6292.037
4214,5194.4233
4215,6150.6807
4216,3948.109
4217,8049.5674
4218,7249.7397
4219,4475.8345
4220,4969.6543
4221,6447.271
4222,4441.22
4223,5349.201
4224,9871.814
4225,4582.935
4226,5499.874
4227,6061.2827
4228,4000.7537
4229,4994.1367
4230,4570.903
4231,9609.92
4232,4492.2637
4233,4106.4536
4234,8442.168
4235,4724.7207
4236,8070.955
4237,4624.579
4238,5872.6987
4239,4675.026
4240,7744.094
4241,8050.9263
4242,4517.1343
4243,7593.7905
4244,6816.542
4245,3762.992
4246,10117.032
4247,4822.194
4248,5523.769
4249,5543.2983
4250,5014.0938
4251,5682.0845
4252,4239.7407
4253,4728.616
4254,5262.4478
4255,3148.6333
4256,4962.8804
4257,6222.6074
4258,8520.14
4259,5204.3823
4260,6409.996
4261,7569.71
4262,5894.67
4263,4337.7534
4264,4426.9663
4265,8782.106
4266,5763.8228
4267,4975.2085
4268,7925.798
4269,7476.8433
4270,4349.3545
4271,3929.5027
4272,5754.144
4273,6814.1045
4274,5816.727
4275,5214.8027
4276,6200.857
4277,8020.728
4278,7619.961
4279,8057.487
4280,3407.4639
4281,8732.243
4282,5851.6353
4283,7145.5425
4284,9528.445
4285,8516.158
4286,9085.533
4287,6483.575
4288,4793.4077
4289,3374.4946
4290,5345.202
4291,3783.956
4292,7396.084
4293,4195.4424
4294,4200.6685
4295,6082.602
4296,4731.486
4297,6476.832
4298,4832.5913
4299,7086.5337
4300,4255.9937
4301,5726.379
4302,4185.581
4303,6649.1704
4304,4325.036
4305,8622.509
4306,4195.282
4307,5671.482
4308,5855.488
4309,5491.005
4310,4407.672
4311,3872.9268
4312,5186.8433
4313,3680.7185
4314,5474.8394
4315,5479.2803
4316,5390.6646
4317,8246.559
4318,6477.394
4319,7346.8115
4320,5506.8403
4321,4441.1313
4322,8175.004
4323,3262.4585
4324,5280.8013
4325,6540.826
4326,7194.6455
4327,4648.204
4328,3217.73
4329,3618.7646
4330,7383.693
4331,4448.907
4332,4951.5127
4333,7041.566
4334,4674.91
4335,6514.2534
4336,9503.704
4337,7286.4814
4338,7359.7373
4339,5156.8247
4340,4540.3843
4341,7144.4453
4342,5321.6074
4343,5214.0815
4344,4549.918
4345,7177.4277
4346,9030.732
4347,4732.0317
4348,5649.82
4349,9812.769
4350,4667.901
4351,4237.032
4352,4194.218
4353,5296.742
4354,4524.0337
4355,5308.3247
4356,4984.552
4357,3262.225
4358,5610.5576
4359,4158.142
4360,9224.806
4361,6989.053
4362,10279.888
4363,6194.4785
4364,3769.5596
4365,9249.315
4366,6393.9365
4367,4084.6812
4368,9297.058
4369,7479.0684
4370,7583.5415
4371,5567.005
4372,5733.965
4373,7403.7915
4374,4293.119
4375,4883.313
4376,3586.0085
4377,4624.9053
4378,4462.24
4379,8749.05
4380,3860.8977
4381,3377.902
4382,6143.9907
4383,6251.9434
4384,4458.6064
4385,5646.8403
4386,4106.916
4387,8174.5205
4388,7380.8057
4389,6835.143
4390,4439.835
4391,3427.494
4392,5538.415
4393,4124.6104
4394,6183.587
4395,7256.7964
4396,4565.604
4397,5256.944
4398,3740.6235
4399,9489.501
4400,3166.7104
4401,5714.7456
4402,6926.7036
4403,7505.9385
4404,3846.8103
4405,5749.6836
4406,4753.0312
4407,5741.885
4408,6765.3457
4409,3952.729
4410,5473.1533
4411,7228.411
4412,5057.2227
4413,4417.943
4414,6858.169
4415,7175.949
4416,7629.0513
4417,7002.2446
4418,4650.7764
4419,3192.1274
4420,6903.2627
4421,5741.359
4422,6798.6533
4423,6731.283
4424,3181.059
4425,6763.326
4426,6928.95
4427,6415.8315
4428,4080.8606
4429,7343.2104
4430,2877.634
4431,7652.35
4432,7485.863
4433,4480.739
4434,8928.072
4435,2782.8113
4436,6373.2163
4437,6523.5303
4438,4908.831
4439,7044.1587
4440,6185.793
4441,3876.0461
4442,8780.851
4443,3852.8184
4444,4191.706
4445,3430.2024
4446,4278.7485
4447,6925.369
4448,4189.5356
4449,7560.5967
4450,9280.394
4451,7114.8774
4452,3472.8308
4453,7364.723
4454,7271.9634
4455,3105.3315
4456,3552.5286
4457,7452.095
4458,4499.6143
4459,7297.227
4460,5512.9995
4461,5140.378
4462,4470.356
4463,5880.1426
4464,5874.0376
4465,4148.309
4466,4042.118
4467,3727.028
4468,7624.643
4469,7626.054
4470,4462.6914
4471,6902.2095
4472,6977.4834
4473,3141.948
4474,7678.4805
4475,2781.7124
4476,4208.405
4477,3130.9072
4478,4457.025
4479,5231.353
4480,5041.906
4481,8584.221
4482,19999.07
4483,6042.171
4484,4623.357
4485,6924.365
4486,7508.2373
4487,9321.235
4488,4829.3657
4489,7283.966
4490,5337.3003
4491,4530.1357
4492,3282.0872
4493,7316.902
4494,4003.0823
4495,3805.625
4496,7338.4844
4497,5027.6904
4498,3885.5713
4499,7302.1284
4500,5335.025
4501,3147.8074
4502,7601.871
4503,7493.4136
4504,7806.4775
4505,5539.5825
4506,4630.5425
4507,9416.921
4508,5951.062
4509,6003.4453
4510,5136.4565
4511,8174.661
4512,4463.598
4513,5322.633
4514,9194.001
4515,4097.0747
4516,5213.6484
4517,6512.9175
4518,3195.3357
4519,4194.174
4520,8857.116
4521,5628.847
4522,5255.179
4523,6631.278
4524,6195.9736
4525,4417.547
4526,5802.386
4527,10114.524
4528,3385.984
4529,4651.5396
4530,3661.6672
4531,8182.9146
4532,4101.0864
4533,4383.333
4534,4958.8105
4535,7624.6357
4536,3977.8867
4537,11840.357
4538,9239.316
4539,3881.87
4540,5209.4185
4541,4200.4077
4542,7342.125
4543,9664.27
4544,3683.4758
4545,3340.786
4546,5411.2505
4547,4880.021
4548,7344.7095
4549,3909.634
4550,4376.272
4551,3459.9246
4552,5534.037
4553,3394.046
4554,4824.1953
4555,7533.315
4556,9273.748
4557,4470.8633
4558,9192.02
4559,5786.595
4560,7417.879
4561,3906.3796
4562,4264.0884
4563,7670.4214
4564,3710.0476
4565,6418.0107
4566,4446.871
4567,4264.4097
4568,4662.4497
4569,3629.2222
4570,5090.2437
4571,9689.393
4572,5490.445
4573,4662.0137
4574,7754.782
4575,6988.333
4576,4443.589
4577,4215.054
4578,7367.421
4579,9328.572
4580,6239.992
4581,7376.6255
4582,5943.6367
4583,5343.984
4584,7562.284
4585,4509.8496
4586,4576.9717
4587,6488.2773
4588,9073.625
4589,4246.1924
4590,5070.4673
4591,3040.5354
4592,5063.29
4593,4302.343
4594,3692.2812
4595,5667.9507
4596,5653.5073
4597,3970.1494
4598,10322.065
4599,3563.213
4600,5926.472
4601,9066.004
4602,4929.74
4603,4787.4854
4604,3966.103
4605,5053.071
4606,7647.6294
4607,4074.9438
4608,5930.572
4609,7489.2905
4610,5732.6636
4611,4762.1304
4612,4151.329
4613,7205.276
4614,5813.632
4615,8575.08
4616,8813.793
4617,5546.9004
4618,7460.409
4619,3529.9358
4620,5669.097
4621,4344.006
4622,7498.8975
4623,5379.79
4624,10210.091
4625,9710.301
4626,7843.4663
4627,4599.0156
4628,5067.4453
4629,5383.6504
4630,4711.9565
4631,7341.712
4632,7809.24
4633,3691.7917
4634,7042.8354
4635,5203.146
4636,5023.8267
4637,7315.4365
4638,5792.576
4639,7546.533
4640,7263.5063
4641,9475.98
4642,7822.189
4643,3379.3235
4644,9092.615
4645,7524.7983
4646,9284.768
4647,4674.794
4648,4325.259
4649,7505.4087
4650,3856.7197
4651,4980.3364
4652,5332.0845
4653,8603.203
4654,5728.985
4655,3310.5044
4656,5256.723
4657,3830.088
4658,3794.1128
4659,7756.602
4660,5153.25
4661,4102.691
4662,4415.516
4663,9657.083
4664,4828.7393
4665,7475.4385
4666,4123.2456
4667,6231.98
4668,5477.8325
4669,5338.955
4670,5866.529
4671,7427.7056
4672,9508.709
4673,4741.407
4674,6050.6255
4675,3090.2925
4676,4601.2056
4677,6758.6963
4678,4108.8164
4679,5659.4097
4680,4462.4697
4681,4010.3672
4682,5109.2295
4683,7900.2954
4684,6175.323
4685,4655.2373
4686,7250.1963
4687,6965.2153
4688,7653.562
4689,9709.597
4690,7555.608
4691,5103.9297
4692,7789.884
4693,5374.2046
4694,4892.3906
4695,7585.502
4696,5950.1826
4697,4212.6943
4698,7940.462
4699,5859.8794
4700,10459.211
4701,4673.528
4702,4565.787
4703,5899.845
4704,7751.1514
4705,7313.9644
4706,10249.6455
4707,5907.464
4708,5464.619
4709,7485.827
4710,3195.0583
4711,7564.441
4712,7495.3076
4713,5289.3457
4714,18515.277
4715,5231.877
4716,3720.1301
4717,9217.857
4718,5086.307
4719,5344.2793
4720,3653.137
4721,10102.203
4722,4800.335
4723,3980.3652
4724,7183.7153
4725,5656.0693
4726,5305.222
4727,4562.522
4728,5941.936
4729,8873.824
4730,7889.0757
4731,10598.856
4732,7583.759
4733,3386.1648
4734,6764.823
4735,10330.378
4736,4826.4966
4737,5705.2686
4738,4462.981
4739,5085.7734
4740,4383.63
4741,8304.177
4742,6622.896
4743,5163.524
4744,7313.2246
4745,3464.631
4746,3964.9531
4747,4715.0635
4748,5112.198
4749,5866.904
4750,3777.0933
4751,7196.3545
4752,6619.271
4753,5610.8843
4754,7049.6235
4755,5699.5195
4756,5688.0815
4757,5115.9053
4758,4032.4207
4759,8540.822
4760,4773.4316
4761,4989.4375
4762,9814.987
4763,4716.6333
4764,7721.7607
4765,7806.5444
4766,4131.7974
4767,3503.1997
4768,7520.357
4769,3675.7642
4770,5881.904
4771,3330.1172
4772,6994.6016
4773,9654.375
4774,5770.0386
4775,6264.0186
4776,4602.009
4777,4990.5654
4778,6193.3975
4779,4617.447
4780,10116.569
4781,8376.255
4782,7049.926
4783,7619.278
4784,4362.5513
4785,4655.2593
4786,4006.8262
4787,4554.4165
4788,4129.957
4789,6165.477
4790,6952.5444
4791,7404.1797
4792,5821.706
4793,8091.481
4794,7112.767
4795,4094.9531
4796,7835.6523
4797,4293.8765
4798,4566.192
4799,5317.9233
4800,3020.7915
4801,6031.501
4802,6165.1533
4803,11125.748
4804,4218.992
4805,4917.595
4806,4296.8184
4807,4261.665
4808,3984.9128
4809,7329.6074
4810,5997.4873
4811,6734.6934
4812,7646.7466
4813,4069.6997
4814,8815.045
4815,4020.7249
4816,7661.91
4817,5730.1543
4818,7938.2056
4819,3933.538
4820,4797.602
4821,5261.238
4822,3969.6685
4823,5226.874
4824,8512.513
4825,5521.5566
4826,4097.7666
4827,7920.81
4828,4728.58
4829,3347.4055
4830,6463.983
4831,5062.4497
4832,4585.8477
4833,3616.0144
4834,4191.942
4835,9212.355
4836,4382.0996
4837,4255.429
4838,5787.2964
4839,7667.9927
4840,4089.2815
4841,5891.0054
4842,6430.5845
4843,7711.545
4844,3441.579
4845,8425.798
4846,4409.7915
4847,6309.8086
4848,10758.225
4849,4517.462
4850,4850.6953
4851,5626.893
4852,7529.1846
4853,4494.857
4854,6110.3394
4855,5665.7993
4856,5957.5767
4857,7548.995
4858,3558.203
4859,3891.9258
4860,6065.233
4861,3368.6152
4862,9869.452
4863,4799.9917
4864,5033.6167
4865,5485.0376
4866,7816.342
4867,7993.1055
4868,6325.126
4869,3352.4387
4870,5179.116
4871,3695.2517
4872,4685.647
4873,5756.455
4874,7335.3633
4875,10298.465
4876,6230.702
4877,9034.325
4878,8420.536
4879,6072.8394
4880,7691.506
4881,10531.232
4882,5263.371
4883,5052.8784
4884,4060.3235
4885,5779.717
4886,5382.8594
4887,6735.136
4888,4125.8027
4889,8502.354
4890,7804.594
4891,7818.154
4892,3945.259
4893,6752.9805
4894,3459.7893
4895,10736.7295
4896,7093.7153
4897,7880.728
4898,7263.3057
4899,4764.62
4900,4559.102
4901,3226.475
4902,4706.297
4903,3721.9475
4904,3579.071
4905,8006.4126
4906,8687.823
4907,8185.373
4908,10085.153
4909,9274.783
4910,2030.3658
4911,7673.0703
4912,3466.479
4913,11026.773
4914,5467.5386
4915,6707.6016
4916,9959.265
4917,6876.0767
4918,5993.393
4919,8476.338
4920,7403.8833
4921,8700.493
4922,3479.257
4923,4610.893
4924,5826.161
4925,8241.645
4926,9811.421
4927,8250.186
4928,5658.411
4929,4785.787
4930,5305.065
4931,4516.4365
4932,6029.43
4933,7462.124
4934,4328.6064
4935,3714.492
4936,4863.1206
4937,7056.068
4938,4588.6084
4939,7665.4917
4940,4838.2324
4941,7321.342
4942,8046.8345
4943,7489.5547
4944,4277.006
4945,5300.25
4946,9650.684
4947,6327.5938
4948,6083.536
4949,3057.6975
4950,7010.2773
4951,4653.0083
4952,5771.2715
4953,5974.0103
4954,7594.8555
4955,4400.031
4956,6643.5537
4957,1968.611
4958,7830.684
4959,4671.041
4960,8618.718
4961,8453.609
4962,5896.537
4963,10605.166
4964,9418.564
4965,3554.4744
4966,4011.599
4967,4835.9854
4968,4725.2754
4969,4820.8555
4970,10900.739
4971,7861.329
4972,10570.236
4973,3943.1106
4974,5403.906
4975,8863.192
4976,6239.6885
4977,7878.0376
4978,4886.6865
4979,9329.676
4980,9337.323
4981,8075.9062
4982,6268.1426
4983,4847.8735
4984,7250.1343
4985,8508.153
4986,7766.7812
4987,4719.4146
4988,4563.018
4989,10915.814
4990,7487.955
4991,4636.3984
4992,5468.78
4993,5957.73
4994,5052.2275
4995,4702.196
4996,4047.7012
4997,7765.707
4998,3620.094
4999,10359.029
5000,7789.8765
5001,6462.947
5002,4484.9805
5003,5011.5786
5004,8100.43
5005,7708.427
5006,3737.9946
5007,9770.79
5008,5934.8955
5009,7487.6123
5010,3855.3552
5011,5523.743
5012,9261.241
5013,7867.48
5014,7125.7505
5015,5373.5947
5016,8972.917
5017,8886.428
5018,4257.0127
5019,8173.0396
5020,5127.6353
5021,4324.925
5022,5996.7036
5023,3300.1873
5024,5857.3647
5025,7472.3374
5026,4271.848
5027,8119.1724
5028,7715.3115
5029,7128.2656
5030,6468.2134
5031,7807.721
5032,4148.0
5033,5663.784
5034,4888.85
5035,7606.3604
5036,6147.256
5037,9374.149
5038,5254.588
5039,4641.0005
5040,5423.5386
5041,6093.955
5042,10986.693
5043,5957.372
5044,7777.5522
5045,7807.7734
5046,5794.5933
5047,4910.203
5048,5266.9067
5049,6134.0947
5050,6405.4004
5051,3407.8572
5052,7507.12
5053,9945.89
5054,10489.32
5055,5681.5425
5056,3980.0159
5057,6019.8223
5058,4525.2725
5059,4820.957
5060,5467.711
5061,4592.392
5062,4561.965
5063,4882.9404
5064,10179.744
5065,8078.0786
5066,7651.4014
5067,10686.067
5068,5328.6323
5069,6380.613
5070,5266.259
5071,6235.625
5072,4002.8953
5073,8162.3125
5074,7351.045
5075,4537.8687
5076,5037.94
5077,6536.9033
5078,4502.83
5079,5424.2886
5080,10008.323
5081,4646.777
5082,5577.183
5083,6143.112
5084,4054.897
5085,5063.696
5086,4634.6963
5087,9743.309
5088,4555.0464
5089,4164.394
5090,8559.056
5091,4790.985
5092,8182.337
5093,4688.6113
5094,5954.759
5095,4739.969
5096,7852.2837
5097,8163.675
5098,4579.4307
5099,7700.373
5100,6911.0566
5101,3815.5012
5102,10256.755
5103,4890.1934
5104,5601.446
5105,5620.558
5106,5083.9307
5107,5761.3823
5108,4298.815
5109,4793.2705
5110,5336.425
5111,3192.8127
5112,5031.5767
5113,6307.7505
5114,8636.813
5115,5277.2964
5116,6499.6616
5117,7675.6104
5118,5977.43
5119,4398.302
5120,4487.3726
5121,8903.582
5122,5843.347
5123,5043.83
5124,8034.4795
5125,7581.4224
5126,4410.2964
5127,3984.7227
5128,5834.336
5129,6910.2456
5130,5898.3203
5131,5287.288
5132,6285.6904
5133,8132.3867
5134,7725.857
5135,8170.5376
5136,3457.7666
5137,8854.549
5138,5933.5312
5139,7244.542
5140,9659.699
5141,8631.469
5142,9206.953
5143,6572.3516
5144,4860.695
5145,3453.5405
5146,5419.9287
5147,3837.131
5148,7569.7964
5149,4254.037
5150,4298.8726
5151,6225.623
5152,4842.9326
5153,6568.9546
5154,4900.2466
5155,7185.394
5156,4315.3804
5157,5806.8374
5158,4243.8926
5159,6742.181
5160,4427.0
5161,8742.443
5162,4253.6357
5163,5805.043
5164,5937.132
5165,5565.359
5166,4468.7275
5167,3964.6882
5168,5258.4033
5169,3731.3218
5170,5551.6694
5171,5607.1924
5172,5466.0317
5173,8360.108
5174,6628.445
5175,7449.338
5176,5635.6807
5177,4545.385
5178,8289.34
5179,3307.5024
5180,5403.916
5181,6691.7217
5182,7295.313
5183,4713.3276
5184,3263.4453
5185,3703.9653
5186,7557.547
5187,4510.4863
5188,5021.642
5189,7140.671
5190,4740.1816
5191,6666.996
5192,9634.415
5193,7388.1235
5194,7459.84
5195,5277.669
5196,4603.4224
5197,7312.018
5198,5395.711
5199,5336.0835
5200,4614.017
5201,7276.751
5202,9158.913
5203,4797.2773
5204,5780.213
5205,9951.402
5206,4778.2925
5207,4296.6094
5208,4252.309
5209,5370.131
5210,4586.6875
5211,5431.9414
5212,5101.7344
5213,3308.9226
5214,5688.44
5215,4256.018
5216,9352.189
5217,7152.6133
5218,10421.79
5219,6278.973
5220,3822.5068
5221,9374.382
5222,6543.3784
5223,4179.672
5224,9426.023
5225,7583.621
5226,7688.865
5227,5645.2896
5228,5814.841
5229,7506.1963
5230,4352.891
5231,4996.6
5232,3636.368
5233,4733.2554
5234,4523.93
5235,8872.69
5236,3951.515
5237,3424.706
5238,6288.893
5239,6398.14
5240,4563.2227
5241,5728.094
5242,4203.474
5243,8290.375
5244,7483.1
5245,6994.635
5246,4544.1406
5247,3475.1174
5248,5615.328
5249,4221.6167
5250,6270.08
5251,7361.956
5252,4630.595
5253,5330.9604
5254,3828.59
5255,9623.477
5256,3212.0593
5257,5848.979
5258,7021.995
5259,7610.105
5260,3900.1802
5261,5884.8276
5262,4864.03
5263,5822.0835
5264,6923.5063
5265,4008.3936
5266,5548.837
5267,7328.265
5268,5175.353
5269,4521.713
5270,6953.287
5271,7278.1255
5272,7735.7227
5273,7097.235
5274,4760.2456
5275,3237.1177
5276,7066.1973
5277,5821.9893
5278,6957.593
5279,6824.3354
5280,3225.204
5281,6855.8867
5282,7092.5654
5283,6568.0527
5284,4178.4443
5285,7516.3125
5286,2945.0615
5287,7758.348
5288,7591.104
5289,4543.0054
5290,9052.715
5291,2821.2888
5292,6462.275
5293,6673.435
5294,4976.903
5295,7144.8403
5296,6273.041
5297,3928.9067
5298,8904.933
5299,3906.7373
5300,4249.811
5301,3510.988
5302,4338.904
5303,7021.4795
5304,4287.868
5305,7665.638
5306,9415.395
5307,7214.271
5308,3553.1523
5309,7465.8545
5310,7371.266
5311,3148.0627
5312,3601.9094
5313,7555.9106
5314,4605.201
5315,7401.101
5316,5589.816
5317,5211.8438
5318,4532.7983
5319,5961.5215
5320,5956.2866
5321,4206.4824
5322,4137.4453
5323,3778.8628
5324,7731.9014
5325,7733.1187
5326,4525.6694
5327,6998.152
5328,7076.672
5329,3185.8423
5330,7785.0557
5331,2820.7075
5332,4267.421
5333,3174.4292
5334,4518.1943
5335,5304.382
5336,5161.219
5337,8702.162
5338,20283.088
5339,6184.177
5340,4687.3457
5341,7021.1846
5342,7612.994
5343,9452.456
5344,4895.1543
5345,7386.919
5346,5412.1387
5347,4636.018
5348,3359.4434
5349,7419.188
5350,4098.4155
5351,3894.7559
5352,7443.7837
5353,5144.508
5354,3976.957
5355,7404.8647
5356,5459.586
5357,3221.726
5358,7708.1255
5359,7602.4146
5360,7917.1094
5361,5669.1997
5362,4694.5317
5363,9640.978
5364,6088.9985
5365,6086.9316
5366,5207.799
5367,8285.427
5368,4526.952
5369,5397.4097
5370,9319.119
5371,4152.4185
5372,5335.483
5373,6601.17
5374,3239.3203
5375,4253.1895
5376,8981.11
5377,5707.097
5378,5329.8726
5379,6722.64
5380,6284.084
5381,4521.247
5382,5882.88
5383,10257.176
5384,3433.6367
5385,4715.99
5386,3712.685
5387,8296.023
5388,4157.551
5389,4443.445
5390,5027.978
5391,7731.3633
5392,4033.2476
5393,12004.656
5394,9366.82
5395,3935.8804
5396,5281.592
5397,4258.036
5398,7443.954
5399,9802.9375
5400,3770.7356
5401,3386.7786
5402,5487.413
5403,4994.6084
5404,7446.9297
5405,4001.9026
5406,4478.6577
5407,3508.3967
5408,5611.5103
5409,3442.5117
5410,4939.215
5411,7639.085
5412,9400.373
5413,4576.1904
5414,9321.208
5415,5867.223
5416,7520.8945
5417,3959.4424
5418,4365.24
5419,7777.3076
5420,3797.4802
5421,6507.577
5422,4510.099
5423,4324.302
5424,4727.295
5425,3713.8223
5426,5161.037
5427,9822.507
5428,5566.92
5429,4726.8306
5430,7862.1914
5431,7153.5005
5432,4505.5713
5433,4272.932
5434,7469.188
5435,9456.956
5436,6325.2227
5437,7479.375
5438,6025.9175
5439,5418.6675
5440,7667.02
5441,4572.9526
5442,4640.708
5443,6641.6274
5444,9201.844
5445,4346.1904
5446,5141.3633
5447,3083.087
5448,5183.658
5449,4404.0073
5450,3743.5364
5451,5747.2764
5452,5732.9478
5453,4063.6946
5454,10563.182
5455,3612.818
5456,6008.1943
5457,9189.53
5458,4998.164
5459,4854.407
5460,4060.308
5461,5123.201
5462,7754.8115
5463,4131.2847
5464,6011.7373
5465,7592.1323
5466,5867.6987
5467,4874.4385
5468,4248.352
5469,7374.522
5470,5894.2764
5471,8697.266
5472,8934.965
5473,5678.053
5474,7563.597
5475,3612.37
5476,5748.329
5477,4446.1074
5478,7603.2344
5479,5454.87
5480,10354.852
5481,9848.06
5482,7951.125
5483,4707.123
5484,5137.471
5485,5457.8887
5486,4778.1787
5487,7513.3877
5488,7917.849
5489,3778.8772
5490,7140.596
5491,5276.295
5492,5141.721
5493,7418.091
5494,5873.6846
5495,7651.2627
5496,7365.6504
5497,9608.738
5498,7931.901
5499,3459.555
5500,9219.168
5501,7631.4385
5502,9409.945
5503,4784.5225
5504,4384.7544
5505,7609.7417
5506,3947.239
5507,5049.9004
5508,5406.504
5509,8723.103
5510,5864.347
5511,3388.1099
5512,5380.698
5513,3883.1184
5514,3883.548
5515,7864.9736
5516,5274.237
5517,4199.999
5518,4518.7334
5519,9881.696
5520,4895.3037
5521,7578.6104
5522,4219.5034
5523,6319.6865
5524,5554.5933
5525,5412.779
5526,5952.22
5527,7531.253
5528,9636.225
5529,4854.2314
5530,6193.167
5531,3133.4143
5532,4664.923
5533,6853.801
5534,4205.347
5535,5738.621
5536,4524.047
5537,4065.9124
5538,5228.5146
5539,8014.2896
5540,6261.1216
5541,4720.0
5542,7352.602
5543,7060.9155
5544,7760.0205
5545,9840.464
5546,7733.7676
5547,5223.0312
5548,7897.6284
5549,5450.049
5550,5006.581
5551,7689.8115
5552,6090.1255
5553,4311.595
5554,8050.266
5555,5996.6807
5556,10611.055
5557,4738.8076
5558,4673.2295
5559,5981.8047
5560,7858.615
5561,7415.261
5562,10390.902
5563,5989.3755
5564,5592.9624
5565,7588.404
5566,3270.9255
5567,7668.636
5568,7600.2324
5569,5363.2456
5570,18774.77
5571,5303.841
5572,3771.57
5573,9347.543
5574,5156.9233
5575,5418.2954
5576,3703.492
5577,10247.056
5578,4912.5034
5579,4034.606
5580,7352.9106
5581,5788.8037
5582,5427.9844
5583,4626.2905
5584,6024.314
5585,8997.28
5586,7998.558
5587,10747.159
5588,7688.3228
5589,3433.6792
5590,6859.5625
5591,10471.718
5592,4939.705
5593,5784.9507
5594,4525.242
5595,5204.3027
5596,4487.437
5597,8415.518
5598,6713.0933
5599,5233.2695
5600,7487.312
5601,3512.4287
5602,4020.2146
5603,4780.253
5604,5232.6206
5605,6004.6367
5606,3865.5964
5607,7297.7417
5608,6774.987
5609,5742.4814
5610,7146.585
5611,5778.4487
5612,5767.2983
5613,5236.9946
5614,4126.791
5615,8655.756
5616,4840.4204
5617,5057.927
5618,9952.75
5619,4782.739
5620,7829.1753
5621,7914.7764
5622,4228.307
5623,3552.7861
5624,7625.494
5625,3761.7178
5626,6019.202
5627,3408.306
5628,7157.5747
5629,9791.08
5630,5849.565
5631,6351.17
5632,4664.469
5633,5059.741
5634,6339.235
5635,4726.2397
5636,10351.987
5637,8495.261
5638,7213.9062
5639,7726.4463
5640,4422.741
5641,4719.748
5642,4062.5474
5643,4620.236
5644,4186.4355
5645,6251.2334
5646,7112.4824
5647,7506.898
5648,5902.924
5649,8280.766
5650,7213.989
5651,4193.458
5652,7944.6133
5653,4394.2466
5654,4673.033
5655,5442.3813
5656,3091.699
5657,6111.849
5658,6247.9727
5659,11280.271
5660,4317.8965
5661,4986.478
5662,4355.4824
5663,4320.9
5664,4076.4136
5665,7432.4185
5666,6080.7515
5667,6826.9917
5668,7752.571
5669,4126.614
5670,8935.007
5671,4076.8296
5672,7843.2046
5673,5808.7764
5674,8048.1626
5675,3987.9016
5676,4865.185
5677,5334.5977
5678,4062.5278
5679,5353.5195
5680,8628.489
5681,5596.549
5682,4193.71
5683,8032.0586
5684,4839.9263
5685,3426.3074
5686,6616.128
5687,5133.7188
5688,4693.959
5689,3701.1042
5690,4251.3843
5691,9341.51
5692,4485.648
5693,4314.5576
5694,5867.9785
5695,7774.511
5696,4146.6514
5697,5971.4697
5698,6519.8604
5699,7821.555
5700,3522.6091
5701,8542.321
5702,4471.2812
5703,6397.048
5704,10907.0
5705,4579.9546
5706,4965.6787
5707,5705.7095
5708,7633.2583
5709,4601.012
5710,6195.542
5711,5745.3413
5712,6040.252
5713,7724.862
5714,3608.5369
5715,3946.2224
5716,6147.6836
5717,3447.8555
5718,10003.094
5719,4866.819
5720,5103.662
5721,5562.2334
5722,7999.1533
5723,8181.9624
5724,6412.4727
5725,3431.0369
5726,5251.3657
5727,3746.4622
5728,4794.8115
5729,5891.241
5730,7437.517
5731,10443.511
5732,6314.2456
5733,9158.223
5734,8618.973
5735,6158.042
5736,7798.1055
5737,10673.569
5738,5387.5596
5739,5123.3037
5740,4154.9146
5741,5915.279
5742,5458.102
5743,6828.4053
5744,4183.226
5745,8699.954
5746,7913.123
5747,7929.9644
5748,4000.4636
5749,6845.9604
5750,3506.9111
5751,10889.018
5752,7262.904
5753,7989.8433
5754,7363.3887
5755,4830.983
5756,4622.8765
5757,3272.4204
5758,4817.596
5759,3809.6387
5760,3663.3093
5761,8117.9414
5762,8807.02
5763,8300.21
5764,10224.514
5765,9496.5
5766,2077.9482
5767,7779.429
5768,3514.53
5769,11179.934
5770,5596.271
5771,6801.501
5772,10093.044
5773,6974.5957
5774,6134.627
5775,8592.731
5776,7507.7
5777,8822.338
5778,3527.4785
5779,4675.124
5780,5907.7793
5781,8356.489
5782,9944.97
5783,8443.448
5784,5737.729
5785,4852.343
5786,5379.082
5787,4579.195
5788,6172.379
5789,7566.8804
5790,4389.454
5791,3803.4185
5792,4930.77
5793,7221.5684
5794,4696.776
5795,7774.6006
5796,4905.0166
5797,7494.264
5798,8237.581
5799,7594.001
5800,4334.1055
5801,5374.251
5802,9785.665
5803,6477.8823
5804,6167.9004
5805,3100.3618
5806,7110.1147
5807,4718.2085
5808,5852.071
5809,6057.7515
5810,7700.608
5811,4461.0654
5812,6735.5347
5813,2014.5153
5814,8014.618
5815,4735.4185
5816,8737.958
5817,8564.936
5818,6034.804
5819,10741.41
5820,9544.08
5821,3604.5906
5822,4066.9443
5823,4949.619
5824,4790.9116
5825,4933.88
5826,11045.572
5827,8046.6353
5828,10720.194
5829,3999.3418
5830,5531.731
5831,8985.386
5832,6386.4946
5833,8063.5684
5834,5001.0015
5835,9458.95
5836,9465.3125
5837,8189.0513
5838,6357.012
5839,4961.517
5840,7350.0215
5841,8627.09
5842,7876.9253
5843,4785.924
5844,4670.23
5845,11079.431
5846,7591.1113
5847,4745.2715
5848,5597.0024
5849,6040.5225
5850,5121.369
5851,4812.599
5852,4104.366
5853,7876.377
5854,3671.0125
5855,10505.17
5856,7897.5
5857,6552.647
5858,4590.71
5859,5080.8228
5860,8211.467
5861,7816.2676
5862,3790.1082
5863,9903.237
5864,6018.048
5865,7663.8765
5866,3908.605
5867,5601.211
5868,9390.328
5869,7978.466
5870,7228.8804
5871,5500.2417
5872,9182.564
5873,9101.118
5874,4315.3887
5875,8363.85
5876,5200.447
5877,4384.32
5878,6080.2817
5879,3346.3296
5880,5939.035
5881,7576.4565
5882,4371.887
5883,8232.609
5884,7824.4575
5885,7227.887
5886,6621.311
5887,7915.758
5888,4203.49
5889,5796.8984
5890,4957.3965
5891,7711.1553
5892,6288.317
5893,9504.393
5894,5329.1304
5895,4706.0723
5896,5549.594
5897,6181.511
5898,11140.284
5899,6097.653
5900,7885.2017
5901,7916.203
5902,5877.0415
5903,4979.016
5904,5390.0425
5905,6277.542
5906,6496.1973
5907,3487.8606
5908,7610.526
5909,10083.634
5910,10637.704
5911,5816.006
5912,4035.7722
5913,6103.291
5914,4630.7983
5915,4888.076
5916,5543.975
5917,4655.61
5918,4628.4053
5919,4998.3545
5920,10319.0625
5921,8191.7617
5922,7759.495
5923,10841.67
5924,5402.1533
5925,6530.559
5926,5338.512
5927,6322.629
5928,4058.5964
5929,8275.594
5930,7525.631
5931,4601.5874
5932,5109.6875
5933,6690.037
5934,4566.0396
5935,5551.415
5936,10147.86
5937,4711.548
5938,5654.2407
5939,6288.653
5940,4112.216
5941,5182.353
5942,4699.8457
5943,9879.906
5944,4617.861
5945,4261.685
5946,8678.522
5947,4856.7603
5948,8297.495
5949,4754.301
5950,6094.9316
5951,4805.989
5952,7961.089
5953,8278.555
5954,4687.265
5955,7808.362
5956,7072.886
5957,3904.7515
5958,10400.192
5959,4957.5386
5960,5679.527
5961,5698.829
5962,5154.6514
5963,5842.511
5964,4398.3857
5965,4860.0874
5966,5461.6953
5967,3237.2812
5968,5101.7344
5969,6393.2046
5970,8758.969
5971,5349.946
5972,6590.506
5973,7782.2197
5974,6116.8936
5975,4501.572
5976,4550.947
5977,9027.236
5978,5924.573
5979,5113.7393
5980,8146.1816
5981,7758.681
5982,4471.789
5983,4078.4282
5984,5916.069
5985,7005.418
5986,6039.238
5987,5411.736
5988,6373.66
5989,8244.608
5990,7833.0146
5991,8284.503
5992,3503.0024
5993,8976.828
5994,6017.164
5995,7344.6885
5996,9799.348
5997,8752.881
5998,9335.747
5999,6663.118
6000,4928.6167
6001,3501.519
6002,5494.6987
6003,3889.1238
6004,7674.6514
6005,4313.9814
6006,4359.419
6007,6312.114
6008,4910.456
6009,6661.943
6010,4968.0146
6011,7285.196
6012,4374.594
6013,5887.2866
6014,4303.402
6015,6836.1924
6016,4488.0146
6017,8864.0205
6018,4313.1377
6019,5885.647
6020,6019.8623
6021,5644.272
6022,4530.6284
6023,4019.5205
6024,5332.954
6025,3783.216
6026,5629.475
6027,5685.3154
6028,5542.278
6029,8474.729
6030,6721.6914
6031,7552.2144
6032,5713.819
6033,4608.585
6034,8400.657
6035,3354.0767
6036,5479.2383
6037,6783.121
6038,7396.3306
6039,4779.227
6040,3308.7363
6041,3755.5042
6042,7662.122
6043,4573.4937
6044,5090.5444
6045,7238.174
6046,4806.3877
6047,6756.653
6048,9769.755
6049,7490.119
6050,7564.362
6051,5351.1455
6052,4667.834
6053,7414.2217
6054,5470.512
6055,5411.0234
6056,4677.832
6057,7377.4346
6058,9288.709
6059,4865.06
6060,5863.0103
6061,10092.495
6062,4844.3647
6063,4357.1323
6064,4311.982
6065,5445.138
6066,4650.537
6067,5505.9893
6068,5172.8506
6069,3351.7385
6070,5768.63
6071,4315.3516
6072,9481.169
6073,7252.818
6074,10565.479
6075,6366.533
6076,3875.525
6077,9503.468
6078,6635.8906
6079,4238.508
6080,9553.333
6081,7688.8213
6082,7795.7705
6083,5722.8623
6084,5896.644
6085,7610.3228
6086,4413.844
6087,5066.464
6088,3687.22
6089,4799.3003
6090,4587.182
6091,8995.187
6092,4006.0925
6093,3472.5327
6094,6376.5244
6095,6486.6807
6096,4627.337
6097,5805.8184
6098,4261.624
6099,8403.703
6100,7587.6006
6101,7092.626
6102,4607.701
6103,3523.799
6104,5693.4014
6105,4280.0547
6106,6357.7095
6107,7463.7114
6108,4693.7036
6109,5405.4883
6110,3881.5
6111,9760.097
6112,3257.0195
6113,5930.7925
6114,7120.9194
6115,7716.077
6116,3954.641
6117,5966.499
6118,4930.9204
6119,5903.003
6120,7018.727
6121,4064.121
6122,5627.0596
6123,7430.8096
6124,5247.7104
6125,4584.4307
6126,7050.0806
6127,7378.8843
6128,7843.459
6129,7197.4185
6130,4826.7773
6131,3281.9182
6132,7164.781
6133,5901.8936
6134,7056.0073
6135,6919.1826
6136,3270.835
6137,6951.961
6138,7193.5405
6139,6660.8945
6140,4235.783
6141,7619.8447
6142,2985.2847
6143,7866.2344
6144,7695.652
6145,4606.387
6146,9173.53
6147,2860.7673
6148,6552.497
6149,6768.4243
6150,5046.5537
6151,7243.008
6152,6359.2075
6153,3984.1982
6154,9029.097
6155,3960.3452
6156,4308.923
6157,3559.4385
6158,4398.499
6159,7120.1655
6160,4347.401
6161,7774.867
6162,9543.671
6163,7314.341
6164,3603.023
6165,7570.2153
6166,7476.13
6167,3191.7498
6168,3651.9626
6169,7660.6167
6170,4669.4326
6171,7502.904
6172,5667.3506
6173,5284.8477
6174,4595.376
6175,6045.399
6176,6039.6123
6177,4265.1665
6178,4194.486
6179,3831.484
6180,7839.0835
6181,7840.347
6182,4588.3984
6183,7096.1924
6184,7174.245
6185,3230.3801
6186,7893.675
6187,2860.467
6188,4326.4185
6189,3218.8015
6190,4581.449
6191,5378.3276
6192,5231.762
6193,8823.33
6194,20567.629
6195,6270.379
6196,4751.807
6197,7119.2627
6198,7718.5576
6199,9584.656
6200,4963.5337
6201,7488.798
6202,5487.387
6203,4700.6396
6204,3406.3557
6205,7522.767
6206,4156.6826
6207,3949.013
6208,7546.1084
6209,5216.2603
6210,4031.9167
6211,7506.9126
6212,5535.6104
6213,3266.4758
6214,7815.8125
6215,7704.1855
6216,8028.673
6217,5747.9946
6218,4759.7915
6219,9771.135
6220,6174.6753
6221,6170.4365
6222,5280.2876
6223,8402.757
6224,4589.423
6225,5472.485
6226,9451.384
6227,4212.662
6228,5409.527
6229,6697.526
6230,3284.5806
6231,4311.92
6232,9107.439
6233,5786.38
6234,5403.184
6235,6815.762
6236,6370.7305
6237,4584.1113
6238,5965.0938
6239,10398.308
6240,3480.9568
6241,4781.8716
6242,3764.1802
6243,8412.693
6244,4215.7134
6245,4505.9883
6246,5097.478
6247,7838.1865
6248,4090.2412
6249,12169.981
6250,9499.48
6251,3990.6301
6252,5355.8228
6253,4318.473
6254,7547.0874
6255,9930.639
6256,3823.8052
6257,3433.9216
6258,5563.507
6259,5064.1787
6260,7550.2266
6261,4057.706
6262,4541.649
6263,3556.9946
6264,5689.666
6265,3491.6792
6266,5006.1943
6267,7744.8257
6268,9533.745
6269,4639.575
6270,9456.649
6271,5949.978
6272,7626.9487
6273,4015.221
6274,4424.999
6275,7885.7656
6276,3849.7434
6277,6598.4375
6278,4572.355
6279,4384.9556
6280,4792.8086
6281,3764.3455
6282,5233.3145
6283,9959.303
6284,5644.606
6285,4792.946
6286,7972.601
6287,7252.8594
6288,4568.1396
6289,4333.5474
6290,7573.3643
6291,9587.582
6292,6417.1167
6293,7583.1147
6294,6110.153
6295,5493.829
6296,7775.55
6297,4636.266
6298,4706.526
6299,6734.565
6300,9331.5625
6301,4405.768
6302,5213.4844
6303,3125.777
6304,5254.337
6305,4465.199
6306,3796.1218
6307,5826.4614
6308,5812.6562
6309,4119.707
6310,10711.169
6311,3663.1697
6312,6092.566
6313,9319.715
6314,5068.0977
6315,4921.687
6316,4116.274
6317,5193.0063
6318,7862.626
6319,4189.3438
6320,6097.333
6321,7697.502
6322,5949.649
6323,4942.175
6324,4307.6816
6325,7477.528
6326,5976.3184
6327,8816.163
6328,9063.281
6329,5755.1704
6330,7668.951
6331,3662.6384
6332,5828.1343
6333,4508.4736
6334,7708.861
6335,5531.7256
6336,10501.783
6337,9986.982
6338,8063.637
6339,4772.339
6340,5209.2046
6341,5533.678
6342,4843.2837
6343,7619.1323
6344,8028.7344
6345,3831.1987
6346,7240.314
6347,5348.823
6348,5213.325
6349,7522.437
6350,5955.866
6351,7757.223
6352,7466.9014
6353,9744.071
6354,8041.6787
6355,3507.3928
6356,9348.132
6357,7735.494
6358,9540.904
6359,4850.561
6360,4445.1787
6361,7715.952
6362,4002.7195
6363,5119.811
6364,5481.549
6365,8845.28
6366,5946.0293
6367,3434.685
6368,5455.8325
6369,3936.6538
6370,3936.8152
6371,7974.411
6372,5347.3086
6373,4255.681
6374,4581.4404
6375,10018.733
6376,4964.561
6377,7686.4673
6378,4278.671
6379,6406.28
6380,5631.763
6381,5488.345
6382,6034.3496
6383,7637.293
6384,9773.744
6385,4922.039
6386,6279.5005
6387,3176.9285
6388,4729.595
6389,6949.6006
6390,4264.7676
6391,5817.715
6392,4587.799
6393,4122.7695
6394,5301.9995
6395,8121.4106
6396,6348.5835
6397,4785.9424
6398,7454.6333
6399,7159.6235
6400,7867.262
6401,9977.548
6402,7841.1475
6403,5295.828
6404,8008.3296
6405,5526.578
6406,5075.9595
6407,7798.2915
6408,6174.5986
6409,4372.454
6410,8162.787
6411,6081.552
6412,10755.588
6413,4804.884
6414,4738.568
6415,6065.1924
6416,7968.1157
6417,7518.449
6418,10534.166
6419,6071.965
6420,5671.2876
6421,7696.041
6422,3316.4563
6423,7774.7563
6424,7705.685
6425,5437.758
6426,19035.865
6427,5378.7227
6428,3824.1882
6429,9478.8
6430,5228.664
6431,5493.457
6432,3755.583
6433,10392.845
6434,4981.149
6435,4090.651
6436,7456.774
6437,5869.8315
6438,5504.582
6439,4689.9844
6440,6108.4165
6441,9125.064
6442,8110.287
6443,10893.474
6444,7796.187
6445,3480.6514
6446,6954.9253
6447,10617.918
6448,5008.1426
6449,5865.55
6450,4588.3677
6451,5277.3467
6452,4548.421
6453,8535.382
6454,6807.4653
6455,5306.6646
6456,7590.1196
6457,3561.7551
6458,4075.9546
6459,4846.7544
6460,5304.898
6461,6088.552
6462,3919.9185
6463,7398.2075
6464,6870.5435
6465,5822.078
6466,7246.2764
6467,5859.119
6468,5848.081
6469,5309.591
6470,4182.304
6471,8778.908
6472,4907.3516
6473,5128.9365
6474,10092.004
6475,4849.1685
6476,7938.7354
6477,8024.0337
6478,4287.328
6479,3599.4949
6480,7730.648
6481,3814.3586
6482,6103.07
6483,3456.6157
6484,7257.2393
6485,9928.867
6486,5931.0356
6487,6439.712
6488,4730.173
6489,5130.3555
6490,6426.1206
6491,4792.0815
6492,10496.226
6493,8612.974
6494,7312.4087
6495,7833.119
6496,4484.5015
6497,4785.7324
6498,4119.0547
6499,4682.6714
6500,4244.01
6501,6339.12
6502,7212.2617
6503,7612.0215
6504,5985.469
6505,8397.045
6506,7310.5327
6507,4249.1543
6508,8055.6963
6509,4454.819
6510,4738.6357
6511,5517.9556
6512,3134.7478
6513,6197.12
6514,6339.247
6515,11436.57
6516,4378.1387
6517,5055.3516
6518,4417.0957
6519,4382.141
6520,4132.7275
6521,7534.393
6522,6164.7417
6523,6923.051
6524,7861.734
6525,4182.46
6526,9064.863
6527,4133.228
6528,7951.0947
6529,5890.578
6530,8160.9966
6531,4044.108
6532,4932.36
6533,5409.0576
6534,4119.141
6535,5426.214
6536,8752.1875
6537,5674.2744
6538,4251.9316
6539,8144.9697
6540,4906.5044
6541,3473.5762
6542,6708.094
6543,5204.958
6544,4758.9062
6545,3752.439
6546,4309.9546
6547,9471.525
6548,4548.7114
6549,4374.7236
6550,5949.7056
6551,7883.126
6552,4204.3765
6553,6053.9624
6554,6610.8604
6555,7926.539
6556,3571.4824
6557,8661.074
6558,4534.1777
6559,6486.266
6560,11060.437
6561,4643.653
6562,5033.895
6563,5785.1714
6564,7740.3574
6565,4664.576
6566,6281.8667
6567,5825.661
6568,6124.3315
6569,7832.4023
6570,3658.6575
6571,4001.3337
6572,6231.0293
6573,3496.379
6574,10139.686
6575,4934.581
6576,5173.7046
6577,5639.02
6578,8110.945
6579,8295.105
6580,6500.6353
6581,3479.0945
6582,5324.38
6583,3799.1467
6584,4862.0444
6585,5973.1387
6586,7540.6475
6587,10588.964
6588,6405.217
6589,9283.864
6590,8735.434
6591,6244.124
6592,7905.1797
6593,10826.057
6594,5462.409
6595,5194.3936
6596,4212.4653
6597,5997.327
6598,5533.393
6599,6925.0254
6600,4241.8403
6601,8822.001
6602,8022.6025
6603,8039.7
6604,4056.456
6605,6941.2866
6606,3557.6394
6607,11034.4
6608,7364.8213
6609,8100.6235
6610,7468.4614
6611,4899.438
6612,4686.7554
6613,3318.238
6614,4885.652
6615,3862.4082
6616,3714.003
6617,8230.827
6618,8927.298
6619,8415.036
6620,10365.296
6621,9620.943
6622,2106.9426
6623,7886.811
6624,3563.094
6625,11341.179
6626,5674.4526
6627,6895.951
6628,10237.98
6629,7068.9478
6630,6221.486
6631,8713.516
6632,7612.2974
6633,8945.154
6634,3577.5076
6635,4739.431
6636,5989.935
6637,8471.804
6638,10084.826
6639,8561.032
6640,5816.1
6641,4919.659
6642,5453.5693
6643,4642.125
6644,6257.796
6645,7670.97
6646,4450.703
6647,3856.5396
6648,5000.2334
6649,7321.6
6650,4761.6763
6651,7881.75
6652,4974.06
6653,7600.965
6654,8353.469
6655,7701.989
6656,4392.5283
6657,5448.7075
6658,9922.193
6659,6565.497
6660,6255.6353
6661,3143.2283
6662,7207.8057
6663,4783.596
6664,5932.694
6665,6141.7173
6666,7809.598
6667,4522.6357
6668,6829.4214
6669,2042.8032
6670,8125.7573
6671,4801.6904
6672,8860.251
6673,8689.762
6674,6119.928
6675,10897.163
6676,9679.952
6677,3654.3323
6678,4123.91
6679,5017.9404
6680,4857.2744
6681,5001.6504
6682,11203.267
6683,8158.078
6684,10871.854
6685,4053.3887
6686,5607.262
6687,9110.567
6688,6475.8623
6689,8175.846
6690,5071.1636
6691,9593.052
6692,9601.235
6693,8302.839
6694,6444.5537
6695,5030.3433
6696,7453.1543
6697,8747.882
6698,7987.588
6699,4851.329
6700,4736.521
6701,11225.268
6702,7698.17
6703,4811.4473
6704,5675.07
6705,6124.6177
6706,5192.863
6707,4879.49
6708,4161.11
6709,7985.013
6710,3721.5818
6711,10653.198
6712,8008.322
6713,6644.124
6714,4654.247
6715,5151.7017
6716,8330.952
6717,7925.7676
6718,3842.4058
6719,10041.837
6720,6101.4985
6721,7769.5005
6722,3963.7014
6723,5678.151
6724,9521.949
6725,8089.7446
6726,7328.0835
6727,5575.8906
6728,9310.795
6729,9231.222
6730,4376.2974
6731,8480.729
6732,5272.8887
6733,4445.959
6734,6165.365
6735,3391.9778
6736,6021.884
6737,7681.938
6738,4433.14
6739,8346.771
6740,7932.128
6741,7328.7544
6742,6712.613
6743,8028.137
6744,4262.9536
6745,5877.154
6746,5026.1514
6747,7820.9507
6748,6377.266
6749,9633.284
6750,5402.1377
6751,4771.6016
6752,5628.3315
6753,6266.8394
6754,11293.879
6755,6181.116
6756,7996.491
6757,8022.266
6758,5955.753
6759,5047.382
6760,5466.7876
6761,6365.7256
6762,6586.6978
6763,3537.3281
6764,7717.63
6765,10224.885
6766,10787.508
6767,5897.8926
6768,4091.9504
6769,6189.677
6770,4696.189
6771,4955.7515
6772,5621.4
6773,4721.648
6774,4689.962
6775,5068.0396
6776,10463.0625
6777,8305.23
6778,7864.1035
6779,10986.86
6780,5477.451
6781,6620.591
6782,5413.7905
6783,6410.0024
6784,4114.904
6785,8391.376
6786,7630.907
6787,4665.404
6788,5179.877
6789,6783.3477
6790,4629.1294
6791,5627.929
6792,10289.0
6793,4777.08
6794,5732.6636
6795,6375.849
6796,4169.128
6797,5254.7583
6798,4764.7476
6799,10019.153
6800,4682.22
6801,4321.003
6802,8798.909
6803,4925.5947
6804,8412.677
6805,4820.846
6806,6179.0293
6807,4873.002
6808,8071.555
6809,8392.897
6810,4751.8027
6811,7916.626
6812,7171.83
6813,3959.601
6814,10544.318
6815,5027.0625
6816,5759.212
6817,5777.9307
6818,5226.505
6819,5922.3867
6820,4461.691
6821,4927.723
6822,5537.348
6823,3282.6353
6824,5173.2554
6825,6485.2144
6826,8879.564
6827,5425.676
6828,6680.861
6829,7889.7305
6830,6202.223
6831,4563.897
6832,4614.189
6833,9153.141
6834,6007.2603
6835,5184.6323
6836,8258.854
6837,7866.1665
6838,4533.767
6839,4134.5806
6840,5997.8994
6841,7103.4653
6842,6122.381
6843,5486.8325
6844,6460.8145
6845,8359.71
6846,7941.591
6847,8400.129
6848,3552.8608
6849,9102.256
6850,6098.665
6851,7447.91
6852,9936.702
6853,8873.164
6854,9467.271
6855,6757.968
6856,4997.1772
6857,3550.252
6858,5571.903
6859,3944.1638
6860,7781.663
6861,4373.4844
6862,4419.949
6863,6399.7695
6864,4979.372
6865,6753.663
6866,5037.248
6867,7387.0527
6868,4435.826
6869,5969.9434
6870,4363.438
6871,6930.999
6872,4551.2505
6873,8988.026
6874,4373.364
6875,5967.0513
6876,6103.507
6877,5722.955
6878,4594.0874
6879,4076.0557
6880,5406.1587
6881,3835.8467
6882,5707.304
6883,5764.488
6884,5620.0757
6885,8592.944
6886,6815.19
6887,7657.3735
6888,5793.6924
6889,4672.868
6890,8522.806
6891,3400.291
6892,5555.2397
6893,6878.871
6894,7501.394
6895,4845.3677
6896,3355.2798
6897,3807.2373
6898,7769.0854
6899,4635.837
6900,5160.85
6901,7340.5703
6902,4873.653
6903,6851.801
6904,9907.848
6905,7595.2466
6906,7670.9043
6907,5425.7427
6908,4732.506
6909,7518.6787
6910,5546.837
6911,5485.859
6912,4742.6377
6913,7479.689
6914,9416.2295
6915,4931.974
6916,5943.614
6917,10229.088
6918,4913.108
6919,4417.0493
6920,4371.712
6921,5521.662
6922,4715.482
6923,5585.126
6924,5245.073
6925,3401.0015
6926,5849.2803
6927,4376.581
6928,9618.678
6929,7352.9736
6930,10714.715
6931,6456.2373
6932,3929.664
6933,9637.374
6934,6727.4126
6935,4297.458
6936,9689.051
6937,7795.495
6938,7904.3354
6939,5803.8306
6940,5978.029
6941,7718.904
6942,4474.8057
6943,5136.5938
6944,3738.4795
6945,4866.2617
6946,4650.6123
6947,9121.114
6948,4060.8154
6949,3520.4795
6950,6464.889
6951,6575.399
6952,4691.2417
6953,5887.556
6954,4320.1255
6955,8526.887
6956,7693.135
6957,7191.4277
6958,4671.2324
6959,3572.6614
6960,5771.844
6961,4339.951
6962,6445.802
6963,7566.2236
6964,4760.7676
6965,5480.3257
6966,3935.8015
6967,9892.919
6968,3302.272
6969,6013.211
6970,7220.8657
6971,7824.1665
6972,4008.6729
6973,6052.3916
6974,5000.4624
6975,5985.058
6976,7117.185
6977,4120.7134
6978,5704.8115
6979,7534.781
6980,5320.44
6981,4647.9116
6982,7148.9644
6983,7479.946
6984,7952.3765
6985,7298.1177
6986,4894.253
6987,3328.1736
6988,7264.1577
6989,5985.0864
6990,7150.697
6991,7015.294
6992,3316.1653
6993,7048.803
6994,7293.4624
6995,6752.343
6996,4295.5195
6997,7725.717
6998,3027.1929
6999,7975.94
7000,7803.492
7001,4670.6934
7002,9311.691
7003,2899.5725
7004,6643.0464
7005,6863.535
7006,5116.296
7007,7344.373
7008,6447.5293
7009,4040.6453
7010,9156.014
7011,4016.3547
7012,4369.34
7013,3609.3767
7014,4461.6104
7015,7218.5796
7016,4409.531
7017,7881.773
7018,9677.617
7019,7415.7637
7020,3653.5654
7021,7677.953
7022,7578.451
7023,3236.1018
7024,3703.2056
7025,7768.1147
7026,4734.181
7027,7608.334
7028,5745.8623
7029,5357.9023
7030,4659.684
7031,6129.094
7032,6122.7075
7033,4324.0215
7034,4253.3516
7035,3884.6597
7036,7947.8193
7037,7949.017
7038,4652.3296
7039,7195.5854
7040,7275.127
7041,3275.7593
7042,8002.763
7043,2899.6665
7044,4387.2104
7045,3263.7192
7046,4644.8667
7047,5452.7734
7048,5305.718
7049,8946.067
7050,20849.738
7051,6357.8916
7052,4818.7314
7053,7218.5728
7054,7825.801
7055,9717.286
7056,5033.1416
7057,7593.856
7058,5565.2266
7059,4766.3887
7060,3454.796
7061,7627.698
7062,4213.9404
7063,4004.289
7064,7651.686
7065,5288.8467
7066,4088.166
7067,7611.3896
7068,5613.32
7069,3312.3208
7070,7921.3315
7071,7812.6304
7072,8137.166
7073,5828.6846
7074,4826.538
7075,9907.791
7076,6260.781
7077,6256.596
7078,5353.984
7079,8519.636
7080,4652.9775
7081,5547.456
7082,9580.324
7083,4272.1865
7084,5483.2954
7085,6788.487
7086,3330.6287
7087,4371.499
7088,9235.493
7089,5866.7866
7090,5479.395
7091,6911.808
7092,6460.044
7093,4647.867
7094,6048.335
7095,10545.545
7096,3529.6934
7097,4848.461
7098,3816.5605
7099,8525.594
7100,4274.3306
7101,4568.0957
7102,5168.8457
7103,7947.4404
7104,4145.8086
7105,12340.242
7106,9633.928
7107,4046.6934
7108,5430.7085
7109,4377.704
7110,7652.284
7111,10073.214
7112,3877.0925
7113,3481.857
7114,5641.188
7115,5134.698
7116,7655.8545
7117,4114.68
7118,4604.722
7119,3606.4272
7120,5769.741
7121,3539.2148
7122,5076.9136
7123,7853.4824
7124,9666.344
7125,4704.7124
7126,9581.777
7127,6033.1353
7128,7733.369
7129,4070.348
7130,4486.097
7131,7996.308
7132,3903.7236
7133,6689.8584
7134,4636.6284
7135,4445.9165
7136,4859.953
7137,3818.0972
7138,5306.133
7139,10098.908
7140,5723.026
7141,4859.4897
7142,8084.0366
7143,7353.009
7144,4630.666
7145,4394.389
7146,7678.3633
7147,9722.274
7148,6506.0566
7149,7688.1685
7150,6195.329
7151,5570.548
7152,7881.6978
7153,4701.173
7154,4771.3696
7155,6828.757
7156,9456.649
7157,4466.7925
7158,5284.5703
7159,3169.7993
7160,5327.8447
7161,4527.742
7162,3849.2588
7163,5907.723
7164,5892.9385
7165,4176.962
7166,10862.971
7167,3714.683
7168,6177.4087
7169,9451.681
7170,5138.304
7171,4991.0938
7172,4173.664
7173,5266.4897
7174,7972.0005
7175,4246.2046
7176,6180.5264
7177,7803.857
7178,6032.283
7179,5010.804
7180,4367.098
7181,7581.2275
7182,6060.04
7183,8940.036
7184,9188.181
7185,5835.065
7186,7775.3496
7187,3714.2756
7188,5909.38
7189,4572.5166
7190,7816.6255
7191,5607.3154
7192,10645.642
7193,10121.192
7194,8175.932
7195,4838.8413
7196,5281.491
7197,5611.2427
7198,4911.801
7199,7724.641
7200,8140.217
7201,3884.5745
7202,7341.173
7203,5424.2993
7204,5285.7246
7205,7625.0283
7206,6038.5005
7207,7865.5967
7208,7572.5044
7209,9878.088
7210,8153.932
7211,3556.0583
7212,9478.113
7213,7844.1772
7214,9676.39
7215,4918.1484
7216,4507.3853
7217,7823.1216
7218,4057.2996
7219,5191.6
7220,5557.7466
7221,8967.048
7222,6027.481
7223,3481.435
7224,5531.8945
7225,3991.6086
7226,3991.1897
7227,8086.273
7228,5422.3745
7229,4317.221
7230,4645.917
7231,10159.569
7232,5032.935
7233,7789.3115
7234,4338.093
7235,6493.874
7236,5710.332
7237,5564.95
7238,6116.357
7239,7742.9272
7240,9906.506
7241,4988.7236
7242,6364.329
7243,3221.213
7244,4797.291
7245,7045.832
7246,4323.3657
7247,5899.558
7248,4650.8384
7249,4180.274
7250,5375.3633
7251,8236.458
7252,6436.279
7253,4852.5557
7254,7558.83
7255,7259.171
7256,7977.2334
7257,10119.667
7258,7950.579
7259,5369.337
7260,8120.388
7261,5601.975
7262,5147.4824
7263,7907.163
7264,6259.8735
7265,4432.451
7266,8276.684
7267,6165.3354
7268,10903.016
7269,4871.589
7270,4803.9766
7271,6150.3643
7272,8079.643
7273,7623.1597
7274,10678.498
7275,6157.4136
7276,5749.859
7277,7802.4355
7278,3362.8198
7279,7883.8403
7280,7813.5767
7281,5513.6836
7282,19301.953
7283,5453.6216
7284,3878.6648
7285,9608.5
7286,5301.448
7287,5569.65
7288,3806.4202
7289,10533.885
7290,5050.522
7291,4148.4473
7292,7559.1543
7293,5951.2554
7294,5581.515
7295,4754.786
7296,6193.0605
7297,9250.453
7298,8222.957
7299,11046.1
7300,7904.735
7301,3527.872
7302,7051.56
7303,10764.681
7304,5078.2114
7305,5947.5156
7306,4652.6177
7307,5351.0127
7308,4611.9575
7309,8652.537
7310,6902.8545
7311,5381.191
7312,7695.3364
7313,3610.8818
7314,4133.1416
7315,4913.966
7316,5378.24
7317,6173.0146
7318,3974.3025
7319,7503.834
7320,6966.531
7321,5903.7124
7322,7347.309
7323,5941.2446
7324,5928.05
7325,5383.306
7326,4241.339
7327,8904.949
7328,4975.28
7329,5200.4814
7330,10233.812
7331,4916.455
7332,8049.967
7333,8135.8936
7334,4347.326
7335,3651.541
7336,7838.396
7337,3867.256
7338,6188.785
7339,3504.4028
7340,7356.972
7341,10073.012
7342,6014.5474
7343,6529.488
7344,4795.6943
7345,5202.9673
7346,6515.098
7347,4858.6924
7348,10643.388
7349,8732.968
7350,7417.263
7351,7942.1665
7352,4547.0938
7353,4852.593
7354,4176.559
7355,4750.203
7356,4304.174
7357,6426.789
7358,7313.476
7359,7718.0864
7360,6068.485
7361,8513.365
7362,7414.25
7363,4309.486
7364,8166.8755
7365,4517.4272
7366,4804.641
7367,5595.2676
7368,3177.562
7369,6284.743
7370,6425.3057
7371,11596.262
7372,4438.95
7373,5126.5645
7374,4478.756
7375,4443.1777
7376,4192.314
7377,7636.6226
7378,6250.7627
7379,7016.84
7380,7972.008
7381,4242.9414
7382,9188.1455
7383,4190.2627
7384,8061.4536
7385,5972.825
7386,8274.702
7387,4100.0146
7388,5001.111
7389,5483.9077
7390,4176.8184
7391,5502.4927
7392,8871.972
7393,5754.742
7394,4311.2085
7395,8256.617
7396,4975.0425
7397,3521.7893
7398,6800.4434
7399,5278.0215
7400,4825.7695
7401,3805.6794
7402,4368.602
7403,9600.384
7404,4613.788
7405,4435.4326
7406,6032.042
7407,7994.028
7408,4263.035
7409,6139.316
7410,6702.907
7411,8037.4536
7412,3621.1023
7413,8781.453
7414,4596.858
7415,6576.4087
7416,11214.406
7417,4709.171
7418,5104.8013
7419,5866.1543
7420,7848.158
7421,4729.3516
7422,6369.181
7423,5905.847
7424,6209.326
7425,7941.2725
7426,3709.6902
7427,4057.0984
7428,6319.0054
7429,3544.8848
7430,10278.133
7431,5003.2246
7432,5246.9946
7433,5718.4424
7434,8224.023
7435,8410.559
7436,6592.2036
7437,3528.8818
7438,5398.532
7439,3852.425
7440,4929.66
7441,6055.695
7442,7646.0176
7443,10736.791
7444,6494.6235
7445,9414.074
7446,8859.77
7447,6330.5337
7448,8016.3916
7449,10976.722
7450,5538.5576
7451,5266.9473
7452,4272.003
7453,6080.4033
7454,5611.2964
7455,7019.9326
7456,4300.985
7457,8944.07
7458,8133.3174
7459,8148.2876
7460,4112.412
7461,7038.4233
7462,3606.7024
7463,11186.227
7464,7465.5483
7465,8214.162
7466,7570.865
7467,4966.659
7468,4752.3604
7469,3363.7727
7470,4952.4907
7471,3916.0503
7472,3765.897
7473,8342.307
7474,9055.142
7475,8533.241
7476,10512.707
7477,9754.309
7478,2136.3584
7479,7999.802
7480,3612.539
7481,11498.179
7482,5753.3315
7483,6991.8867
7484,10379.423
7485,7168.1714
7486,6306.1924
7487,8836.106
7488,7718.2266
7489,9070.26
7490,3626.7512
7491,4806.323
7492,6072.8223
7493,8589.413
7494,10228.151
7495,8680.36
7496,5897.2007
7497,4988.2046
7498,5530.2485
7499,4708.2773
7500,6344.219
7501,7780.453
7502,4512.2207
7503,3908.646
7504,5069.302
7505,7424.6245
7506,4828.44
7507,7990.369
7508,5042.9688
7509,7709.081
7510,8469.032
7511,7807.148
7512,4453.888
7513,5525.1553
7514,10054.056
7515,6656.7153
7516,6342.035
7517,3187.3804
7518,7309.1733
7519,4849.83
7520,6016.8027
7521,6227.9214
7522,7917.23
7523,4585.861
7524,6925.303
7525,2071.1877
7526,8238.948
7527,4868.593
7528,8985.317
7529,8811.834
7530,6203.963
7531,11054.752
7532,9817.496
7533,3705.9163
7534,4181.1675
7535,5087.9326
7536,4925.421
7537,5071.773
7538,11359.474
7539,8271.522
7540,11018.321
7541,4110.753
7542,5687.1377
7543,9237.211
7544,6564.0444
7545,8289.166
7546,5141.3438
7547,9723.211
7548,9732.368
7549,8418.625
7550,6531.973
7551,5100.221
7552,7556.5737
7553,8870.16
7554,8099.534
7555,4918.824
7556,4800.715
7557,11382.466
7558,7806.47
7559,4878.206
7560,5754.0176
7561,6210.1733
7562,5267.1177
7563,4947.6416
7564,4218.0786
7565,8093.8813
7566,3774.9392
7567,10803.808
7568,8121.7207
7569,6736.364
7570,4719.23
7571,5223.729
7572,8442.74
7573,8034.8936
7574,3896.5693
7575,10177.123
7576,6186.7314
7577,7880.472
7578,4018.5469
7579,5757.553
7580,9654.974
7581,8202.176
7582,7430.2354
7583,5654.068
7584,9438.376
7585,9358.7295
7586,4435.953
7587,8598.618
7588,5346.2783
7589,4508.465
7590,6251.502
7591,3440.368
7592,6105.7715
7593,7788.2866
7594,4494.2993
7595,8464.05
7596,8043.397
7597,7430.4053
7598,6806.394
7599,8135.2573
7600,4320.8013
7601,5959.9126
7602,5096.7344
7603,7928.497
7604,6466.7393
7605,9770.109
7606,5477.5557
7607,4837.1987
7608,5704.817
7609,6352.242
7610,11453.446
7611,6267.754
7612,8106.4976
7613,8140.1313
7614,6040.3096
7615,5118.2144
7616,5542.389
7617,6453.2637
7618,6678.637
7619,3586.3848
7620,7824.517
7621,10366.363
7622,10937.303
7623,5980.0195
7624,4148.3604
7625,6274.477
7626,4761.0356
7627,5025.015
7628,5699.639
7629,4786.189
7630,4757.7124
7631,5137.6816
7632,10603.406
7633,8420.352
7634,7974.9585
7635,11144.333
7636,5553.677
7637,6713.0674
7638,5489.5337
7639,6499.8975
7640,4172.004
7641,8507.942
7642,7734.218
7643,4730.687
7644,5251.837
7645,6877.7754
7646,4693.681
7647,5706.417
7648,10436.66
7649,4843.2144
7650,5812.889
7651,6464.0195
7652,4227.174
7653,5327.87
7654,4831.121
7655,10160.839
7656,4747.997
7657,4380.1104
7658,8922.65
7659,4993.8794
7660,8529.84
7661,4887.5303
7662,6265.034
7663,4940.3037
7664,8184.85
7665,8509.891
7666,4818.5615
7667,8027.111
7668,7271.6724
7669,4014.0068
7670,10690.88
7671,5096.9287
7672,5838.678
7673,5858.242
7674,5299.0015
7675,6005.7134
7676,4522.5107
7677,4996.2905
7678,5614.3423
7679,3327.4783
7680,5245.7837
7681,6573.7373
7682,9003.53
7683,5500.5513
7684,6774.1533
7685,8000.382
7686,6287.8374
7687,4627.677
7688,4677.457
7689,9280.252
7690,6090.7354
7691,5257.5957
7692,8375.297
7693,7979.9805
7694,4596.937
7695,4192.25
7696,6080.844
7697,7202.4106
7698,6207.1235
7699,5563.0664
7700,6552.803
7701,8476.2
7702,8052.186
7703,8517.182
7704,3602.504
7705,9228.81
7706,6185.1914
7707,7550.7524
7708,10069.871
7709,9001.675
7710,9601.208
7711,6851.3105
7712,5066.237
7713,3599.2373
7714,5648.8984
7715,3999.4258
7716,7890.242
7717,4434.997
7718,4481.478
7719,6489.0693
7720,5048.3354
7721,6847.4497
7722,5107.3145
7723,7490.4336
7724,4498.181
7725,6053.2637
7726,4423.6484
7727,7027.603
7728,4614.3735
7729,9111.88
7730,4434.138
7731,6050.8047
7732,6188.8325
7733,5801.993
7734,4658.169
7735,4132.743
7736,5482.511
7737,3888.5266
7738,5787.1255
7739,5845.07
7740,5697.78
7741,8713.947
7742,6910.094
7743,7766.203
7744,5873.875
7745,4738.8887
7746,8640.241
7747,3448.339
7748,5632.483
7749,6974.383
7750,7604.3438
7751,4913.544
7752,3402.358
7753,3860.699
7754,7877.0605
7755,4700.9937
7756,5232.7
7757,7441.888
7758,4940.841
7759,6950.927
7760,10045.592
7761,7699.5283
7762,7777.901
7763,5501.438
7764,4798.2705
7765,7621.371
7766,5623.8345
7767,5562.361
7768,4808.965
7769,7582.334
7770,9547.14
7771,5000.7246
7772,6026.9062
7773,10372.812
7774,4980.5737
7775,4477.6836
7776,4433.064
7777,5598.1343
7778,4781.1875
7779,5663.0005
7780,5317.751
7781,3447.9443
7782,5930.368
7783,4436.08
7784,9747.334
7785,7456.098
7786,10859.128
7787,6545.9814
7788,3983.233
7789,9767.51
7790,6820.926
7791,4357.3984
7792,9824.644
7793,7904.765
7794,8014.4956
7795,5883.75
7796,6060.4907
7797,7825.5474
7798,4537.574
7799,5208.256
7800,3790.7627
7801,4933.3433
7802,4715.8955
7803,9247.763
7804,4119.165
7805,3569.122
7806,6554.866
7807,6669.3115
7808,4756.4556
7809,5969.499
7810,4381.6772
7811,8644.115
7812,7799.1616
7813,7291.341
7814,4736.349
7815,3622.36
7816,5852.5566
7817,4400.161
7818,6535.2886
7819,7671.1675
7820,4825.958
7821,5556.5806
7822,3990.4817
7823,10031.957
7824,3348.0059
7825,6097.1294
7826,7319.931
7827,7932.7485
7828,4065.7341
7829,6136.125
7830,5069.6934
7831,6068.7227
7832,7215.654
7833,4177.8623
7834,5784.0513
7835,7640.659
7836,5395.1294
7837,4712.5503
7838,7248.385
7839,7584.236
7840,8062.953
7841,7398.843
7842,4962.104
7843,3373.413
7844,7362.813
7845,6068.2017
7846,7254.478
7847,7113.493
7848,3362.021
7849,7147.369
7850,7393.2134
7851,6844.8247
7852,4353.85
7853,7833.433
7854,3069.8328
7855,8087.3066
7856,7912.2627
7857,4735.3643
7858,9440.653
7859,2941.709
7860,6735.959
7861,6959.763
7862,5187.8677
7863,7446.9937
7864,6537.4517
7865,4096.641
7866,9285.033
7867,4072.8337
7868,4430.3926
7869,3659.3625
7870,4523.8438
7871,7318.675
7872,4469.0386
7873,7991.5044
7874,9812.909
7875,7519.1807
7876,3703.5872
7877,7783.0513
7878,7685.6465
7879,3280.7505
7880,3754.7986
7881,7875.6333
7882,4800.637
7883,7713.9575
7884,5826.406
7885,5432.6304
7886,4724.473
7887,6214.7656
7888,6209.214
7889,4384.4326
7890,4312.7676
7891,3939.5051
7892,8058.7856
7893,8060.1924
7894,4717.2275
7895,7295.821
7896,7375.507
7897,3320.803
7898,8115.224
7899,2940.0957
7900,4447.796
7901,3310.1821
7902,4709.7637
7903,5529.2197
7904,5378.6973
7905,9068.512
7906,21141.785
7907,6446.81
7908,4886.151
7909,7319.708
7910,7934.5645
7911,9853.716
7912,5103.73
7913,7699.007
7914,5640.8438
7915,4832.1167
7916,3501.8398
7917,7734.225
7918,4270.964
7919,4059.2856
7920,7758.644
7921,5362.5093
7922,4146.1055
7923,7717.078
7924,5691.3486
7925,3358.4692
7926,8035.284
7927,7921.755
7928,8249.485
7929,5909.414
7930,4893.4595
7931,10045.228
7932,6347.07
7933,6343.953
7934,5428.3984
7935,8638.3545
7936,4719.167
7937,5626.8877
7938,9717.073
7939,4329.5645
7940,5560.35
7941,6883.2227
7942,3377.0645
7943,4433.432
7944,9360.8545
7945,5948.412
7946,5556.7817
7947,7007.7837
7948,6549.16
7949,4712.3926
7950,6132.3745
7951,10691.695
7952,3578.5383
7953,4915.5786
7954,3869.8062
7955,8644.297
7956,4333.9443
7957,4632.8975
7958,5241.1973
7959,8058.6626
7960,4204.348
7961,12511.585
7962,9769.141
7963,4102.5225
7964,5505.616
7965,4440.576
7966,7759.214
7967,10212.321
7968,3930.785
7969,3530.313
7970,5719.528
7971,5206.0654
7972,7762.2637
7973,4172.1475
7974,4669.268
7975,3656.742
7976,5848.0864
7977,3587.3635
7978,5146.417
7979,7962.6914
7980,9801.059
7981,4770.2407
7982,9719.492
7983,6115.686
7984,7839.6895
7985,4126.326
7986,4548.7812
7987,8107.132
7988,3958.5474
7989,6783.8325
7990,4700.3975
7991,4507.837
7992,4927.446
7993,3871.0466
7994,5379.9336
7995,10237.414
7996,5802.928
7997,4927.305
7998,8196.514
7999,7455.8135
8000,4695.244
8001,4457.654
8002,7785.063
8003,9860.607
8004,6595.908
8005,7794.633
8006,6281.1416
8007,5648.5645
8008,7992.854
8009,4767.107
8010,4836.6772
8011,6922.239
8012,9591.899
8013,4528.239
8014,5359.027
8015,3214.5823
8016,5401.7876
8017,4592.6504
8018,3901.5867
8019,5990.375
8020,5975.207
8021,4237.897
8022,11014.696
8023,3765.4517
8024,6263.194
8025,9580.799
8026,5209.7314
8027,5059.973
8028,4231.1636
8029,5341.996
8030,8083.258
8031,4305.8613
8032,6267.969
8033,7915.086
8034,6116.8296
8035,5080.9976
8036,4428.723
8037,7686.3574
8038,6144.2896
8039,9062.391
8040,9318.115
8041,5916.481
8042,7884.013
8043,3765.8718
8044,5992.015
8045,4635.5806
8046,7926.138
8047,5685.0713
8048,10792.973
8049,10264.966
8050,8287.561
8051,4905.798
8052,5356.0117
8053,5688.5645
8054,4981.206
8055,7833.4033
8056,8253.594
8057,3940.3582
8058,7443.1094
8059,5498.946
8060,5359.2007
8061,7729.5273
8062,6122.918
8063,7975.423
8064,7677.726
8065,10015.762
8066,8267.311
8067,3605.502
8068,9609.673
8069,7952.346
8070,9810.673
8071,4986.454
8072,4572.2065
8073,7932.8013
8074,4115.0566
8075,5263.547
8076,5635.514
8077,9093.179
8078,6112.4497
8079,3531.8389
8080,5608.562
8081,4046.7012
8082,4046.9404
8083,8198.703
8084,5497.7134
8085,4378.0386
8086,4710.6177
8087,10301.382
8088,5103.7983
8089,7899.753
8090,4398.214
8091,6587.703
8092,5789.8525
8093,5642.98
8094,6201.809
8095,7850.7036
8096,10047.661
8097,5059.394
8098,6453.725
8099,3266.9836
8100,4863.8115
8101,7143.982
8102,4381.736
8103,5981.5596
8104,4714.2495
8105,4238.819
8106,5449.8877
8107,8351.533
8108,6527.607
8109,4920.8374
8110,7663.84
8111,7360.741
8112,8088.178
8113,10257.098
8114,8061.938
8115,5444.3906
8116,8234.313
8117,5679.695
8118,5218.7236
8119,8017.095
8120,6347.3604
8121,4494.2437
8122,8392.953
8123,6251.1084
8124,11057.863
8125,4939.5166
8126,4870.2417
8127,6235.322
8128,8191.8164
8129,7729.5493
8130,10829.66
8131,6241.7485
8132,5829.9355
8133,7910.7837
8134,3409.1936
8135,7992.816
8136,7922.5103
8137,5590.493
8138,19570.846
8139,5529.0723
8140,3932.2214
8141,9744.016
8142,5374.9326
8143,5647.643
8144,3860.257
8145,10677.164
8146,5120.3433
8147,4206.687
8148,7660.9966
8149,6034.0845
8150,5659.0537
8151,4820.5107
8152,6279.9497
8153,9377.968
8154,8337.287
8155,11203.331
8156,8014.679
8157,3578.1184
8158,7151.44
8159,10919.7295
8160,5149.2407
8161,6030.1665
8162,4717.74
8163,5425.7793
8164,4675.7085
8165,8777.166
8166,6997.7915
8167,5456.582
8168,7803.902
8169,3661.531
8170,4190.111
8171,4982.717
8172,5453.517
8173,6258.984
8174,4029.3176
8175,7605.548
8176,7062.808
8177,5985.5317
8178,7449.8706
8179,6024.498
8180,6012.712
8181,5458.0293
8182,4301.1655
8183,9026.521
8184,5045.3022
8185,5273.3364
8186,10373.989
8187,4984.5664
8188,8158.872
8189,8248.966
8190,4408.1685
8191,3702.5063
8192,7947.8345
8193,3921.5342
8194,6274.6387
8195,3553.0981
8196,7462.0103
8197,10204.581
8198,6096.5654
8199,6620.3823
8200,4864.642
8201,5275.4595
8202,6607.734
8203,4926.8633
8204,10793.652
8205,8854.895
8206,7519.374
8207,8053.115
8208,4610.5503
8209,4920.0537
8210,4235.347
8211,4815.809
8212,4363.7417
8213,6516.4033
8214,7414.95
8215,7825.234
8216,6153.2275
8217,8632.407
8218,7516.2764
8219,4370.728
8220,8281.169
8221,4580.055
8222,4871.705
8223,5673.4136
8224,3222.9158
8225,6373.2104
8226,6514.3154
8227,11757.208
8228,4500.9277
8229,5196.9956
8230,4541.4326
8231,4503.419
8232,4248.4287
8233,7744.6113
8234,6340.0874
8235,7116.2144
8236,8084.1216
8237,4300.993
8238,9314.401
8239,4249.7866
8240,8172.4395
8241,6055.8276
8242,8389.504
8243,4157.4717
8244,5070.593
8245,5560.5835
8246,4234.5874
8247,5579.4233
8248,8997.924
8249,5833.685
8250,4371.724
8251,8372.885
8252,5044.8403
8253,3570.8318
8254,6895.116
8255,5350.844
8256,4892.881
8257,3858.188
8258,4430.274
8259,9735.934
8260,4677.979
8261,4497.3745
8262,6116.8877
8263,8104.6343
8264,4322.7266
8265,6224.952
8266,6795.3535
8267,8152.742
8268,3672.2488
8269,8904.797
8270,4661.369
8271,6667.1934
8272,11371.365
8273,4773.6274
8274,5176.9478
8275,5947.6235
8276,7957.65
8277,4795.3145
8278,6457.962
8279,5988.2046
8280,6296.7617
8281,8050.842
8282,3764.1768
8283,4113.299
8284,6407.3496
8285,3594.4954
8286,10423.887
8287,5073.1475
8288,5318.37
8289,5797.042
8290,8337.765
8291,8527.733
8292,6683.385
8293,3576.1497
8294,5473.9155
8295,3904.8708
8296,4998.083
8297,6140.089
8298,7753.0293
8299,10884.8955
8300,6583.859
8301,9545.382
8302,8984.812
8303,6419.0083
8304,8127.23
8305,11129.229
8306,5615.987
8307,5340.3403
8308,4331.2705
8309,6165.4297
8310,5688.711
8311,7119.507
8312,4360.575
8313,9069.074
8314,8248.03
8315,8261.974
8316,4169.776
8317,7135.769
8318,3657.834
8319,11342.368
8320,7569.277
8321,8329.029
8322,7676.6206
8323,5036.205
8324,4819.5312
8325,3411.9202
8326,5023.314
8327,3970.911
8328,3818.6436
8329,8459.393
8330,9177.39
8331,8651.91
8332,10654.946
8333,9893.994
8334,2165.9163
8335,8110.5503
8336,3664.0574
8337,11656.852
8338,5832.9893
8339,7089.4946
8340,10522.337
8341,7268.025
8342,6394.443
8343,8958.251
8344,7825.95
8345,9197.597
8346,3677.1108
8347,4872.7183
8348,6156.0806
8349,8710.2
8350,10366.265
8351,8802.619
8352,5977.801
8353,5057.792
8354,5606.567
8355,4771.6016
8356,6432.9526
8357,7888.963
8358,4575.518
8359,3963.6106
8360,5139.7896
8361,7526.9014
8362,4895.103
8363,8101.489
8364,5113.6465
8365,7809.68
8366,8585.776
8367,7915.4106
8368,4517.152
8369,5601.8145
8370,10198.812
8371,6750.2305
8372,6429.628
8373,3231.6223
8374,7410.588
8375,4917.9326
8376,6100.905
8377,6314.137
8378,8028.4277
8379,4650.129
8380,7021.399
8381,2100.0696
8382,8353.907
8383,4936.1255
8384,9108.43
8385,8933.388
8386,6290.2007
8387,11206.9
8388,9953.434
8389,3757.5754
8390,4239.5547
8391,5159.2256
8392,4993.856
8393,5142.3936
8394,11512.367
8395,8387.063
8396,11173.985
8397,4168.905
8398,5766.1816
8399,9365.937
8400,6657.1597
8401,8405.234
8402,5213.3003
8403,9859.714
8404,9867.165
8405,8535.269
8406,6622.9595
8407,5171.8345
8408,7662.21
8409,8991.738
8410,8210.395
8411,4986.6826
8412,4868.9644
8413,11544.649
8414,7914.6553
8415,4946.5186
8416,5833.6514
8417,6296.4614
8418,5339.3574
8419,5016.141
8420,4278.6465
8421,8207.646
8422,3826.9727
8423,10950.319
8424,8232.821
8425,6831.0366
8426,4784.792
8427,5297.0054
8428,8563.816
8429,8147.7124
8430,3950.697
8431,10323.995
8432,6272.7896
8433,7989.599
8434,4073.774
8435,5838.3774
8436,9788.634
8437,8316.899
8438,7536.4844
8439,5733.2485
8440,9569.977
8441,9482.209
8442,4498.593
8443,8718.819
8444,5420.6475
8445,4571.849
8446,6338.8057
8447,3488.3032
8448,6191.7197
8449,7897.0107
8450,4557.1978
8451,8581.608
8452,8156.242
8453,7534.3784
8454,6901.255
8455,8249.643
8456,4382.2544
8457,6041.6865
8458,5167.835
8459,8036.7866
8460,6556.5854
8461,9905.117
8462,5554.154
8463,4904.455
8464,5785.155
8465,6440.326
8466,11611.07
8467,6355.2603
8468,8218.935
8469,8249.8
8470,6125.897
8471,5190.3174
8472,5618.8804
8473,6543.578
8474,6772.0923
8475,3636.042
8476,7933.0054
8477,10511.534
8478,11092.986
8479,6063.382
8480,4206.342
8481,6362.144
8482,4826.639
8483,5094.9556
8484,5779.546
8485,4852.3936
8486,4822.493
8487,5209.0903
8488,10755.414
8489,8537.987
8490,8085.7334
8491,11300.225
8492,5630.909
8493,6806.5366
8494,5565.4546
8495,6590.2104
8496,4231.6763
8497,8626.58
8498,7841.6934
8499,4795.53
8500,5325.294
8501,6974.2495
8502,4758.5747
8503,5786.5513
8504,10578.557
8505,4910.934
8506,5894.3384
8507,6555.51
8508,4286.772
8509,5402.0244
8510,4899.1387
8511,10296.441
8512,4814.16
8513,4441.1733
8514,9046.621
8515,5063.005
8516,8648.271
8517,4955.373
8518,6352.921
8519,5009.385
8520,8298.864
8521,8628.473
8522,4885.2515
8523,8138.1675
8524,7372.82
8525,4069.2378
8526,10841.008
8527,5168.185
8528,5920.359
8529,5940.933
8530,5372.155
8531,6090.0967
8532,4586.4995
8533,5065.594
8534,5692.4946
8535,3374.2725
8536,5317.888
8537,6665.54
8538,9128.973
8539,5576.5605
8540,6868.9053
8541,8111.378
8542,6374.365
8543,4691.9087
8544,4742.4927
8545,9410.25
8546,6175.9536
8547,5330.259
8548,8491.518
8549,8088.209
8550,4661.3735
8551,4251.34
8552,6167.412
8553,7301.4526
8554,6293.8916
8555,5639.945
8556,6642.4385
8557,8593.69
8558,8165.162
8559,8634.812
8560,3650.7332
8561,9357.489
8562,6271.0547
8563,7656.577
8564,10212.166
8565,9125.699
8566,9732.275
8567,6946.161
8568,5137.015
8569,3649.6746
8570,5727.362
8571,4054.4946
8572,8000.298
8573,4495.9634
8574,4544.6
8575,6581.096
8576,5118.893
8577,6942.9155
8578,5178.044
8579,7593.979
8580,4560.5986
8581,6137.565
8582,4485.866
8583,7125.098
8584,4678.1753
8585,9238.876
8586,4495.766
8587,6135.458
8588,6275.159
8589,5884.075
8590,4722.8867
8591,4187.5337
8592,5558.5474
8593,3943.7463
8594,5867.693
8595,5926.54
8596,5776.933
8597,8836.148
8598,7006.5005
8599,7871.39
8600,5956.622
8601,4805.173
8602,8760.548
8603,3495.095
8604,5710.8657
8605,7073.298
8606,7711.214
8607,4981.6333
8608,3449.122
8609,3913.847
8610,7987.3213
8611,4768.0894
8612,5306.1177
8613,7545.7417
8614,5010.0015
8615,7046.4233
8616,10185.727
8617,7807.7734
8618,7884.021
8619,5577.6777
8620,4865.3105
8621,7728.731
8622,5701.7812
8623,5639.149
8624,4876.038
8625,7689.76
8626,9678.891
8627,5070.8105
8628,6110.456
8629,10514.863
8630,5050.0645
8631,4540.107
8632,4494.3555
8633,5676.5156
8634,4848.0215
8635,5739.7217
8636,5392.0786
8637,3496.3455
8638,6013.068
8639,4498.9663
8640,9885.326
8641,7559.962
8642,11015.61
8643,6637.296
8644,4039.3235
8645,9909.898
8646,6916.2
8647,4418.326
8648,9964.766
8649,8014.121
8650,8126.486
8651,5966.4478
8652,6146.476
8653,7934.61
8654,4600.898
8655,5281.849
8656,3843.0142
8657,5002.3374
8658,4781.3247
8659,9376.26
8660,4176.691
8661,3620.3252
8662,6647.9653
8663,6761.9717
8664,4822.5254
8665,6052.2705
8666,4441.394
8667,8764.451
8668,7908.558
8669,7392.586
8670,4802.3823
8671,3673.1248
8672,5934.4707
8673,4461.9507
8674,6626.776
8675,7778.6875
8676,4894.0293
8677,5632.822
8678,4045.5278
8679,10170.369
8680,3393.554
8681,6181.759
8682,7421.785
8683,8043.727
8684,4122.0186
8685,6222.5776
8686,5141.687
8687,6153.439
8688,7316.741
8689,4235.957
8690,5864.7104
8691,7745.631
8692,5469.5
8693,4778.794
8694,7348.802
8695,7688.8433
8696,8175.3784
8697,7502.038
8698,5031.327
8699,3419.6624
8700,7466.773
8701,6152.189
8702,7353.605
8703,7212.6675
8704,3409.0764
8705,7246.9263
8706,7497.8315
8707,6940.274
8708,4416.085
8709,7942.3403
8710,3112.5178
8711,8199.211
8712,8022.358
8713,4801.1274
8714,9571.583
8715,2982.3298
8716,6830.685
8717,7057.2393
8718,5259.597
8719,7550.4497
8720,6629.109
8721,4153.5156
8722,9416.391
8723,4128.3423
8724,4491.9893
8725,3710.3025
8726,4586.0444
8727,7421.3325
8728,4532.396
8729,8101.4736
8730,9946.63
8731,7623.8794
8732,3755.3252
8733,7892.1313
8734,7792.6035
8735,3325.9329
8736,3806.892
8737,7985.379
8738,4867.3667
8739,7820.175
8740,5907.092
8741,5508.6055
8742,4790.2354
8743,6301.154
8744,6295.0264
8745,4445.9717
8746,4372.817
8747,3994.374
8748,8171.449
8749,8172.782
8750,4782.921
8751,7397.911
8752,7478.0557
8753,3367.2786
8754,8228.276
8755,2980.7058
8756,4509.1143
8757,3354.614
8758,4774.825
8759,5606.203
8760,5452.7476
8761,9198.939
8762,21444.445
8763,6536.479
8764,4953.8325
8765,7420.0938
8766,8045.4688
8767,9989.955
8768,5173.695
8769,7806.716
8770,5718.224
8771,4900.3027
8772,3550.6821
8773,7841.596
8774,4332.9937
8775,4116.922
8776,7866.7817
8777,5437.41
8778,4202.7603
8779,7824.159
8780,5769.4497
8781,3405.4102
8782,8144.9077
8783,8032.9395
8784,8366.554
8785,5992.1865
8786,4961.1855
8787,10188.049
8788,6437.0527
8789,6432.278
8790,5503.695
8791,8758.259
8792,4783.61
8793,5704.0225
8794,9853.34
8795,4392.646
8796,5638.514
8797,6979.7065
8798,3423.8926
8799,4495.127
8800,9493.231
8801,6031.1846
8802,5634.5195
8803,7104.8003
8804,6640.0503
8805,4779.072
8806,6217.665
8807,10839.126
8808,3628.125
8809,4984.6377
8810,3923.192
8811,8769.693
8812,4394.2886
8813,4695.4946
8814,5313.3047
8815,8170.81
8816,4263.3037
8817,12686.976
8818,9906.657
8819,4159.9272
8820,5582.6543
8821,4500.563
8822,7867.1196
8823,10351.514
8824,3985.0535
8825,3579.4944
8826,5798.762
8827,5278.711
8828,7870.4595
8829,4229.82
8830,4733.3184
8831,3708.144
8832,5931.0415
8833,3639.144
8834,5219.197
8835,8073.0796
8836,9936.977
8837,4836.6772
8838,9852.297
8839,6200.656
8840,7949.4116
8841,4184.4272
8842,4614.096
8843,8219.766
8844,4013.9685
8845,6878.5825
8846,4766.079
8847,4569.7256
8848,4996.5337
8849,3924.0564
8850,5454.9272
8851,10383.997
8852,5883.9185
8853,4995.871
8854,8310.523
8855,7560.373
8856,4761.5264
8857,4514.834
8858,7893.5767
8859,9995.159
8860,6687.791
8861,7903.476
8862,6368.665
8863,5726.99
8864,8105.655
8865,4832.937
8866,4905.5547
8867,7018.56
8868,9724.945
8869,4592.0107
8870,5433.6255
8871,3258.555
8872,5478.512
8873,4654.389
8874,3955.9841
8875,6073.8994
8876,6058.809
8877,4295.0767
8878,11164.908
8879,3818.4834
8880,6350.2974
8881,9714.1455
8882,5282.988
8883,5131.085
8884,4291.305
8885,5413.76
8886,8195.912
8887,4366.4233
8888,6355.242
8889,8024.3325
8890,6201.963
8891,5150.926
8892,4490.049
8893,7794.38
8894,6230.0664
8895,9192.449
8896,9445.12
8897,5997.9507
8898,7994.402
8899,3818.2065
8900,6075.2554
8901,4698.757
8902,8037.2847
8903,5764.147
8904,10945.662
8905,10406.483
8906,8404.465
8907,4975.1514
8908,5430.004
8909,5768.5747
8910,5049.944
8911,7941.6587
8912,8368.405
8913,3994.0615
8914,7546.785
8915,5576.401
8916,5433.221
8917,7841.0503
8918,6207.236
8919,8085.9956
8920,7783.957
8921,10156.023
8922,8382.505
8923,3657.3875
8924,9743.551
8925,8063.791
8926,9945.729
8927,5055.906
8928,4633.4146
8929,8042.162
8930,4171.905
8931,5337.061
8932,5714.277
8933,9219.309
8934,6196.8306
8935,3582.5757
8936,5686.818
8937,4103.6343
8938,4104.0176
8939,8312.244
8940,5574.4653
8941,4438.0693
8942,4776.4243
8943,10445.912
8944,5174.6025
8945,8010.7817
8946,4460.002
8947,6676.497
8948,5870.94
8949,5721.432
8950,6288.371
8951,7960.064
8952,10184.668
8953,5131.2266
8954,6544.964
8955,3311.095
8956,4930.6523
8957,7243.4155
8958,4444.937
8959,6065.401
8960,4780.5127
8961,4297.5317
8962,5526.3306
8963,8468.645
8964,6616.8096
8965,4988.381
8966,7770.249
8967,7463.071
8968,8200.814
8969,10403.774
8970,8173.928
8971,5519.745
8972,8346.628
8973,5758.2065
8974,5290.542
8975,8127.912
8976,6435.708
8977,4555.881
8978,8509.014
8979,6338.7573
8980,11210.674
8981,5008.931
8982,4937.684
8983,6322.4478
8984,8305.793
8985,7837.7153
8986,10982.397
8987,6330.51
8988,5911.483
8989,8022.1895
8990,3457.6348
8991,8103.738
8992,8032.296
8993,5667.81
8994,19842.33
8995,5605.754
8996,3987.0952
8997,9878.445
8998,5450.3813
8999,5726.2856
9000,3914.3137
9001,10826.893
9002,5192.769
9003,4264.1616
9004,7772.865
9005,6118.4517
9006,5736.7114
9007,4887.908
9008,6367.201
9009,9509.697
9010,8453.279
9011,11360.9795
9012,8127.323
9013,3628.305
9014,7248.8066
9015,11066.673
9016,5220.7104
9017,6114.2104
9018,4783.1675
9019,5500.598
9020,4740.5166
9021,8895.934
9022,7095.3057
9023,5531.847
9024,7911.0327
9025,3711.9202
9026,4249.2964
9027,5051.972
9028,5529.3833
9029,6346.132
9030,4085.6436
9031,7713.369
9032,7160.518
9033,6069.122
9034,7553.6406
9035,6107.2803
9036,6096.4434
9037,5533.5303
9038,4362.739
9039,9154.136
9040,5114.437
9041,5346.941
9042,10517.962
9043,5053.6396
9044,8275.491
9045,8364.097
9046,4468.804
9047,3754.3223
9048,8058.6167
9049,3976.0164
9050,6362.059
9051,3602.614
9052,7564.0444
9053,10345.848
9054,6182.5664
9055,6712.3823
9056,4930.822
9057,5348.3184
9058,6698.4717
9059,4995.042
9060,10941.101
9061,8978.421
9062,7624.432
9063,8165.559
9064,4673.885
9065,4988.2617
9066,4293.885
9067,4879.309
9068,4424.159
9069,6607.255
9070,7517.603
9071,7933.9365
9072,6239.2544
9073,8753.114
9074,7619.496
9075,4430.295
9076,8396.709
9077,4643.507
9078,4938.9653
9079,5751.8174
9080,3268.0217
9081,6457.6353
9082,6605.0874
9083,11921.035
9084,4563.6753
9085,5270.42
9086,4602.272
9087,4565.6826
9088,4309.864
9089,7855.5723
9090,6426.225
9091,7214.9316
9092,8194.849
9093,4361.166
9094,9446.229
9095,4308.1665
9096,8288.486
9097,6142.151
9098,8506.287
9099,4215.6533
9100,5141.834
9101,5638.7993
9102,4293.594
9103,5656.841
9104,9122.897
9105,5915.352
9106,4432.0664
9107,8487.785
9108,5114.3784
9109,3620.37
9110,6990.933
9111,5425.37
9112,4960.878
9113,3911.6597
9114,4493.082
9115,9874.875
9116,4742.167
9117,4559.576
9118,6201.7617
9119,8219.405
9120,4382.325
9121,6310.8677
9122,6890.2446
9123,8264.764
9124,3723.1123
9125,9029.027
9126,4725.7666
9127,6761.0493
9128,11526.749
9129,4841.0254
9130,5245.754
9131,6030.9316
9132,8068.3765
9133,4862.601
9134,6548.573
9135,6071.5825
9136,6384.503
9137,8166.5796
9138,3814.9663
9139,4171.1484
9140,6495.9556
9141,3643.7886
9142,10570.064
9143,5144.228
9144,5393.55
9145,5878.6616
9146,8454.255
9147,8648.114
9148,6777.4233
9149,3626.2185
9150,5549.859
9151,3958.5474
9152,5066.8267
9153,6226.413
9154,7860.849
9155,11037.38
9156,6679.325
9157,9678.18
9158,9108.36
9159,6508.0117
9160,8242.706
9161,11285.749
9162,5693.955
9163,5414.0747
9164,4391.7534
9165,6251.645
9166,5768.8555
9167,7216.4663
9168,4422.5728
9169,9197.105
9170,8363.307
9171,8378.293
9172,4228.097
9173,7236.9795
9174,3707.5286
9175,11503.455
9176,7675.398
9177,8444.447
9178,7783.482
9179,5106.8906
9180,4885.857
9181,3458.5913
9182,5090.729
9183,4026.3054
9184,3871.8186
9185,8576.798
9186,9308.273
9187,8772.864
9188,10812.714
9189,10032.646
9190,2196.2798
9191,8220.071
9192,3715.562
9193,11817.567
9194,5914.472
9195,7188.41
9196,10671.625
9197,7368.6367
9198,6482.277
9199,9085.386
9200,7935.253
9201,9323.733
9202,3729.0444
9203,4940.143
9204,6241.177
9205,8831.522
9206,10513.619
9207,8922.956
9208,6062.9307
9209,5127.8945
9210,5684.22
9211,4842.1104
9212,6522.746
9213,7997.422
9214,4638.349
9215,4020.3567
9216,5211.62
9217,7631.686
9218,4963.3394
9219,8214.805
9220,5185.29
9221,7922.027
9222,8704.951
9223,8027.946
9224,4580.5054
9225,5679.5215
9226,10338.696
9227,6842.742
9228,6519.2197
9229,3276.4407
9230,7513.424
9231,4986.535
9232,6184.82
9233,6402.2485
9234,8140.209
9235,4714.0654
9236,7119.8804
9237,2129.2502
9238,8470.155
9239,5004.7617
9240,9237.008
9241,9058.467
9242,6378.629
9243,11360.969
9244,10093.785
9245,3809.377
9246,4298.442
9247,5231.268
9248,5063.449
9249,5214.4297
9250,11675.366
9251,8503.765
9252,11331.199
9253,4225.5005
9254,5846.207
9255,9496.582
9256,6749.4517
9257,8521.8545
9258,5286.587
9259,9997.027
9260,10006.48
9261,8654.675
9262,6716.1606
9263,5243.8726
9264,7768.53
9265,9118.931
9266,8325.367
9267,5057.729
9268,4936.088
9269,11706.543
9270,8024.294
9271,5014.9404
9272,5914.9683
9273,6384.1436
9274,5413.243
9275,5085.405
9276,4337.501
9277,8323.033
9278,3879.8674
9279,11103.91
9280,8346.812
9281,6925.7324
9282,4851.468
9283,5370.6533
9284,8681.3125
9285,8259.894
9286,4005.378
9287,10466.815
9288,6360.1055
9289,8097.5337
9290,4131.1865
9291,5918.3716
9292,9925.516
9293,8431.699
9294,7640.608
9295,5813.2104
9296,9706.782
9297,9616.467
9298,4561.8384
9299,8839.268
9300,5496.0723
9301,4635.3857
9302,6426.127
9303,3536.2551
9304,6277.099
9305,8007.8633
9306,4620.6323
9307,8701.041
9308,8270.221
9309,7638.4805
9310,6998.152
9311,8364.072
9312,4443.2666
9313,6125.6284
9314,5239.643
9315,8151.234
9316,6646.887
9317,10045.429
9318,5631.065
9319,4973.51
9320,5865.606
9321,6531.456
9322,11776.59
9323,6443.5024
9324,8334.417
9325,8368.51
9326,6207.9287
9327,5262.272
9328,5698.443
9329,6634.3525
9330,6865.0806
9331,3686.6782
9332,8045.3843
9333,10657.101
9334,11245.414
9335,6149.056
9336,4266.363
9337,6450.956
9338,4895.3315
9339,5165.913
9340,5859.164
9341,4920.049
9342,4892.157
9343,5281.7783
9344,10905.2
9345,8656.821
9346,8201.573
9347,11450.191
9348,5709.825
9349,6901.6562
9350,5643.265
9351,6681.906
9352,4288.277
9353,8746.1045
9354,7952.7637
9355,4863.529
9356,5399.0728
9357,7070.337
9358,4825.2075
9359,5867.0884
9360,10724.315
9361,4979.5195
9362,5976.1934
9363,6645.6006
9364,4345.183
9365,5477.7803
9366,4966.782
9367,10444.776
9368,4881.297
9369,4503.651
9370,9172.805
9371,5132.5874
9372,8768.924
9373,5024.646
9374,6439.724
9375,5079.7324
9376,8414.819
9377,8748.499
9378,4953.0293
9379,8252.476
9380,7475.2456
9381,4125.9917
9382,10991.546
9383,5239.878
9384,6001.94
9385,6023.7334
9386,5448.3857
9387,6173.4507
9388,4650.1553
9389,5136.535
9390,5771.9927
9391,3421.1829
9392,5392.2227
9393,6759.8564
9394,9255.599
9395,5654.8286
9396,6964.458
9397,8225.122
9398,6465.8203
9399,4757.572
9400,4810.0015
9401,9539.312
9402,6261.814
9403,5404.818
9404,8610.066
9405,8202.512
9406,4725.8794
9407,4310.0693
9408,6252.635
9409,7403.784
9410,6380.7466
9411,5718.628
9412,6735.7725
9413,8714.305
9414,8278.8545
9415,8756.062
9416,3704.2869
9417,8768.038
9418,5877.6973
9419,7174.4233
9420,9566.91
9421,8552.283
9422,9116.365
9423,6509.8306
9424,4813.7793
9425,3388.2974
9426,5367.3555
9427,3799.6868
9428,7426.976
9429,4213.382
9430,4218.3765
9431,6108.562
9432,4752.6143
9433,6507.7075
9434,4852.7314
9435,7116.676
9436,4273.3887
9437,5750.8955
9438,4203.2534
9439,6677.4272
9440,4343.3516
9441,8657.696
9442,4213.1445
9443,5696.8726
9444,5880.793
9445,5514.42
9446,4425.818
9447,3890.0884
9448,5208.5537
9449,3695.382
9450,5498.285
9451,5501.2646
9452,5413.197
9453,8277.907
9454,6504.8965
9455,7375.795
9456,5530.1587
9457,4459.921
9458,8211.318
9459,3275.3064
9460,5301.6655
9461,6567.2944
9462,7227.019
9463,4667.794
9464,3232.202
9465,3633.5696
9466,7414.7803
9467,4466.4434
9468,4973.1113
9469,7070.236
9470,4695.199
9471,6540.795
9472,9544.545
9473,7318.4233
9474,7388.843
9475,5178.207
9476,4559.137
9477,7175.244
9478,5343.79
9479,5235.3813
9480,4569.194
9481,7205.661
9482,9072.033
9483,4751.717
9484,5673.441
9485,9854.063
9486,4687.775
9487,4255.413
9488,4211.24
9489,5319.42
9490,4542.9185
9491,5330.9097
9492,5005.22
9493,3275.0283
9494,5633.348
9495,4176.169
9496,9265.208
9497,7018.634
9498,10321.238
9499,6221.349
9500,3785.0427
9501,9285.865
9502,6421.06
9503,4101.47
9504,9331.634
9505,7510.2354
9506,7613.931
9507,5591.069
9508,5759.5967
9509,7432.277
9510,4311.69
9511,4901.1157
9512,3600.3706
9513,4644.508
9514,4480.8115
9515,8784.972
9516,3877.2886
9517,3391.5862
9518,6172.656
9519,6279.099
9520,4477.466
9521,5671.504
9522,4122.9937
9523,8212.642
9524,7411.4854
9525,6862.56
9526,4458.3257
9527,3441.891
9528,5560.9546
9529,4142.255
9530,6209.8237
9531,7290.2354
9532,4583.368
9533,5280.0205
9534,3756.6365
9535,9529.063
9536,3180.7617
9537,5739.6064
9538,6954.906
9539,7538.7417
9540,3862.5112
9541,5775.209
9542,4773.081
9543,5765.9893
9544,6792.392
9545,3969.6685
9546,5495.6055
9547,7256.859
9548,5078.2646
9549,4437.57
9550,6886.8213
9551,7205.1455
9552,7661.172
9553,7031.586
9554,4671.7495
9555,3206.4353
9556,6932.381
9557,5765.7915
9558,6824.772
9559,6759.257
9560,3194.3054
9561,6790.5396
9562,6960.8984
9563,6443.214
9564,4098.674
9565,7374.0645
9566,2889.9565
9567,7683.792
9568,7517.0796
9569,4499.2837
9570,8961.541
9571,2793.7175
9572,6400.423
9573,6549.8535
9574,4929.378
9575,7076.726
9576,6212.3716
9577,3892.735
9578,8820.386
9579,3869.3447
9580,4209.3965
9581,3445.2646
9582,4297.901
9583,6954.5674
9584,4207.1846
9585,7593.32
9586,9326.117
9587,7144.711
9588,3486.7927
9589,7395.745
9590,7302.7275
9591,3116.9304
9592,3567.5427
9593,7484.0137
9594,4518.647
9595,7331.0547
9596,5536.3286
9597,5161.9478
9598,4488.987
9599,5904.816
9600,5898.1455
9601,4165.4585
9602,4059.7039
9603,3742.4368
9604,7657.081
9605,7658.615
9606,4482.8677
9607,6932.1694
9608,7007.2954
9609,3155.5676
9610,7710.287
9611,2793.1926
9612,4226.1416
9613,3143.987
9614,4474.7847
9615,5252.934
9616,5062.807
9617,8619.828
9618,20089.184
9619,6067.993
9620,4642.86
9621,6953.7314
9622,7540.0723
9623,9363.087
9624,4850.496
9625,7315.29
9626,5359.3896
9627,4549.3887
9628,3296.2856
9629,7348.935
9630,4021.0315
9631,3821.8142
9632,7373.1084
9633,5047.4443
9634,3902.331
9635,7330.943
9636,5357.325
9637,3160.7014
9638,7634.875
9639,7525.9897
9640,7839.5547
9641,5562.928
9642,4648.8296
9643,9455.982
9644,5976.6206
9645,6028.0156
9646,5158.04
9647,8207.583
9648,4483.052
9649,5345.753
9650,9231.116
9651,4113.0513
9652,5234.123
9653,6542.2676
9654,3209.0027
9655,4211.726
9656,8894.534
9657,5651.911
9658,5280.7153
9659,6657.3374
9660,6225.053
9661,4436.88
9662,5826.45
9663,10159.143
9664,3400.32
9665,4670.836
9666,3676.8513
9667,8219.891
9668,4117.629
9669,4400.715
9670,4979.315
9671,7656.387
9672,3995.1323
9673,11890.377
9674,9284.387
9675,3897.8928
9676,5231.0635
9677,4217.511
9678,7372.6157
9679,9703.645
9680,3700.6243
9681,3353.6477
9682,5434.009
9683,4900.354
9684,7374.902
9685,3926.7786
9686,4394.4985
9687,3474.3684
9688,5556.9727
9689,3409.1123
9690,4845.4785
9691,7565.437
9692,9312.064
9693,4490.293
9694,9233.247
9695,5811.941
9696,7450.148
9697,3921.6501
9698,4282.4272
9699,7702.5767
9700,3726.0613
9701,6445.273
9702,4465.3057
9703,4282.779
9704,4682.2114
9705,3643.6877
9706,5111.6665
9707,9727.941
9708,5513.8623
9709,4681.988
9710,7787.841
9711,7017.2544
9712,4461.572
9713,4232.1523
9714,7397.3257
9715,9366.775
9716,6266.355
9717,7407.5635
9718,5968.981
9719,5366.2954
9720,7594.0444
9721,4528.7617
9722,4597.419
9723,6517.5967
9724,9116.904
9725,4264.353
9726,5091.7876
9727,3053.7854
9728,5084.2896
9729,4321.6543
9730,3707.3765
9731,5691.479
9732,5677.1167
9733,3986.3613
9734,10370.102
9735,3577.8728
9736,5951.198
9737,9104.912
9738,4949.799
9739,4807.144
9740,3982.9631
9741,5074.928
9742,7680.986
9743,4090.3777
9744,5954.56
9745,7519.2163
9746,5758.498
9747,4782.821
9748,4168.5273
9749,7236.02
9750,5837.4253
9751,8613.565
9752,8852.108
9753,5570.8457
9754,7493.206
9755,3544.6987
9756,5693.477
9757,4362.693
9758,7530.4487
9759,5402.7305
9760,10253.381
9761,9752.514
9762,7875.498
9763,4618.125
9764,5089.4473
9765,5406.3135
9766,4732.2124
9767,7373.4385
9768,7841.9253
9769,3707.4224
9770,7072.2656
9771,5226.2954
9772,5045.206
9773,7345.13
9774,5817.7534
9775,7577.497
9776,7296.3984
9777,9516.548
9778,7855.063
9779,3394.399
9780,9130.427
9781,7555.572
9782,9325.156
9783,4694.2676
9784,4344.354
9785,7538.0806
9786,3872.9155
9787,5002.5757
9788,5354.326
9789,8640.258
9790,5752.997
9791,3325.8218
9792,5279.547
9793,3846.0398
9794,3809.4277
9795,7789.7944
9796,5175.2397
9797,4120.261
9798,4433.944
9799,9701.137
9800,4848.6875
9801,7506.354
9802,4140.3823
9803,6259.24
9804,5501.574
9805,5361.348
9806,5891.387
9807,7459.683
9808,9544.481
9809,4762.008
9810,6076.136
9811,3102.9597
9812,4621.095
9813,6787.166
9814,4125.976
9815,5682.415
9816,4480.7217
9817,4027.2732
9818,5130.302
9819,7936.502
9820,6201.2354
9821,4674.964
9822,7281.6665
9823,6993.0874
9824,7684.3564
9825,9752.904
9826,7588.8164
9827,5124.902
9828,7819.735
9829,5396.375
9830,4913.0894
9831,7616.1025
9832,5974.4775
9833,4230.861
9834,7974.1753
9835,5881.511
9836,10508.075
9837,4693.4395
9838,4584.64
9839,5924.7427
9840,7784.12
9841,7344.24
9842,10290.05
9843,5929.7573
9844,5487.811
9845,7517.438
9846,3208.069
9847,7595.5654
9848,7524.009
9849,5311.592
9850,18595.443
9851,5253.6406
9852,3736.4832
9853,9256.685
9854,5107.071
9855,5366.8535
9856,3668.324
9857,10144.474
9858,4819.5684
9859,3996.31
9860,7214.546
9861,5679.689
9862,5327.001
9863,4581.0557
9864,5965.879
9865,8909.868
9866,7922.6616
9867,10637.887
9868,7614.839
9869,3400.784
9870,6793.753
9871,10371.486
9872,4846.833
9873,5729.859
9874,4482.128
9875,5107.3438
9876,4401.794
9877,8337.247
9878,6647.762
9879,5183.4404
9880,7344.4224
9881,3478.9385
9882,3982.0173
9883,4734.547
9884,5133.826
9885,5891.994
9886,3792.9294
9887,7226.7017
9888,6646.9634
9889,5634.627
9890,7078.2383
9891,5723.3535
9892,5712.135
9893,5137.03
9894,4048.2532
9895,8572.029
9896,4793.9287
9897,5010.212
9898,9857.175
9899,4736.087
9900,7753.606
9901,7838.1416
9902,4148.641
9903,3519.0725
9904,7549.982
9905,3691.017
9906,5907.0977
9907,3343.6204
9908,7023.395
9909,9694.893
9910,5793.361
9911,6290.3506
9912,4620.8574
9913,5011.4497
9914,6219.219
9915,4637.208
9916,10157.477
9917,8411.714
9918,7076.5303
9919,7652.138
9920,4380.524
9921,4674.9277
9922,4023.729
9923,4576.282
9924,4146.0103
9925,6191.531
9926,6980.8516
9927,7435.751
9928,5846.09
9929,8126.8037
9930,7143.9067
9931,4114.9
9932,7868.898
9933,4310.9497
9934,4584.8853
9935,5339.862
9936,3032.4478
9937,6054.332
9938,6190.8813
9939,11172.791
9940,4236.4463
9941,4939.3755
9942,4314.3765
9943,4279.6426
9944,4000.4407
9945,7363.0444
9946,6022.395
9947,6761.262
9948,7679.484
9949,4085.3787
9950,8848.31
9951,4037.2278
9952,7694.793
9953,5753.408
9954,7971.2705
9955,3949.9885
9956,4817.8857
9957,5283.275
9958,3986.3538
9959,5252.1475
9960,8545.214
9961,5543.78
9962,4115.037
9963,7953.416
9964,4748.654
9965,3361.7485
9966,6492.2393
9967,5084.0225
9968,4605.75
9969,3631.605
9970,4210.6294
9971,9250.3125
9972,4403.4863
9973,4273.2095
9974,5811.9854
9975,7701.4893
9976,4106.7983
9977,5914.6245
9978,6457.6724
9979,7745.0693
9980,3455.963
9981,8460.176
9982,4428.111
9983,6336.2183
9984,10802.88
9985,4535.934
9986,4872.4395
9987,5651.6797
9988,7561.0146
9989,4514.0806
9990,6135.9263
9991,5690.1006
9992,5983.1743
9993,7582.088
9994,3575.198
9995,3908.3887
9996,6086.2695
9997,3383.2266
9998,9910.267
9999,4820.189
10000,5054.512
10001,5508.5894
10002,7848.5776
10003,8028.903
10004,6350.643
10005,3367.95
10006,5200.928
10007,3710.8794
10008,4704.964
10009,5780.7036
10010,7366.0156
10011,10340.984
10012,6255.916
10013,9070.787
10014,8452.731
10015,6098.6357
10016,7722.7476
10017,10575.178
10018,5286.375
10019,5073.5635
10020,4077.063
10021,5804.772
10022,5405.3438
10023,6762.391
10024,4142.974
10025,8536.521
10026,7837.94
10027,7851.3926
10028,3962.3027
10029,6780.7925
10030,3474.544
10031,10780.01
10032,7124.1396
10033,7913.991
10034,7293.372
10035,4786.166
10036,4578.3823
10037,3240.4546
10038,4726.889
10039,3737.656
10040,3594.276
10041,8039.0557
10042,8721.988
10043,8219.797
10044,10125.865
10045,9313.077
10046,2038.9583
10047,7705.5747
10048,3480.9236
10049,11075.828
10050,5490.775
10051,6735.6377
10052,9994.682
10053,6903.546
10054,6017.7666
10055,8510.718
10056,7435.0913
10057,8736.258
10058,3494.2383
10059,4629.8843
10060,5850.3296
10061,8276.249
10062,9850.916
10063,8285.846
10064,5681.1196
10065,4805.9336
10066,5327.194
10067,4535.229
10068,6055.9375
10069,7495.186
10070,4347.7246
10071,3730.3325
10072,4883.369
10073,7086.763
10074,4607.978
10075,7697.9717
10076,4858.614
10077,7356.9863
10078,8081.4077
10079,7521.8203
10080,4294.327
10081,5322.7495
10082,9690.511
10083,6354.5815
10084,6109.5757
10085,3070.5535
10086,7042.043
10087,4672.5386
10088,5796.4175
10089,6000.0796
10090,7626.8467
10091,4418.6846
10092,6670.94
10093,1976.4867
10094,7864.141
10095,4690.66
10096,8650.746
10097,8491.057
10098,5922.031
10099,10648.302
10100,9460.745
10101,3569.8577
10102,4028.3567
10103,4856.496
10104,4744.6284
10105,4841.099
10106,10943.679
10107,7894.638
10108,10615.377
10109,3958.9478
10110,5427.4043
10111,8898.819
10112,6266.421
10113,7912.4287
10114,4907.4404
10115,9369.402
10116,9376.045
10117,8110.8984
10118,6293.5073
10119,4868.003
10120,7280.5483
10121,8544.668
10122,7801.7954
10123,4738.966
10124,4583.1143
10125,10962.629
10126,7518.234
10127,4655.961
10128,5491.686
10129,5982.9917
10130,5074.081
10131,4721.4634
10132,4064.714
10133,7800.203
10134,3636.0974
10135,10403.397
10136,7823.092
10137,6489.6387
10138,4503.93
10139,5032.287
10140,8134.745
10141,7742.4546
10142,3753.5667
10143,9809.999
10144,5960.333
10145,7521.081
10146,3871.1465
10147,5547.059
10148,9301.2705
10149,7900.461
10150,7156.0938
10151,5396.725
10152,9009.226
10153,8926.991
10154,4274.057
10155,8206.636
10156,5151.6577
10157,4343.3555
10158,6022.2744
10159,3313.9263
10160,5882.1953
10161,7503.0254
10162,4290.2207
10163,8153.512
10164,7747.005
10165,7158.729
10166,6495.5776
10167,7838.9043
10168,4161.924
10169,5688.022
10170,4909.9316
10171,7637.351
10172,6171.172
10173,9412.862
10174,5277.468
10175,4660.4756
10176,5446.801
10177,6121.3994
10178,11033.138
10179,5983.1973
10180,7809.278
10181,7839.158
10182,5820.0903
10183,4930.9253
10184,5288.206
10185,6159.135
10186,6432.339
10187,3422.6028
10188,7537.7065
10189,9986.487
10190,10536.195
10191,5707.93
10192,3996.7903
10193,6043.5654
10194,4543.72
10195,4840.799
10196,5490.927
10197,4611.685
10198,4581.4185
10199,4903.6177
10200,10219.619
10201,8112.2056
10202,7683.7773
10203,10739.361
10204,5350.829
10205,6407.3374
10206,5288.342
10207,6262.531
10208,4019.5935
10209,8195.842
10210,7380.475
10211,4557.054
10212,5060.6055
10213,6564.3823
10214,4521.9243
10215,5446.406
10216,10052.07
10217,4665.96
10218,5599.881
10219,6171.196
10220,4072.9736
10221,5085.0073
10222,4654.216
10223,9788.587
10224,4573.485
10225,4180.342
10226,8595.724
10227,4810.571
10228,8217.821
10229,4708.533
10230,5979.58
10231,4759.8096
10232,7886.405
10233,8198.492
10234,4598.5728
10235,7730.8765
10236,6939.8833
10237,3831.312
10238,10299.378
10239,4909.983
10240,5624.881
10241,5644.202
10242,5105.853
10243,5784.68
10244,4316.274
10245,4813.7656
10246,5358.966
10247,3205.7654
10248,5053.1045
10249,6332.3516
10250,8674.476
10251,5299.077
10252,6526.082
10253,7708.096
10254,6001.144
10255,4416.8896
10256,4505.06
10257,8941.196
10258,5867.8164
10259,5065.5024
10260,8068.038
10261,7612.3555
10262,4429.036
10263,4001.3032
10264,5859.114
10265,6937.9443
10266,5925.4775
10267,5310.163
10268,6313.7817
10269,8166.9067
10270,7758.2446
10271,8204.758
10272,3471.0422
10273,8891.913
10274,5959.037
10275,7276.883
10276,9701.96
10277,8670.29
10278,9246.466
10279,6599.709
10280,4880.9287
10281,3435.3796
10282,5442.2773
10283,3852.267
10284,7531.1885
10285,4271.95
10286,4277.4224
10287,6193.8877
10288,4818.8555
10289,6598.2046
10290,4920.471
10291,7215.0347
10292,4333.4067
10293,5831.1313
10294,4261.7217
10295,6770.7812
10296,4404.2847
10297,8778.263
10298,4271.4365
10299,5775.253
10300,5962.3804
10301,5593.8374
10302,4487.9893
10303,3944.9314
10304,5281.456
10305,3746.6553
10306,5575.3213
10307,5578.5503
10308,5489.3765
10309,8393.241
10310,6595.317
10311,7480.581
10312,5607.0376
10313,4523.007
10314,8323.898
10315,3321.82
10316,5375.6045
10317,6655.998
10318,7327.6294
10319,4733.942
10320,3277.2034
10321,3684.5547
10322,7518.528
10323,4529.375
10324,5041.983
10325,7168.691
10326,4760.3364
10327,6631.126
10328,9676.564
10329,7417.4897
10330,7492.5273
10331,5250.67
10332,4623.009
10333,7274.69
10334,5418.037
10335,5308.9175
10336,4633.631
10337,7307.2217
10338,9196.001
10339,4817.224
10340,5753.0957
10341,9991.584
10342,4753.707
10343,4314.6934
10344,4270.764
10345,5393.4985
10346,4605.4517
10347,5404.6323
10348,5075.737
10349,3322.0388
10350,5713.9385
10351,4234.6157
10352,9390.032
10353,7115.8955
10354,10464.879
10355,6307.925
10356,3837.9512
10357,9416.769
10358,6510.6816
10359,4159.5938
10360,9464.049
10361,7615.754
10362,7721.4
10363,5668.0967
10364,5837.787
10365,7540.065
10366,4371.5034
10367,4970.792
10368,3651.4854
10369,4708.524
10370,4543.634
10371,8909.342
10372,3930.215
10373,3439.695
10374,6258.3213
10375,6364.3413
10376,4539.172
10377,5751.252
10378,4180.362
10379,8329.481
10380,7515.696
10381,6959.1724
10382,4520.285
10383,3489.911
10384,5640.2407
10385,4199.7065
10386,6296.1733
10387,7391.5425
10388,4647.916
10389,5352.789
10390,3809.3406
10391,9666.814
10392,3224.7642
10393,5819.013
10394,7052.4683
10395,7642.124
10396,3915.5945
10397,5854.7
10398,4837.531
10399,5846.2236
10400,6887.6885
10401,4024.892
10402,5571.1963
10403,7359.211
10404,5147.7524
10405,4498.812
10406,6983.4824
10407,7305.737
10408,7768.2627
10409,7128.7417
10410,4735.432
10411,3251.3015
10412,7027.885
10413,5845.9727
10414,6920.8394
10415,6853.775
10416,3238.8257
10417,6886.355
10418,7058.1274
10419,6533.2505
10420,4156.524
10421,7477.556
10422,2930.0547
10423,7790.5894
10424,7622.9707
10425,4562.2954
10426,9092.147
10427,2833.2673
10428,6489.1313
10429,6641.849
10430,4997.873
10431,7176.6885
10432,6297.8794
10433,3945.8386
10434,8941.648
10435,3922.4995
10436,4268.329
10437,3492.1555
10438,4357.7183
10439,7051.284
10440,4265.5776
10441,7698.1187
10442,9452.285
10443,7244.756
10444,3536.2349
10445,7497.953
10446,7403.3325
10447,3161.5186
10448,3617.529
10449,7587.3184
10450,4581.362
10451,7430.7314
10452,5612.87
10453,5233.8237
10454,4551.52
10455,5987.2793
10456,5981.634
10457,4224.2393
10458,4116.1484
10459,3794.9055
10460,7763.559
10461,7764.359
10462,4544.6567
10463,7029.688
10464,7105.159
10465,3199.3313
10466,7817.4233
10467,2831.381
10468,4284.822
10469,3187.943
10470,4537.6304
10471,5326.122
10472,5132.24
10473,8739.0
10474,20370.13
10475,6152.752
10476,4706.786
10477,7050.874
10478,7644.129
10479,9492.534
10480,4918.3877
10481,7416.8174
10482,5435.035
10483,4612.248
10484,3342.8965
10485,7450.3896
10486,4076.2773
10487,3875.3547
10488,7474.704
10489,5118.2144
10490,3956.3276
10491,7434.7227
10492,5431.2417
10493,3205.1724
10494,7737.0728
10495,7633.3896
10496,7952.5513
10497,5639.746
10498,4714.663
10499,9588.697
10500,6059.144
10501,6113.3823
10502,5229.5767
10503,8320.93
10504,4545.6626
10505,5418.6055
10506,9355.259
10507,4171.415
10508,5307.287
10509,6633.916
10510,3253.4453
10511,4270.6504
10512,9019.232
10513,5730.9414
10514,5351.605
10515,6751.48
10516,6308.5024
10517,4498.237
10518,5907.571
10519,10301.255
10520,3447.3818
10521,4735.8613
10522,3727.8958
10523,8329.085
10524,4175.3804
10525,4463.036
10526,5048.8843
10527,7763.7
10528,4051.1738
10529,12054.864
10530,9410.699
10531,3952.4348
10532,5304.1846
10533,4277.1445
10534,7474.754
10535,9841.581
10536,3752.2815
10537,3401.326
10538,5509.8506
10539,4968.6353
10540,7477.4634
10541,3980.3616
10542,4456.034
10543,3522.8008
10544,5635.39
10545,3458.1228
10546,4911.604
10547,7671.497
10548,9440.149
10549,4552.51
10550,9359.926
10551,5891.6123
10552,7553.6553
10553,3975.9897
10554,4342.1914
10555,7809.5903
10556,3777.468
10557,6534.6777
10558,4527.8027
10559,4342.22
10560,4746.9873
10561,3694.9556
10562,5182.961
10563,9868.52
10564,5590.642
10565,4746.7334
10566,7895.956
10567,7117.124
10568,4523.814
10569,4289.594
10570,7500.707
10571,9500.042
10572,6358.11
10573,7507.7
10574,6051.4106
10575,5441.5093
10576,7700.3066
10577,4591.9756
10578,4659.7466
10579,6605.0054
10580,9240.542
10581,4323.518
10582,5163.0166
10583,3095.5386
10584,5157.4985
10585,4381.0713
10586,3758.9917
10587,5771.3374
10588,5756.076
10589,4042.7156
10590,10509.589
10591,3628.7063
10592,6033.8086
10593,9229.408
10594,5019.128
10595,4874.3174
10596,4038.9534
10597,5145.455
10598,7787.2983
10599,4149.69
10600,6037.533
10601,7623.7266
10602,5838.1494
10603,4849.238
10604,4226.069
10605,7336.399
10606,5918.191
10607,8734.434
10608,8976.323
10609,5647.988
10610,7595.2974
10611,3594.1697
10612,5772.3066
10613,4422.8765
10614,7636.12
10615,5477.4985
10616,10397.763
10617,9888.117
10618,7984.526
10619,4682.7827
10620,5159.585
10621,5481.1514
10622,4798.815
10623,7475.688
10624,7951.6333
10625,3759.232
10626,7170.5103
10627,5298.779
10628,5115.0225
10629,7448.855
10630,5898.112
10631,7683.169
10632,7396.267
10633,9649.893
10634,7964.499
10635,3441.0571
10636,9257.876
10637,7661.435
10638,9451.275
10639,4759.7505
10640,4402.7305
10641,7642.379
10642,3927.0295
10643,5071.6665
10644,5429.424
10645,8761.492
10646,5833.98
10647,3371.6565
10648,5352.5645
10649,3899.529
10650,3862.8723
10651,7897.6357
10652,5247.22
10653,4176.9536
10654,4495.629
10655,9831.262
10656,4916.244
10657,7612.319
10658,4197.6562
10659,6344.4854
10660,5578.433
10661,5435.787
10662,5977.436
10663,7563.121
10664,9678.383
10665,4829.011
10666,6161.3794
10667,3146.5193
10668,4684.6953
10669,6881.719
10670,4183.7207
10671,5762.6245
10672,4542.3594
10673,4083.45
10674,5201.6274
10675,8042.5684
10676,6287.4473
10677,4739.9873
10678,7382.115
10679,7090.157
10680,7791.7935
10681,9882.695
10682,7694.6245
10683,5195.558
10684,7930.7964
10685,5472.2134
10686,4980.669
10687,7723.4253
10688,6057.2837
10689,4289.128
10690,8086.2964
10691,5964.485
10692,10653.31
10693,4758.0845
10694,4649.1753
10695,6007.295
10696,7891.364
10697,7446.3613
10698,10432.889
10699,6014.9146
10700,5564.94
10701,7620.5205
10702,3254.2678
10703,7699.9175
10704,7630.565
10705,5385.8433
10706,18852.95
10707,5326.8994
10708,3788.4382
10709,9385.055
10710,5178.202
10711,5441.0005
10712,3718.5264
10713,10287.4795
10714,4887.74
10715,4051.7766
10716,7311.1187
10717,5758.8438
10718,5400.917
10719,4646.0234
10720,6050.7065
10721,9031.482
10722,8031.4917
10723,10798.852
10724,7720.2363
10725,3447.1353
10726,6888.1616
10727,10521.323
10728,4913.933
10729,5809.425
10730,4544.713
10731,5177.985
10732,4463.364
10733,8453.569
10734,6741.6665
10735,5257.1445
10736,7447.299
10737,3527.1184
10738,4037.2778
10739,4800.523
10740,5205.38
10741,5973.184
10742,3845.9885
10743,7328.6914
10744,6738.272
10745,5712.446
10746,7176.2915
10747,5802.7456
10748,5791.731
10749,5209.3438
10750,4104.1196
10751,8693.592
10752,4860.6763
10753,5080.106
10754,9995.312
10755,4801.7456
10756,7862.319
10757,7946.69
10758,4206.2295
10759,3568.1348
10760,7658.783
10761,3742.3938
10762,5988.1187
10763,3390.6675
10764,7122.285
10765,9827.849
10766,5874.654
10767,6377.7163
10768,4682.89
10769,5081.4336
10770,6304.9897
10771,4701.4062
10772,10301.677
10773,8530.287
10774,7175.9697
10775,7756.594
10776,4442.042
10777,4739.6616
10778,4079.2297
10779,4638.6367
10780,4202.468
10781,6277.6978
10782,7075.4233
10783,7538.2676
10784,5928.0776
10785,8239.75
10786,7242.739
10787,4170.9297
10788,7978.778
10789,4371.666
10790,4649.2593
10791,5414.498
10792,3075.6516
10793,6138.4727
10794,6278.045
10795,11327.007
10796,4295.544
10797,5007.493
10798,4375.3
10799,4339.5454
10800,4057.3538
10801,7459.761
10802,6106.226
10803,6853.866
10804,7786.4
10805,4143.338
10806,8973.841
10807,4094.4963
10808,7802.4355
10809,5833.457
10810,8081.7856
10811,4005.1792
10812,4884.99
10813,5357.0083
10814,4041.2427
10815,5325.3955
10816,8664.751
10817,5623.175
10818,4172.2188
10819,8066.507
10820,4814.6978
10821,3407.906
10822,6580.8325
10823,5155.0493
10824,4669.362
10825,3682.0986
10826,4269.5137
10827,9378.737
10828,4463.3384
10829,4332.5845
10830,5892.511
10831,7809.2256
10832,4163.8257
10833,5996.5664
10834,6547.4365
10835,7852.1714
10836,3504.3928
10837,8578.908
10838,4490.914
10839,6423.8286
10840,10953.933
10841,4599.2524
10842,4939.8843
10843,5729.952
10844,7665.4336
10845,4577.1157
10846,6221.8477
10847,5769.3726
10848,6066.9053
10849,7685.9766
10850,3624.6897
10851,3963.1152
10852,6173.486
10853,3429.6133
10854,10037.958
10855,4886.9897
10856,5125.567
10857,5585.11
10858,7958.356
10859,8140.97
10860,6438.7354
10861,3414.437
10862,5272.6475
10863,3762.5037
10864,4770.2275
10865,5860.4775
10866,7469.5083
10867,10486.7295
10868,6345.1753
10869,9197.649
10870,8578.859
10871,6183.6045
10872,7830.7363
10873,10719.346
10874,5358.848
10875,5144.3853
10876,4134.0166
10877,5884.0415
10878,5480.566
10879,6857.2666
10880,4200.8965
10881,8659.117
10882,7944.477
10883,7964.218
10884,4017.1938
10885,6875.2896
10886,3524.5454
10887,10935.112
10888,7224.4688
10889,8023.4673
10890,7395.2656
10891,4852.157
10892,4642.444
10893,3286.8591
10894,4792.1685
10895,3789.859
10896,3644.2961
10897,8151.762
10898,8846.782
10899,8334.154
10900,10271.41
10901,9444.373
10902,2067.3347
10903,7813.5396
10904,3529.6394
10905,11228.876
10906,5566.947
10907,6829.825
10908,10136.727
10909,7000.9355
10910,6102.767
10911,8628.036
10912,7539.4033
10913,8863.42
10914,3542.319
10915,4695.0557
10916,5931.777
10917,8391.072
10918,9989.05
10919,8400.97
10920,5761.8276
10921,4871.7935
10922,5400.7466
10923,4599.13
10924,6140.4053
10925,7599.1523
10926,4407.8613
10927,3783.1152
10928,4951.7725
10929,7185.161
10930,4671.9814
10931,7804.7056
10932,4925.9424
10933,7454.946
10934,8192.707
10935,7626.1777
10936,4353.331
10937,5396.4214
10938,9824.925
10939,6439.0547
10940,6194.49
10941,3113.3523
10942,7139.2817
10943,4738.2065
10944,5876.3296
10945,6082.8745
10946,7735.206
10947,4480.0376
10948,6764.0684
10949,2004.3287
10950,7973.1562
10951,4756.6055
10952,8776.664
10953,8604.977
10954,6003.136
10955,10797.688
10956,9589.311
10957,3619.759
10958,4084.2563
10959,4924.4106
10960,4811.1123
10961,4907.974
10962,11095.854
10963,8004.2593
10964,10764.034
10965,4015.4277
10966,5502.309
10967,9023.768
10968,6352.745
10969,8022.0747
10970,4975.626
10971,9500.469
10972,9508.608
10973,8222.564
10974,6381.611
10975,4935.791
10976,7381.4814
10977,8663.305
10978,7909.207
10979,4803.825
10980,4646.617
10981,11121.8545
10982,7627.807
10983,4720.0586
10984,5566.899
10985,6065.684
10986,5143.0703
10987,4787.2524
10988,4121.547
10989,7908.566
10990,3686.4216
10991,10549.056
10992,7932.582
10993,6581.912
10994,4566.336
10995,5101.9194
10996,8249.281
10997,7848.974
10998,3805.8936
10999,9952.542
11000,6043.139
11001,7624.0396
11002,3924.1125
11003,5624.0225
11004,9431.149
11005,8012.623
11006,7258.6655
11007,5472.5786
11008,9134.399
11009,9047.924
11010,4333.8325
11011,8320.962
11012,5222.947
11013,4403.436
11014,6106.581
11015,3360.171
11016,5963.757
11017,7607.7607
11018,4349.4956
11019,8266.451
11020,7857.9707
11021,7258.4717
11022,6585.303
11023,7947.0615
11024,4221.1216
11025,5766.2974
11026,4977.938
11027,7744.2344
11028,6256.817
11029,9542.06
11030,5351.1196
11031,4725.221
11032,5521.5464
11033,6206.6973
11034,11184.231
11035,6064.0874
11036,7918.7935
11037,7947.827
11038,5900.357
11039,4999.4272
11040,5364.3
11041,6246.102
11042,6524.358
11043,3470.6714
11044,7643.13
11045,10126.967
11046,10679.842
11047,5786.5293
11048,4051.8423
11049,6129.0356
11050,4607.7275
11051,4908.986
11052,5566.973
11053,4675.655
11054,4645.6733
11055,4971.9443
11056,10362.359
11057,8226.009
11058,7793.399
11059,10887.969
11060,5426.364
11061,6496.699
11062,5361.635
11063,6348.5776
11064,4076.5068
11065,8309.985
11066,7486.305
11067,4620.9937
11068,5129.9985
11069,6655.7817
11070,4584.636
11071,5522.6787
11072,10192.257
11073,4731.4634
11074,5677.734
11075,6254.5317
11076,4129.37
11077,5156.176
11078,4718.9556
11079,9924.465
11080,4637.1636
11081,4240.1133
11082,8713.698
11083,4878.4854
11084,8330.968
11085,4774.0967
11086,6062.4336
11087,4826.3726
11088,7994.3022
11089,8312.815
11090,4662.9165
11091,7841.3345
11092,7036.772
11093,3884.5706
11094,10443.0625
11095,4978.5127
11096,5702.347
11097,5722.6274
11098,5176.7505
11099,5866.5737
11100,4376.389
11101,4880.7705
11102,5433.4854
11103,3250.5508
11104,5123.2646
11105,6423.0938
11106,8795.233
11107,5373.677
11108,6616.229
11109,7814.3965
11110,6085.4688
11111,4477.8374
11112,4569.7217
11113,9063.852
11114,5949.11
11115,5134.6196
11116,8180.815
11117,7720.7075
11118,4490.3013
11119,4057.257
11120,5940.9727
11121,7035.141
11122,6004.711
11123,5383.9736
11124,6401.369
11125,8279.115
11126,7865.9717
11127,8319.112
11128,3518.9954
11129,11970.768
11130,7947.2734
11131,9706.773
11132,12949.482
11133,11567.321
11134,12342.22
11135,8805.172
11136,6511.7373
11137,4626.7764
11138,7261.7954
11139,5139.765
11140,10140.518
11141,5700.607
11142,5759.992
11143,8340.492
11144,6488.636
11145,8884.343
11146,6563.775
11147,9624.816
11148,5781.288
11149,7778.598
11150,5685.749
11151,9031.922
11152,5930.04
11153,11708.91
11154,5699.003
11155,7777.515
11156,7953.393
11157,7457.449
11158,5986.4854
11159,5310.852
11160,7045.7583
11161,4999.041
11162,7507.2705
11163,7512.4204
11164,7322.7944
11165,11197.349
11166,8880.048
11167,10070.332
11168,7549.888
11169,6089.905
11170,11105.858
11171,4472.578
11172,7238.733
11173,8965.166
11174,9774.947
11175,6314.258
11176,4371.003
11177,4961.9146
11178,10123.654
11179,6040.9434
11180,6788.5645
11181,9563.59
11182,6350.2065
11183,8927.852
11184,12911.289
11185,9896.665
11186,9994.443
11187,7070.242
11188,6225.54
11189,9796.656
11190,7295.654
11191,7148.4463
11192,6179.4243
11193,9747.166
11194,12269.757
11195,6427.929
11196,7745.5864
11197,13336.779
11198,6399.666
11199,5756.944
11200,5697.6875
11201,7194.817
11202,6145.0396
11203,7277.6187
11204,6834.908
11205,4431.766
11206,7622.1343
11207,5702.6733
11208,12525.519
11209,9582.407
11210,13963.189
11211,8412.766
11212,5169.807
11213,12562.367
11214,8765.613
11215,5600.746
11216,12629.63
11217,10159.859
11218,10299.948
11219,7632.938
11220,7789.78
11221,10055.12
11222,5831.8213
11223,6692.9985
11224,4916.9526
11225,6340.4443
11226,6117.238
11227,11882.939
11228,5292.3843
11229,4631.682
11230,8425.79
11231,8568.311
11232,6113.767
11233,7743.06
11234,5632.6924
11235,11108.7295
11236,10119.677
11237,9370.431
11238,6087.721
11239,4656.343
11240,7522.667
11241,5655.255
11242,8400.033
11243,9860.024
11244,6201.951
11245,7208.6235
11246,5128.599
11247,12894.786
11248,4342.4233
11249,7835.5405
11250,9494.29
11251,10194.59
11252,5273.975
11253,7884.6826
11254,6516.9443
11255,7799.1396
11256,9274.792
11257,5369.9824
11258,7433.2974
11259,9820.821
11260,6932.6523
11261,6057.272
11262,9315.005
11263,9747.102
11264,10362.063
11265,9510.287
11266,6378.027
11267,4377.4873
11268,9464.86
11269,7798.2617
11270,9316.036
11271,9142.436
11272,4361.7607
11273,9272.06
11274,9506.759
11275,8798.632
11276,5596.677
11277,10067.8545
11278,3944.3972
11279,10393.281
11280,10167.838
11281,6143.809
11282,12130.3955
11283,3779.6199
11284,8738.533
11285,8944.275
11286,6667.925
11287,9571.849
11288,8403.118
11289,5315.2153
11290,11933.503
11291,5233.6587
11292,5693.9443
11293,4703.519
11294,5813.427
11295,9406.795
11296,5744.4263
11297,10269.607
11298,12613.655
11299,9664.058
11300,4761.2764
11301,10094.719
11302,9879.067
11303,4216.6064
11304,4872.528
11305,10122.602
11306,6169.3535
11307,10005.508
11308,7488.4478
11309,7049.0117
11310,6072.347
11311,7986.651
11312,7979.0977
11313,5688.0005
11314,5542.664
11315,5062.7686
11316,10454.403
11317,10358.763
11318,6119.9517
11319,9373.282
11320,9478.683
11321,4308.364
11322,10429.168
11323,3778.8086
11324,5716.43
11325,4292.701
11326,6053.7256
11327,7105.9995
11328,6912.6387
11329,11763.242
11330,27168.656
11331,8284.921
11332,6337.8687
11333,9406.957
11334,10198.461
11335,12662.207
11336,6622.732
11337,9894.429
11338,7317.53
11339,6210.671
11340,4500.2627
11341,9939.735
11342,5491.9165
11343,5217.1357
11344,9971.744
11345,6892.7554
11346,5326.6147
11347,10013.049
11348,7313.3994
11349,4317.1387
11350,10420.955
11351,10181.463
11352,10705.082
11353,7594.9136
11354,6348.1055
11355,12910.697
11356,8157.884
11357,8153.4185
11358,7042.412
11359,11100.924
11360,6121.598
11361,7229.1216
11362,12482.431
11363,5617.669
11364,7148.6167
11365,8846.858
11366,4340.568
11367,5698.0356
11368,12143.418
11369,7717.2397
11370,7141.999
11371,9005.342
11372,8415.27
11373,6057.3066
11374,7881.9985
11375,13743.116
11376,4643.259
11377,6317.8
11378,5020.1523
11379,11114.94
11380,5570.415
11381,5952.7656
11382,6798.634
11383,10356.866
11384,5402.715
11385,16079.519
11386,12675.993
11387,5323.171
11388,7143.2188
11389,5759.712
11390,9971.469
11391,13125.414
11392,5052.8154
11393,4537.388
11394,7349.9233
11395,6690.5474
11396,9974.96
11397,5360.663
11398,6000.68
11399,4743.574
11400,7520.6865
11401,4612.235
11402,6614.7334
11403,10232.367
11404,12594.386
11405,6130.5615
11406,12496.868
11407,7934.7915
11408,10172.601
11409,5354.704
11410,5846.893
11411,10418.241
11412,5087.5786
11413,8800.109
11414,6041.0356
11415,5847.0547
11416,6333.856
11417,4976.0293
11418,6913.5356
11419,13160.173
11420,7457.3926
11421,6332.654
11422,10632.673
11423,9582.992
11424,6034.2803
11425,5725.232
11426,10006.872
11427,12668.113
11428,8477.073
11429,10018.695
11430,8073.6494
11431,7327.2866
11432,10269.892
11433,6125.5874
11434,6217.3984
11435,8894.56
11436,12329.043
11437,5820.6064
11438,6888.523
11439,4169.219
11440,6942.081
11441,5898.551
11442,5063.1016
11443,7698.8896
11444,7751.7427
11445,5441.587
11446,14152.934
11447,4885.6426
11448,8125.494
11449,12313.66
11450,6696.0376
11451,6503.0723
11452,5440.5747
11453,6865.244
11454,10388.059
11455,5534.9136
11456,8055.1665
11457,10170.767
11458,7860.6094
11459,6529.843
11460,5691.8267
11461,9878.897
11462,7896.89
11463,11651.728
11464,11978.42
11465,7605.2217
11466,10130.985
11467,4839.8755
11468,7700.4463
11469,5958.0083
11470,10185.697
11471,7308.288
11472,13873.983
11473,13193.326
11474,10754.788
11475,6305.657
11476,6948.5005
11477,7311.1885
11478,6401.5034
11479,10067.144
11480,10608.019
11481,5061.4116
11482,9654.522
11483,7071.443
11484,6889.0156
11485,9934.75
11486,7942.098
11487,10249.196
11488,9867.4375
11489,12872.054
11490,10625.466
11491,4633.706
11492,12350.039
11493,10220.652
11494,12605.201
11495,6407.985
11496,5928.349
11497,10193.463
11498,5287.898
11499,6765.365
11500,7242.165
11501,11685.95
11502,7855.0557
11503,4538.8125
11504,7208.1836
11505,5202.0347
11506,5202.7344
11507,10636.071
11508,7066.15
11509,5625.863
11510,6054.037
11511,13240.761
11512,6621.1973
11513,10154.009
11514,5652.4937
11515,8463.558
11516,7440.703
11517,7250.48
11518,8046.067
11519,10089.666
11520,12909.972
11521,6504.6543
11522,8296.261
11523,4195.927
11524,6250.9414
11525,9267.488
11526,5634.321
11527,7686.834
11528,6061.3984
11529,5498.479
11530,7004.6226
11531,10733.524
11532,8387.911
11533,6323.497
11534,9848.755
11535,9459.446
11536,10394.451
11537,13184.471
11538,10360.067
11539,6997.077
11540,10581.554
11541,7299.712
11542,6707.0513
11543,10303.76
11544,8156.7246
11545,5776.327
11546,10787.59
11547,8033.583
11548,14343.012
11549,6348.6865
11550,6258.9717
11551,8089.0503
11552,10528.37
11553,10027.231
11554,13918.887
11555,8098.02
11556,7492.5845
11557,10167.043
11558,4381.974
11559,10272.164
11560,10181.055
11561,7185.36
11562,25149.527
11563,7105.1797
11564,5052.83
11565,12519.177
11566,6908.6577
11567,7258.5063
11568,5007.77
11569,13718.666
11570,6581.5923
11571,5405.478
11572,9851.715
11573,7754.4565
11574,7273.767
11575,6195.731
11576,8071.155
11577,12054.116
11578,10715.665
11579,14538.388
11580,10398.4375
11581,4643.4136
11582,9189.197
11583,14028.7705
11584,6618.072
11585,7750.264
11586,6119.934
11587,6972.314
11588,6008.4697
11589,11277.861
11590,8995.256
11591,7078.866
11592,10029.183
11593,4705.9062
11594,5435.9478
11595,6463.57
11596,7009.2944
11597,8044.778
11598,5179.185
11599,9774.798
11600,9074.344
11601,7692.782
11602,9661.266
11603,7741.4575
11604,7799.0728
11605,7014.1294
11606,5528.74
11607,11599.802
11608,6482.518
11609,6776.848
11610,13333.485
11611,6406.5
11612,10588.561
11613,10601.08
11614,5664.8916
11615,4757.286
11616,10213.686
11617,5039.3623
11618,8063.9756
11619,4565.4214
11620,9588.569
11621,13109.575
11622,7836.9307
11623,8508.349
11624,6249.5107
11625,6778.4126
11626,8491.389
11627,6331.7173
11628,13874.434
11629,11379.48
11630,9662.666
11631,10350.003
11632,5925.353
11633,6322.7676
11634,5494.3213
11635,6188.7026
11636,5608.487
11637,8453.723
11638,9530.399
11639,10151.529
11640,7908.166
11641,11092.605
11642,9752.578
11643,5617.519
11644,10643.002
11645,5886.652
11646,6260.811
11647,7290.7705
11648,4141.3228
11649,8190.293
11650,8370.505
11651,15251.98
11652,5784.7026
11653,6680.9375
11654,5835.4604
11655,5843.821
11656,5461.3203
11657,9952.371
11658,8146.539
11659,9230.825
11660,10385.78
11661,5527.8276
11662,11969.421
11663,5513.594
11664,10507.625
11665,7782.68
11666,10782.468
11667,5343.5405
11668,6577.9644
11669,7214.6973
11670,5442.127
11671,7168.39
11672,11556.173
11673,7498.919
11674,5618.5317
11675,10760.637
11676,6482.753
11677,4589.9917
11678,8862.279
11679,6877.2837
11680,6287.6694
11681,4958.456
11682,5693.9604
11683,12633.292
11684,6012.431
11685,5780.411
11686,7860.219
11687,10415.36
11688,5606.3745
11689,8000.481
11690,8733.934
11691,10573.069
11692,4718.879
11693,11443.379
11694,5990.524
11695,8569.397
11696,14613.233
11697,6135.8794
11698,6649.075
11699,7643.4507
11700,10226.386
11701,6163.3306
11702,8378.005
11703,7696.232
11704,8092.2295
11705,10348.275
11706,4880.547
11707,5286.9854
11708,8312.743
11709,4619.13
11710,13394.717
11711,6519.966
11712,6837.8555
11713,7451.463
11714,10716.156
11715,10960.789
11716,8592.748
11717,4596.5815
11718,7034.866
11719,5065.744
11720,6424.0557
11721,7893.0874
11722,9963.663
11723,13990.983
11724,8461.531
11725,12267.99
11726,11543.207
11727,8248.935
11728,10543.775
11729,14302.496
11730,7216.349
11731,6863.064
11732,5566.8403
11733,7923.3564
11734,7380.489
11735,9148.062
11736,5603.658
11737,11654.939
11738,10699.55
11739,10621.119
11740,5359.027
11741,9171.729
11742,4699.1284
11743,14582.993
11744,9727.821
11745,10703.418
11746,9959.454
11747,6474.1084
11748,6193.3735
11749,4424.83
11750,6455.049
11751,5103.545
11752,4907.3706
11753,10974.586
11754,11794.9
11755,11222.613
11756,13698.062
11757,12714.788
11758,2783.9558
11759,10422.625
11760,4752.351
11761,14974.731
11762,7496.044
11763,9111.254
11764,13529.724
11765,9339.451
11766,8218.903
11767,11512.158
11768,10151.055
11769,11817.951
11770,4771.274
11771,6320.5547
11772,7911.8325
11773,11299.6
11774,13324.815
11775,11313.856
11776,7683.6455
11777,6501.621
11778,7205.4893
11779,6136.2773
11780,8267.657
11781,10138.989
11782,5879.8843
11783,5095.728
11784,6668.79
11785,9675.144
11786,6291.539
11787,10412.291
11788,6632.3467
11789,10043.637
11790,11034.611
11791,10175.317
11792,5860.8354
11793,7199.5605
11794,13108.45
11795,8674.955
11796,8263.416
11797,4192.53
11798,9524.075
11799,6380.193
11800,7913.3193
11801,8114.543
11802,10317.558
11803,6032.099
11804,9023.371
11805,2699.169
11806,10735.89
11807,6344.891
11808,11703.74
11809,11476.935
11810,8085.0933
11811,14407.285
11812,12792.93
11813,4874.3916
11814,5448.895
11815,6630.93
11816,6418.7637
11817,6608.805
11818,14802.856
11819,10779.465
11820,14361.642
11821,5407.303
11822,7408.7856
11823,12036.413
11824,8555.171
11825,10802.004
11826,6700.2993
11827,12671.268
11828,12799.69
11829,10970.003
11830,8593.313
11831,6647.0205
11832,9846.66
11833,11557.197
11834,10651.674
11835,6410.5464
11836,6258.094
11837,14827.216
11838,10171.058
11839,6357.437
11840,7497.0093
11841,8091.944
11842,6861.807
11843,6446.81
11844,5497.624
11845,10549.589
11846,4918.36
11847,14074.135
11848,10581.685
11849,8778.238
11850,6149.9595
11851,6806.4004
11852,11007.303
11853,10470.929
11854,5124.897
11855,13272.382
11856,8062.1914
11857,10263.791
11858,5283.9854
11859,7502.7036
11860,12581.432
11861,10686.088
11862,9769.625
11863,7367.744
11864,12302.145
11865,12185.266
11866,5780.7695
11867,11204.025
11868,6966.0854
11869,5874.99
11870,8143.4707
11871,4525.1343
11872,7955.9497
11873,10150.29
11874,5857.0464
11875,11131.724
11876,10481.091
11877,9682.252
11878,8869.002
11879,10706.522
11880,5632.574
11881,7765.3
11882,6641.4565
11883,10329.589
11884,8422.424
11885,12731.255
11886,7137.198
11887,6303.655
11888,7434.2974
11889,8279.044
11890,14924.23
11891,8167.7715
11892,10562.729
11893,10607.188
11894,7869.356
11895,6732.2656
11896,7219.874
11897,8410.029
11898,8704.2705
11899,4673.5728
11900,10195.339
11901,13508.475
11902,14254.574
11903,7794.67
11904,5405.679
11905,8177.609
11906,6204.0693
11907,6547.499
11908,7427.075
11909,6296.0474
11910,6200.283
11911,6696.134
11912,13956.679
11913,10973.152
11914,10394.213
11915,14659.788
11916,7238.443
11917,8747.898
11918,7153.8145
11919,8468.766
11920,5436.1035
11921,11086.418
11922,10078.874
11923,6163.66
11924,6844.544
11925,8962.85
11926,6116.1646
11927,7435.5596
11928,13594.54
11929,6311.482
11930,7575.43
11931,8422.352
11932,5560.923
11933,6942.909
11934,6295.0625
11935,13242.655
11936,6187.2036
11937,5706.956
11938,11625.509
11939,6506.9937
11940,11115.184
11941,6369.898
11942,8163.7993
11943,6499.668
11944,10666.028
11945,11089.315
11946,6279.3506
11947,10459.81
11948,9475.618
11949,5230.874
11950,13929.418
11951,6641.1016
11952,7608.7695
11953,7635.902
11954,6905.7256
11955,7826.928
11956,5894.0684
11957,6571.643
11958,7316.741
11959,4377.47
11960,6899.596
11961,8652.289
11962,11732.094
11963,7168.4175
11964,8826.958
11965,10425.299
11966,8192.605
11967,6030.8223
11968,6096.3325
11969,12206.657
11970,7937.433
11971,6851.0493
11972,10912.629
11973,10393.678
11974,6046.6445
11975,5462.988
11976,7924.7246
11977,9384.509
11978,8088.5796
11979,7250.3486
11980,8538.248
11981,11045.383
11982,10492.943
11983,11098.743
11984,4739.264
11985,12140.801
11986,8064.7295
11987,9839.826
11988,13115.053
11989,11728.782
11990,12509.139
11991,8927.162
11992,6602.032
11993,4691.121
11994,7362.1177
11995,5211.9033
11996,10281.211
11997,5778.2725
11998,5839.798
11999,8455.988
12000,6578.598
12001,9008.254
12002,6654.9565
12003,9759.539
12004,5860.9136
12005,7886.5703
12006,5764.84
12007,9157.175
12008,6013.114
12009,11872.574
12010,5778.4434
12011,7884.6675
12012,8064.8296
12013,7562.789
12014,6069.591
12015,5384.9854
12016,7143.5933
12017,5067.547
12018,7611.8687
12019,7616.4517
12020,7425.1133
12021,11357.936
12022,9004.586
12023,10210.276
12024,7655.3726
12025,6175.435
12026,11258.914
12027,4535.653
12028,7340.9067
12029,9090.89
12030,9910.844
12031,6402.395
12032,4433.466
12033,5030.9097
12034,10265.299
12035,6125.8853
12036,6884.7983
12037,9697.612
12038,6439.3555
12039,9053.233
12040,13091.421
12041,10034.226
12042,10136.649
12043,7168.5884
12044,6311.867
12045,9933.944
12046,7397.622
12047,7247.41
12048,6267.3594
12049,9884.666
12050,12441.402
12051,6517.3916
12052,7854.209
12053,13517.6
12054,6488.692
12055,5836.7183
12056,5777.016
12057,7295.3965
12058,6231.154
12059,7376.4707
12060,6929.6704
12061,4492.9194
12062,7726.417
12063,5783.1797
12064,12698.598
12065,9715.859
12066,14151.3
12067,8531.027
12068,5240.088
12069,12736.307
12070,8888.86
12071,5678.4595
12072,12802.084
12073,10300.586
12074,10443.671
12075,7739.9146
12076,7897.455
12077,10192.977
12078,5912.9546
12079,6786.564
12080,4985.4365
12081,6428.4688
12082,6203.5664
12083,12050.933
12084,5366.5874
12085,4696.6953
12086,8542.875
12087,8690.98
12088,6197.936
12089,7852.1714
12090,5710.5713
12091,11261.31
12092,10260.268
12093,9501.728
12094,6172.7793
12095,4720.2793
12096,7629.3936
12097,5733.8174
12098,8516.329
12099,9995.864
12100,6290.135
12101,7307.9326
12102,5201.077
12103,13072.768
12104,4403.999
12105,7945.3335
12106,9629.022
12107,10336.872
12108,5347.66
12109,7994.989
12110,6605.919
12111,7907.4194
12112,9403.916
12113,5443.928
12114,7537.4116
12115,9953.102
12116,7029.7686
12117,6140.8794
12118,9446.166
12119,9882.695
12120,10506.793
12121,9640.398
12122,6466.505
12123,4439.9663
12124,9594.809
12125,7906.2427
12126,9450.689
12127,9269.168
12128,4422.138
12129,9403.404
12130,9634.249
12131,8920.276
12132,5674.9453
12133,10206.139
12134,4001.0361
12135,10537.532
12136,10310.062
12137,6229.1216
12138,12301.323
12139,3833.0156
12140,8860.31
12141,9067.959
12142,6759.534
12143,9705.125
12144,8519.059
12145,5387.8164
12146,12098.033
12147,5306.887
12148,5773.5234
12149,4768.999
12150,5893.0117
12151,9538.074
12152,5823.5444
12153,10413.364
12154,12786.245
12155,9797.423
12156,4825.8105
12157,10237.15
12158,10015.857
12159,4274.999
12160,4938.3955
12161,10262.655
12162,6254.7583
12163,10146.525
12164,7592.074
12165,7147.233
12166,6156.063
12167,8097.7964
12168,8091.7817
12169,5767.0674
12170,5619.7
12171,5132.627
12172,10600.767
12173,10502.835
12174,6204.7676
12175,9507.702
12176,9610.754
12177,4368.5938
12178,10574.673
12179,3831.7507
12180,5796.3345
12181,4352.6167
12182,6136.9917
12183,7204.754
12184,7009.836
12185,11929.361
12186,27557.617
12187,8399.896
12188,6426.9175
12189,9536.655
12190,10336.104
12191,12840.224
12192,6711.403
12193,10032.761
12194,7420.872
12195,6297.4106
12196,4563.6577
12197,10077.683
12198,5567.9873
12199,5290.406
12200,10109.19
12201,6988.806
12202,5402.4624
12203,10151.732
12204,7416.082
12205,4377.6167
12206,10564.279
12207,10320.805
12208,10851.818
12209,7700.1084
12210,6437.347
12211,13091.621
12212,8272.327
12213,8267.129
12214,7140.1807
12215,11256.315
12216,6205.3716
12217,7329.335
12218,12654.42
12219,5696.9756
12220,7246.2417
12221,8968.51
12222,4400.6396
12223,5777.1484
12224,12313.073
12225,7824.0845
12226,7240.39
12227,9131.873
12228,8532.248
12229,6142.0103
12230,7990.5063
12231,13932.261
12232,4706.921
12233,6405.4736
12234,5089.889
12235,11264.962
12236,5647.6216
12237,6036.9688
12238,6893.676
12239,10500.802
12240,5479.437
12241,16305.684
12242,12846.495
12243,5396.38
12244,7242.0825
12245,5839.9873
12246,10110.714
12247,13306.579
12248,5122.429
12249,4600.3936
12250,7452.195
12251,6784.26
12252,10114.679
12253,5435.7456
12254,6084.627
12255,4809.653
12256,7623.9814
12257,4675.494
12258,6706.7124
12259,10375.642
12260,12770.183
12261,6215.9395
12262,12659.574
12263,8044.4556
12264,10313.77
12265,5428.7456
12266,5929.5483
12267,10563.212
12268,5158.478
12269,8922.642
12270,6125.494
12271,5928.728
12272,6422.248
12273,5045.0425
12274,7010.451
12275,13339.909
12276,7561.642
12277,6420.233
12278,10780.822
12279,9715.832
12280,6119.018
12281,5806.9595
12282,10145.335
12283,12844.143
12284,8594.952
12285,10158.987
12286,8186.2866
12287,7429.399
12288,10415.003
12289,6211.263
12290,6303.853
12291,9020.91
12292,12501.017
12293,5901.8374
12294,6983.076
12295,4228.2666
12296,7039.37
12297,5982.735
12298,5133.64
12299,7806.195
12300,7859.1475
12301,5518.9136
12302,14348.457
12303,4954.8247
12304,8239.805
12305,12484.276
12306,6788.331
12307,6592.4487
12308,5515.072
12309,6961.921
12310,10533.262
12311,5611.783
12312,8166.377
12313,10312.127
12314,7970.936
12315,6620.559
12316,5770.903
12317,10017.749
12318,8006.626
12319,11810.322
12320,12143.985
12321,7709.5444
12322,10272.164
12323,4908.026
12324,7808.0786
12325,6038.823
12326,10327.028
12327,7407.3374
12328,14065.171
12329,13372.8125
12330,10901.062
12331,6393.3877
12332,7045.8457
12333,7413.126
12334,6491.979
12335,10206.1
12336,10755.547
12337,5133.0527
12338,9788.512
12339,7167.4604
12340,6984.328
12341,10075.347
12342,8053.3843
12343,10391.745
12344,10004.896
12345,13051.888
12346,10772.456
12347,4699.559
12348,12523.142
12349,10362.745
12350,12780.479
12351,6498.0996
12352,6011.8003
12353,10337.001
12354,5361.108
12355,6859.0654
12356,7343.3506
12357,11849.112
12358,7965.479
12359,4603.44
12360,7308.4414
12361,5274.6997
12362,5274.8403
12363,10784.134
12364,7164.3096
12365,5701.9937
12366,6138.578
12367,13425.656
12368,6713.1187
12369,10293.083
12370,5731.2695
12371,8586.775
12372,7544.734
12373,7353.668
12374,8156.312
12375,10229.254
12376,13091.683
12377,6594.9897
12378,8411.321
12379,4255.6445
12380,6338.0195
12381,9397.361
12382,5712.936
12383,7794.9375
12384,6146.1006
12385,5575.2046
12386,7101.934
12387,10882.674
12388,8505.273
12389,6412.699
12390,9986.439
12391,9591.148
12392,10538.989
12393,13365.762
12394,10505.2295
12395,7093.506
12396,10726.003
12397,7401.0376
12398,6801.0986
12399,10446.43
12400,8268.951
12401,5856.264
12402,10937.188
12403,8146.92
12404,14542.1875
12405,6437.0156
12406,6349.074
12407,8201.667
12408,10674.048
12409,10167.12
12410,14113.722
12411,8211.334
12412,7595.7466
12413,10307.957
12414,4442.483
12415,10413.701
12416,10323.689
12417,7284.633
12418,25501.896
12419,7205.372
12420,5124.032
12421,12694.347
12422,7004.4556
12423,7359.0493
12424,5077.165
12425,13913.153
12426,6673.3584
12427,5480.4927
12428,9988.25
12429,7863.339
12430,7376.2666
12431,6283.215
12432,8182.2275
12433,12218.794
12434,10864.007
12435,14732.631
12436,10541.714
12437,4707.087
12438,9317.244
12439,14222.58
12440,6710.3853
12441,7858.96
12442,6204.839
12443,7069.676
12444,6094.199
12445,11434.542
12446,9119.801
12447,7176.7773
12448,10166.917
12449,4771.67
12450,5512.6157
12451,6553.966
12452,7107.328
12453,8156.958
12454,5250.9253
12455,9912.432
12456,9207.437
12457,7800.672
12458,9800.601
12459,7849.214
12460,7907.5703
12461,7112.9233
12462,5603.4873
12463,11761.964
12464,6573.6367
12465,6871.435
12466,13518.153
12467,6495.9
12468,10735.654
12469,10749.537
12470,5743.4785
12471,4825.4653
12472,10358.101
12473,5110.0723
12474,8176.517
12475,4628.1665
12476,9721.848
12477,13289.597
12478,7944.6514
12479,8626.621
12480,6334.484
12481,6873.939
12482,8608.679
12483,6420.0615
12484,14061.604
12485,11538.738
12486,9796.703
12487,10494.895
12488,6008.057
12489,6411.464
12490,5569.836
12491,6274.148
12492,5684.5723
12493,8571.073
12494,9663.781
12495,10292.5625
12496,8018.1504
12497,11250.241
12498,9887.74
12499,5696.992
12500,10791.12
12501,5968.3945
12502,6348.0205
12503,7393.3965
12504,4198.761
12505,8303.908
12506,8490.376
12507,15465.4
12508,5864.8003
12509,6775.704
12510,5915.55
12511,5925.1777
12512,5537.844
12513,10092.707
12514,8259.657
12515,9361.81
12516,10533.302
12517,5605.5186
12518,12142.851
12519,5589.2026
12520,10652.568
12521,7891.115
12522,10931.515
12523,5416.6934
12524,6670.1895
12525,7314.062
12526,5518.5713
12527,7269.093
12528,11724.409
12529,7602.313
12530,5696.612
12531,10910.225
12532,6573.3423
12533,4653.328
12534,8986.475
12535,6973.2256
12536,6375.229
12537,5027.23
12538,5773.127
12539,12809.191
12540,6094.757
12541,5860.9585
12542,7969.864
12543,10559.9375
12544,5684.9956
12545,8111.935
12546,8855.883
12547,10722.157
12548,4784.8877
12549,11603.077
12550,6074.2007
12551,8689.695
12552,14816.134
12553,6220.999
12554,6743.5957
12555,7750.5747
12556,10368.074
12557,6248.831
12558,8495.018
12559,7803.9463
12560,8206.01
12561,10495.155
12562,4949.52
12563,5360.8877
12564,8426.305
12565,4683.3057
12566,13583.744
12567,6610.7974
12568,6931.039
12569,7555.125
12570,10865.903
12571,11115.004
12572,8710.748
12573,4661.7603
12574,7132.8496
12575,5136.0205
12576,6513.309
12577,8000.992
12578,10102.771
12579,14182.796
12580,8579.407
12581,12438.341
12582,11709.58
12583,8364.1045
12584,10690.768
12585,14509.645
12586,7317.439
12587,6958.7876
12588,5643.8843
12589,8034.4644
12590,7483.2783
12591,9275.465
12592,5682.0625
12593,11816.147
12594,10849.459
12595,10768.778
12596,5434.0244
12597,9299.471
12598,4765.993
12599,14783.372
12600,9863.0625
12601,10853.153
12602,10097.599
12603,6563.199
12604,6279.279
12605,4486.5894
12606,6545.9565
12607,5174.292
12608,4975.5024
12609,11129.802
12610,11961.102
12611,11379.046
12612,13892.058
12613,12886.979
12614,2822.8987
12615,10568.644
12616,4818.649
12617,15184.635
12618,7600.653
12619,9238.03
12620,13716.011
12621,9470.017
12622,8330.363
12623,11672.649
12624,10292.956
12625,11982.064
12626,4837.369
12627,6409.917
12628,8023.498
12629,11455.664
12630,13516.207
12631,11468.443
12632,7791.355
12633,6591.7695
12634,7306.434
12635,6220.8506
12636,8383.192
12637,10278.524
12638,5962.8066
12639,5164.509
12640,6761.172
12641,9807.95
12642,6378.72
12643,10559.424
12644,6725.4946
12645,10182.366
12646,11187.837
12647,10316.396
12648,5941.2163
12649,7300.3945
12650,13289.432
12651,8795.8545
12652,8378.517
12653,4250.8936
12654,9657.276
12655,6468.5527
12656,8022.7866
12657,8227.766
12658,10461.156
12659,6115.7095
12660,9149.702
12661,2736.9197
12662,10885.404
12663,6433.063
12664,11867.275
12665,11642.852
12666,8197.616
12667,14603.969
12668,12972.4
12669,4941.892
12670,5524.9443
12671,6722.4673
12672,6507.788
12673,6701.009
12674,15009.248
12675,10928.909
12676,14561.5625
12677,5482.3335
12678,7512.7217
12679,12206.075
12680,8676.462
12681,10952.313
12682,6794.1157
12683,12844.755
12684,12981.089
12685,11122.957
12686,8713.889
12687,6740.13
12688,9984.068
12689,11717.602
12690,10800.4795
12691,6497.53
12692,6343.1665
12693,15043.213
12694,10316.278
12695,6445.8877
12696,7602.429
12697,8204.5
12698,6957.8716
12699,6536.093
12700,5575.0186
12701,10696.132
12702,4987.1675
12703,14271.006
12704,10728.039
12705,8902.054
12706,6236.2617
12707,6901.314
12708,11157.095
12709,10615.315
12710,5196.4355
12711,13455.96
12712,8174.014
12713,10408.806
12714,5358.434
12715,7608.3267
12716,12755.685
12717,10836.149
12718,9908.594
12719,7470.6343
12720,12471.971
12721,12360.22
12722,5860.0527
12723,11361.7705
12724,7062.6465
12725,5956.565
12726,8260.24
12727,4587.558
12728,8068.461
12729,10291.375
12730,5938.74
12731,11287.547
12732,10627.452
12733,9817.337
12734,8990.59
12735,10852.719
12736,5711.0073
12737,7874.026
12738,6733.4727
12739,10475.653
12740,8544.13
12741,12912.102
12742,7236.3994
12743,6391.394
12744,7538.749
12745,8394.146
12746,15138.405
12747,8281.563
12748,10710.403
12749,10751.435
12750,7983.0254
12751,6826.751
12752,7324.4917
12753,8527.14
12754,8825.09
12755,4739.3364
12756,10338.667
12757,13695.384
12758,14449.958
12759,7902.172
12760,5481.4233
12761,8290.803
12762,6291.005
12763,6639.575
12764,7530.7793
12765,6384.7524
12766,6284.4736
12767,6789.0757
12768,14152.394
12769,11126.108
12770,10539.713
12771,14854.066
12772,7339.0303
12773,8869.399
12774,7252.845
12775,8587.562
12776,5512.8315
12777,11240.363
12778,10220.331
12779,6249.916
12780,6939.003
12781,9087.907
12782,6201.194
12783,7539.418
12784,13784.664
12785,6399.483
12786,7681.2275
12787,8541.01
12788,5638.2236
12789,7039.8267
12790,6383.066
12791,13421.137
12792,6273.059
12793,5787.451
12794,11787.287
12795,6596.896
12796,11269.593
12797,6457.488
12798,8278.523
12799,6589.9653
12800,10813.858
12801,11243.183
12802,6366.472
12803,10605.55
12804,9608.206
12805,5304.944
12806,14125.559
12807,6734.4106
12808,7713.472
12809,7741.133
12810,7002.091
12811,7935.503
12812,5977.7324
12813,6664.1035
12814,7417.7373
12815,4439.1743
12816,6994.862
12817,8770.3545
12818,11894.369
12819,7267.47
12820,8950.197
12821,10570.791
12822,8309.9375
12823,6113.5107
12824,6179.2417
12825,12375.059
12826,8047.602
12827,6946.499
12828,11066.473
12829,10537.854
12830,6131.176
12831,5539.461
12832,8035.246
12833,9515.432
12834,8200.369
12835,7351.178
12836,8657.234
12837,11198.086
12838,10639.592
12839,11252.6875
12840,4804.412
12841,12307.707
12842,8175.4253
12843,9976.443
12844,13302.442
12845,11890.161
12846,12798.445
12847,9051.144
12848,6694.8115
12849,4756.3286
12850,7464.338
12851,5284.1924
12852,10424.772
12853,5859.114
12854,5921.5396
12855,8574.123
12856,6670.3164
12857,9132.6045
12858,6748.1836
12859,9895.362
12860,5942.877
12861,7996.217
12862,5845.2314
12863,9284.493
12864,6096.6
12865,12039.835
12866,5859.0522
12867,7995.5684
12868,8177.11
12869,7668.9146
12870,6154.736
12871,5460.258
12872,7242.8354
12873,5138.3433
12874,7718.138
12875,7722.733
12876,7528.754
12877,11514.223
12878,9128.93
12879,10354.11
12880,7761.923
12881,6261.3784
12882,11417.215
12883,4599.924
12884,7442.3145
12885,9219.07
12886,10049.252
12887,6490.4375
12888,4494.055
12889,5100.6396
12890,10407.883
12891,6210.067
12892,6980.066
12893,9925.26
12894,6527.881
12895,9183.134
12896,13272.002
12897,10175.23
12898,10275.888
12899,7268.7114
12900,6399.391
12901,10071.216
12902,7501.072
12903,7348.5356
12904,6352.624
12905,10018.714
12906,12615.4
12907,6607.784
12908,7962.433
12909,13703.85
12910,6580.4307
12911,5918.7725
12912,5856.7056
12913,7396.0625
12914,6317.372
12915,7481.0303
12916,7027.047
12917,4555.151
12918,7834.793
12919,5860.9697
12920,13003.703
12921,9850.906
12922,14357.054
12923,8649.344
12924,5312.291
12925,13033.042
12926,9012.268
12927,5758.5254
12928,12975.704
12929,10443.84
12930,10589.429
12931,7846.9756
12932,8007.909
12933,10339.762
12934,5995.657
12935,6881.424
12936,5055.414
12937,6518.2246
12938,6289.8887
12939,12218.468
12940,5442.3813
12941,4761.4443
12942,8661.711
12943,8809.481
12944,6284.36
12945,7960.3374
12946,5789.2065
12947,11421.637
12948,10402.058
12949,9633.707
12950,6258.0825
12951,4786.942
12952,7733.0376
12953,5813.9814
12954,8635.759
12955,10137.287
12956,6377.181
12957,7411.2026
12958,5271.41
12959,13256.088
12960,4464.6455
12961,8055.85
12962,9763.737
12963,10480.891
12964,5422.6177
12965,8108.4927
12966,6699.2637
12967,8018.25
12968,9535.673
12969,5519.9663
12970,7642.0728
12971,10093.756
12972,7127.926
12973,6227.583
12974,9576.834
12975,10021.696
12976,10653.839
12977,9777.427
12978,6556.079
12979,4497.786
12980,9728.359
12981,8017.5693
12982,9579.62
12983,9397.998
12984,4485.567
12985,9532.781
12986,9766.997
12987,9045.586
12988,5754.8794
12989,10350.111
12990,4056.1736
12991,10685.415
12992,10453.716
12993,6315.896
12994,12464.265
12995,3886.0532
12996,8983.467
12997,9193.265
12998,6854.6704
12999,9838.446
13000,8637.835
13001,5462.9614
13002,12269.066
13003,5380.2056
13004,5853.991
13005,4835.344
13006,5975.4067
13007,9671.148
13008,5905.182
13009,10557.924
13010,12969.382
13011,9934.883
13012,4894.342
13013,10382.086
13014,10153.921
13015,4334.705
13016,5007.9614
13017,10406.156
13018,6342.6035
13019,10288.539
13020,7698.067
13021,7246.221
13022,6242.5522
13023,8210.348
13024,8202.88
13025,5847.8076
13026,5698.095
13027,5204.859
13028,10747.702
13029,10649.236
13030,6291.623
13031,9638.826
13032,9744.796
13033,4428.93
13034,10721.462
13035,3884.541
13036,5876.3296
13037,4412.3667
13038,6222.299
13039,7305.221
13040,7107.708
13041,12096.567
13042,27939.434
13043,8518.182
13044,6515.9995
13045,9670.466
13046,10580.787
13047,13017.638
13048,6807.1274
13049,10172.805
13050,7525.925
13051,6385.7085
13052,4627.125
13053,10217.816
13054,5644.471
13055,5363.988
13056,10250.369
13057,7085.7427
13058,5477.342
13059,10291.631
13060,7519.6035
13061,4435.4795
13062,10714.193
13063,10464.958
13064,11005.276
13065,7808.9575
13066,6525.8394
13067,13270.585
13068,8386.184
13069,8382.025
13070,7239.9346
13071,11413.339
13072,6292.007
13073,7432.1206
13074,12952.619
13075,5776.0903
13076,7347.435
13077,9092.919
13078,4461.7036
13079,5857.9736
13080,12487.933
13081,7933.4897
13082,7339.7725
13083,9258.336
13084,8654.336
13085,6227.1255
13086,8101.991
13087,14123.134
13088,4772.4663
13089,6495.02
13090,5160.9336
13091,11423.63
13092,5726.87
13093,6121.277
13094,6989.28
13095,10646.545
13096,5556.575
13097,16532.08
13098,13024.009
13099,5472.01
13100,7343.2173
13101,5920.4604
13102,10251.953
13103,13491.157
13104,5194.379
13105,4664.807
13106,7556.7393
13107,6878.8975
13108,10255.347
13109,5513.1523
13110,6168.712
13111,4877.671
13112,7729.653
13113,4741.615
13114,6801.494
13115,10521.123
13116,12944.197
13117,6302.4883
13118,12836.746
13119,8158.9966
13120,10457.765
13121,5505.469
13122,6011.5137
13123,10711.517
13124,5229.387
13125,9047.717
13126,6210.9375
13127,6011.6914
13128,6511.104
13129,5115.8276
13130,7107.647
13131,13529.724
13132,7739.5527
13133,6509.9365
13134,10930.899
13135,9852.203
13136,6204.306
13137,5883.8115
13138,10288.362
13139,13023.015
13140,8714.546
13141,10297.473
13142,8299.909
13143,7532.6685
13144,10560.472
13145,6298.9185
13146,6393.0034
13147,9147.721
13148,12675.316
13149,5983.5796
13150,7079.697
13151,4286.5923
13152,7137.7563
13153,6065.117
13154,5204.6504
13155,7915.3804
13156,7968.663
13157,5598.77
13158,14548.68
13159,5022.0444
13160,8354.083
13161,12659.128
13162,6883.7085
13163,6685.973
13164,5592.1943
13165,7054.944
13166,10679.7705
13167,5689.406
13168,8278.42
13169,10456.817
13170,8082.965
13171,6713.394
13172,5850.452
13173,10155.675
13174,8117.647
13175,11975.678
13176,12308.799
13177,7818.445
13178,10416.642
13179,4975.7876
13180,7916.875
13181,6124.261
13182,10470.409
13183,7510.114
13184,14256.3955
13185,13560.548
13186,11055.564
13187,6482.5117
13188,7142.7075
13189,7516.04
13190,6580.8013
13191,10349.056
13192,10905.106
13193,5205.2114
13194,9926.462
13195,7267.6855
13196,7081.1216
13197,10214.757
13198,8164.3833
13199,10537.23
13200,10144.31
13201,13233.741
13202,10923.198
13203,4763.7656
13204,12697.628
13205,10508.517
13206,12958.514
13207,6588.96
13208,6095.536
13209,10480.801
13210,5435.777
13211,6955.2905
13212,7446.461
13213,12013.647
13214,8075.552
13215,4666.0044
13216,7409.7256
13217,5349.7827
13218,5347.752
13219,10933.809
13220,7264.421
13221,5781.3047
13222,6223.6934
13223,13611.263
13224,6806.4653
13225,10537.181
13226,5811.8354
13227,8703.972
13228,7650.3213
13229,7455.3086
13230,8271.846
13231,10372.218
13232,13396.621
13233,6683.391
13234,8529.141
13235,4314.4214
13236,6426.7705
13237,9527.527
13238,5793.1343
13239,7903.0464
13240,6231.82
13241,5652.558
13242,7201.2773
13243,11034.58
13244,8622.385
13245,6500.666
13246,10124.601
13247,9724.973
13248,10686.812
13249,13553.565
13250,10650.517
13251,7193.163
13252,10877.31
13253,7504.142
13254,6895.82
13255,10592.227
13256,8386.84
13257,5937.834
13258,11086.132
13259,8258.72
13260,14748.518
13261,6526.7417
13262,6436.175
13263,8315.908
13264,10822.69
13265,10308.518
13266,14308.744
13267,8325.836
13268,7702.878
13269,10450.117
13270,4503.814
13271,10559.605
13272,10469.211
13273,7386.3057
13274,26099.436
13275,7304.894
13276,5195.1963
13277,12870.766
13278,7102.0967
13279,7461.875
13280,5149.2505
13281,14109.415
13282,6765.9976
13283,5557.9536
13284,10128.744
13285,7972.099
13286,7476.0303
13287,6368.489
13288,8296.023
13289,12392.397
13290,11015.463
13291,14936.762
13292,10689.473
13293,4772.23
13294,9448.616
13295,14425.682
13296,6803.5513
13297,7967.918
13298,6291.281
13299,7167.3784
13300,6177.9863
13301,11592.304
13302,9246.713
13303,7276.925
13304,10309.895
13305,4837.8447
13306,5589.7144
13307,6645.677
13308,7204.8364
13309,8269.534
13310,5324.644
13311,10051.007
13312,9333.138
13313,7908.7847
13314,9934.655
13315,7958.386
13316,8017.4473
13317,7211.4844
13318,5681.862
13319,11926.528
13320,6666.373
13321,6966.7236
13322,13710.596
13323,6586.9556
13324,10883.225
13325,11001.929
13326,5823.261
13327,4893.707
13328,10502.134
13329,5181.424
13330,8290.866
13331,4695.195
13332,9858.924
13333,13489.459
13334,8055.689
13335,8746.672
13336,6425.477
13337,6969.03
13338,8729.495
13339,6509.3774
13340,14256.641
13341,11697.915
13342,9933.054
13343,10639.064
13344,6093.0596
13345,6500.778
13346,5647.8965
13347,6359.79
13348,5763.784
13349,8691.005
13350,9797.143
13351,10435.734
13352,8206.542
13353,11404.764
13354,10027.012
13355,5772.026
13356,10941.372
13357,6051.1567
13358,6436.3345
13359,7496.459
13360,4257.2847
13361,8421.926
13362,8608.202
13363,15682.824
13364,5946.8916
13365,6867.929
13366,6001.8594
13367,6006.6587
13368,5615.2314
13369,10232.484
13370,8372.07
13371,9489.8545
13372,10679.2
13373,5683.0923
13374,12308.317
13375,5666.761
13376,10799.789
13377,8003.1753
13378,11084.821
13379,5492.7495
13380,6762.862
13381,7416.386
13382,5595.198
13383,7371.28
13384,11881.999
13385,7710.265
13386,5775.7764
13387,11062.62
13388,6664.9297
13389,4718.312
13390,9110.402
13391,7069.804
13392,6464.5625
13393,5096.953
13394,5853.5
13395,12987.54
13396,6178.3457
13397,5942.044
13398,8081.1226
13399,10808.455
13400,5764.147
13401,8223.718
13402,8979.055
13403,10870.682
13404,4852.347
13405,11764.331
13406,6158.2944
13407,8809.422
13408,15020.347
13409,6308.2617
13410,6838.834
13411,7858.0903
13412,10511.925
13413,6336.9556
13414,8612.612
13415,7986.3994
13416,8320.16
13417,10641.773
13418,5018.017
13419,5435.383
13420,8543.95
13421,4748.6763
13422,13771.116
13423,6702.7603
13424,7029.1113
13425,7661.165
13426,11016.86
13427,11267.992
13428,8832.112
13429,4726.8486
13430,7231.7974
13431,5207.8833
13432,6603.5186
13433,8112.9717
13434,10243.088
13435,14381.585
13436,8701.838
13437,12609.746
13438,11873.854
13439,8479.969
13440,10841.204
13441,14705.748
13442,7419.273
13443,7055.563
13444,5723.2827
13445,8146.4307
13446,7587.854
13447,9401.799
13448,5761.4756
13449,11982.773
13450,10999.967
13451,10917.084
13452,5510.1504
13453,9429.198
13454,4829.96
13455,14988.105
13456,10002.846
13457,11003.692
13458,10237.717
13459,6655.0835
13460,6366.6304
13461,4548.846
13462,6634.859
13463,5246.8
13464,5044.763
13465,11282.671
13466,12124.728
13467,11538.287
13468,14085.737
13469,13071.209
13470,2862.1267
13471,10717.761
13472,4887.5864
13473,15396.202
13474,7706.199
13475,9368.134
13476,13907.289
13477,9603.14
13478,8449.611
13479,11834.475
13480,10436.382
13481,12146.001
13482,4905.414
13483,6499.203
13484,8135.777
13485,11616.53
13486,13828.196
13487,11627.937
13488,7902.0815
13489,6682.964
13490,7407.3726
13491,6306.5654
13492,8499.994
13493,10521.504
13494,6044.949
13495,5236.8096
13496,6855.187
13497,9943.756
13498,6468.263
13499,10706.165
13500,6818.8115
13501,10322.823
13502,11344.835
13503,10460.757
13504,6028.619
13505,7401.8003
13506,13482.359
13507,8920.293
13508,8496.557
13509,4310.9414
13510,9792.845
13511,6558.8496
13512,8134.342
13513,8342.33
13514,10707.186
13515,6201.78
13516,9277.623
13517,2774.8264
13518,11038.148
13519,6522.5225
13520,12032.74
13521,11804.636
13522,8312.339
13523,14808.66
13524,13154.263
13525,5011.0244
13526,5600.693
13527,6816.3145
13528,6598.3623
13529,6794.485
13530,15209.912
13531,11081.09
13532,14763.309
13533,5557.7256
13534,7617.4106
13535,12375.142
13536,8795.7705
13537,11105.5625
13538,6888.227
13539,13026.792
13540,13162.031
13541,11277.206
13542,8832.398
13543,6833.096
13544,10122.447
13545,11881.206
13546,10951.7705
13547,6589.6763
13548,6435.168
13549,15248.767
13550,10454.922
13551,6534.927
13552,7708.008
13553,8319.185
13554,7053.4165
13555,6627.9263
13556,5651.701
13557,10846.645
13558,5057.266
13559,14469.266
13560,10877.6
13561,9023.793
13562,6322.683
13563,6998.212
13564,11314.601
13565,10764.517
13566,5268.676
13567,13770.262
13568,8288.533
13569,10553.062
13570,5430.7603
13571,7713.722
13572,13054.452
13573,10987.385
13574,10044.566
13575,7574.6787
13576,12644.72
13577,12533.812
13578,5944.141
13579,11517.342
13580,7161.6724
13581,6039.157
13582,8374.314
13583,4651.9077
13584,8179.8945
13585,10434.44
13586,6020.7354
13587,11444.841
13588,10774.665
13589,9953.092
13590,9117.67
13591,11004.867
13592,5789.013
13593,7983.7183
13594,6827.643
13595,10620.886
13596,8662.569
13597,13090.01
13598,7337.4556
13599,6479.8477
13600,7643.3267
13601,8512.504
13602,15343.649
13603,8398.438
13604,10860.133
13605,10902.361
13606,8090.655
13607,6922.384
13608,7424.582
13609,8645.674
13610,8947.278
13611,4803.807
13612,10482.81
13613,13886.864
13614,14651.779
13615,8012.409
13616,5558.7646
13617,8406.453
13618,6380.193
13619,6731.9956
13620,7635.392
13621,6472.281
13622,6374.864
13623,6883.1963
13624,14342.615
13625,11281.014
13626,10686.007
13627,15068.787
13628,7439.8867
13629,8992.802
13630,7353.4507
13631,8706.653
13632,5590.1465
13633,11396.979
13634,10363.872
13635,6337.004
13636,7035.2554
13637,9213.551
13638,6287.7896
13639,7645.1206
13640,13975.793
13641,6488.4814
13642,7787.425
13643,8659.225
13644,5717.1387
13645,7138.07
13646,6471.361
13647,13734.507
13648,6360.4756
13649,5868.544
13650,11952.069
13651,6688.3843
13652,11426.114
13653,6547.5674
13654,8393.089
13655,6681.753
13656,10964.992
13657,11399.522
13658,6455.806
13659,10752.265
13660,9740.847
13661,5379.164
13662,14457.513
13663,6827.376
13664,7822.279
13665,7849.0044
13666,7099.137
13667,8044.908
13668,6059.988
13669,6756.8013
13670,7521.275
13671,4499.8506
13672,7092.7954
13673,8890.819
13674,12174.079
13675,7368.1167
13676,9074.292
13677,10717.904
13678,8422.785
13679,6199.39
13680,6266.3013
13681,12548.188
13682,8160.2417
13683,7041.9287
13684,11220.387
13685,10686.965
13686,6216.639
13687,5617.1978
13688,8147.9614
13689,9648.144
13690,8316.249
13691,7452.1523
13692,8776.514
13693,11355.574
13694,10787.642
13695,11408.495
13696,4870.037
13697,12479.0625
13698,8284.787
13699,10115.016
13700,13490.103
13701,12053.1045
13702,12977.907
13703,9176.935
13704,6787.943
13705,4824.163
13706,7568.3525
13707,5356.5483
13708,10570.015
13709,5939.828
13710,6004.4536
13711,8693.244
13712,6763.3716
13713,9258.945
13714,6840.876
13715,10033.048
13716,6025.7734
13717,8108.3613
13718,5926.2236
13719,9414.783
13720,6182.03
13721,12206.343
13722,5940.531
13723,8106.2964
13724,8290.984
13725,7775.0156
13726,6240.302
13727,5536.751
13728,7343.925
13729,5210.9688
13730,7825.241
13731,7829.728
13732,7633.2075
13733,11675.288
13734,9256.923
13735,10500.973
13736,7869.4834
13737,6346.9487
13738,11578.017
13739,4663.068
13740,7545.8853
13741,9345.288
13742,10189.225
13743,6580.073
13744,4557.3325
13745,5172.17
13746,10552.527
13747,6297.9453
13748,7075.8555
13749,10061.701
13750,6619.492
13751,9307.731
13752,13461.3125
13753,10313.76
13754,10420.259
13755,7369.86
13756,6488.8896
13757,10211.182
13758,7605.149
13759,7450.894
13760,6443.128
13761,10160.131
13762,12793.332
13763,6699.2383
13764,8073.9424
13765,13895.463
13766,6672.448
13767,5999.2495
13768,5938.905
13769,7497.8247
13770,6404.6123
13771,7583.7153
13772,7124.398
13773,4618.8125
13774,7944.174
13775,5944.4927
13776,13184.5205
13777,9988.25
13778,14552.344
13779,8769.594
13780,5387.436
13781,13217.255
13782,9138.547
13783,5837.5703
13784,13161.918
13785,10589.8125
13786,10736.494
13787,7957.2324
13788,8118.522
13789,10484.12
13790,6077.875
13791,6976.9243
13792,5124.452
13793,6609.5615
13794,6376.737
13795,12388.84
13796,5519.161
13797,4827.431
13798,8782.467
13799,8933.447
13800,6371.411
13801,8071.5786
13802,5865.9136
13803,11573.522
13804,10549.237
13805,9767.52
13806,6345.0117
13807,4852.8057
13808,7843.8477
13809,5894.7485
13810,8754.843
13811,10276.937
13812,6465.1113
13813,7514.1406
13814,5345.916
13815,13440.082
13816,4528.2305
13817,8167.717
13818,9898.176
13819,10627.26
13820,5497.4565
13821,8219.867
13822,6792.8066
13823,8129.0596
13824,9667.782
13825,5596.89
13826,7747.4336
13827,10233.4795
13828,7227.129
13829,6313.9985
13830,9710.421
13831,10159.84
13832,10801.355
13833,9911.751
13834,6647.902
13835,4563.1484
13836,9864.614
13837,8128.897
13838,9717.249
13839,9529.372
13840,4546.985
13841,9665.321
13842,9905.504
13843,9169.856
13844,5834.108
13845,10493.283
13846,4113.5654
13847,10832.739
13848,10599.594
13849,6404.423
13850,12642.248
13851,3938.2952
13852,9109.082
13853,9323.155
13854,6950.363
13855,9976.549
13856,8758.233
13857,5539.63
13858,12438.198
13859,5454.8906
13860,5935.1333
13861,4904.7637
13862,6059.1904
13863,9806.07
13864,5988.764
13865,10705.971
13866,13147.314
13867,10072.406
13868,4963.453
13869,10525.79
13870,10294.988
13871,4395.9404
13872,5077.0005
13873,10551.209
13874,6430.8853
13875,10429.734
13876,7805.815
13877,7346.454
13878,6329.157
13879,8325.907
13880,8315.574
13881,5928.7676
13882,5777.771
13883,5277.629
13884,10896.852
13885,10796.988
13886,6379.28
13887,9774.872
13888,9880.697
13889,4491.3037
13890,10871.117
13891,3937.9646
13892,5958.27
13893,4473.837
13894,6309.1343
13895,7406.4824
13896,7205.908
13897,12265.299
13898,28324.19
13899,8635.652
13900,6606.6436
13901,9805.21
13902,10729.083
13903,13198.763
13904,6902.183
13905,10314.2705
13906,7629.3643
13907,6473.188
13908,4690.387
13909,10359.89
13910,5723.348
13911,5438.541
13912,10393.757
13913,7184.565
13914,5553.327
13915,10435.874
13916,7623.719
13917,4499.0737
13918,10861.956
13919,10609.466
13920,11156.499
13921,7916.981
13922,6616.7905
13923,13461.775
13924,8503.448
13925,8498.713
13926,7340.8994
13927,11573.004
13928,6380.6733
13929,7539.8423
13930,13134.969
13931,5852.45
13932,7449.5083
13933,9219.669
13934,4524.064
13935,5938.3667
13936,12660.033
13937,8044.0186
13938,7442.925
13939,9387.141
13940,8773.927
13941,6313.854
13942,8215.36
13943,14323.3
13944,4839.6265
13945,6585.2153
13946,5232.5854
13947,11586.434
13948,5806.012
13949,6206.739
13950,7086.608
13951,10795.979
13952,5634.482
13953,16762.693
13954,13212.44
13955,5548.0273
13956,7445.1826
13957,6006.057
13958,10394.57
13959,13680.462
13960,5265.154
13961,4729.491
13962,7661.8516
13963,6974.4893
13964,10398.576
13965,5588.408
13966,6255.212
13967,4944.122
13968,7834.9575
13969,4808.616
13970,6895.721
13971,10666.11
13972,13128.869
13973,6389.919
13974,13010.563
13975,8270.718
13976,10602.729
13977,5579.796
13978,6094.606
13979,10860.277
13980,5303.0464
13981,9173.435
13982,6297.2847
13983,6095.8037
13984,6601.409
13985,5185.344
13986,7206.63
13987,13716.05
13988,7846.3843
13989,6600.943
13990,11083.32
13991,9988.907
13992,6290.585
13993,5969.1177
13994,10429.147
13995,13205.978
13996,8834.918
13997,10443.591
13998,8414.571
13999,7637.89
14000,10708.228
14001,6385.4956
14002,6482.4995
14003,9274.951
14004,12851.25
14005,6065.8286
14006,7179.605
14007,4345.863
14008,7236.158
14009,6148.745
14010,5275.067
14011,8024.654
14012,8081.0303
14013,5671.3955
14014,14755.975
14015,5092.788
14016,8469.815
14017,12836.501
14018,6979.573
14019,6779.001
14020,5670.9844
14021,7155.9297
14022,10828.493
14023,5767.1167
14024,8396.164
14025,10601.151
14026,8194.091
14027,6806.595
14028,5933.005
14029,10297.227
14030,8228.943
14031,12142.017
14032,12477.277
14033,7926.2515
14034,10564.099
14035,5044.956
14036,8026.797
14037,6209.042
14038,10618.08
14039,7614.708
14040,14458.257
14041,13747.914
14042,11208.279
14043,6573.3545
14044,7241.5986
14045,7621.793
14046,6671.602
14047,10492.783
14048,11056.218
14049,5277.0347
14050,10065.377
14051,7369.375
14052,7179.4272
14053,10356.936
14054,8279.463
14055,10683.948
14056,10286.38
14057,13416.529
14058,11075.151
14059,4830.9507
14060,12874.067
14061,10654.682
14062,13141.021
14063,6680.179
14064,6180.432
14065,10626.945
14066,5511.033
14067,7052.078
14068,7549.917
14069,12181.989
14070,8187.3643
14071,4733.2056
14072,7513.6963
14073,5422.6436
14074,5422.504
14075,11086.375
14076,7364.927
14077,5864.28
14078,6310.687
14079,13800.87
14080,6900.103
14081,10683.663
14082,5892.4834
14083,8824.332
14084,7755.877
14085,7557.446
14086,8387.231
14087,10517.461
14088,13585.558
14089,6776.0854
14090,8645.129
14091,4373.622
14092,6516.7144
14093,9660.215
14094,5872.458
14095,8013.4106
14096,6317.8784
14097,5730.985
14098,7301.216
14099,11187.848
14100,8744.403
14101,6591.6567
14102,10266.483
14103,9859.855
14104,10835.363
14105,13742.198
14106,10798.944
14107,7294.2974
14108,11030.634
14109,7609.3135
14110,6992.06
14111,10738.143
14112,8502.077
14113,6021.803
14114,11243.076
14115,8371.822
14116,14952.383
14117,6617.529
14118,6524.8745
14119,8433.235
14120,10973.1
14121,10453.576
14122,14504.415
14123,8441.822
14124,7810.6187
14125,10593.874
14126,4567.255
14127,10706.358
14128,10612.744
14129,7488.669
14130,26462.059
14131,7407.768
14132,5268.57
14133,13052.299
14134,7200.7144
14135,7565.783
14136,5219.789
14137,14302.032
14138,6861.5127
14139,5633.4233
14140,10269.118
14141,8082.4795
14142,7580.598
14143,6458.5654
14144,8412.275
14145,12563.937
14146,11168.7
14147,15146.94
14148,10837.8545
14149,4836.5713
14150,9577.629
14151,14622.645
14152,6897.754
14153,8077.8936
14154,6378.4707
14155,7267.0615
14156,6266.098
14157,11754.068
14158,9374.266
14159,7377.336
14160,10452.809
14161,4904.675
14162,5666.6157
14163,6737.379
14164,7306.399
14165,8385.048
14166,5398.486
14167,10190.021
14168,9465.222
14169,8018.074
14170,10074.002
14171,8069.5386
14172,8129.5713
14173,7312.7085
14174,5760.5747
14175,12093.88
14176,6757.684
14177,7064.142
14178,13894.88
14179,6677.924
14180,11037.285
14181,11155.446
14182,5903.628
14183,4959.4634
14184,10647.165
14185,5253.951
14186,8405.924
14187,4760.8223
14188,9996.322
14189,13679.9
14190,8169.7817
14191,8868.342
14192,6511.6875
14193,7066.932
14194,8850.386
14195,6599.8604
14196,14456.92
14197,11861.222
14198,10072.282
14199,10787.498
14200,6176.649
14201,6591.625
14202,5727.0723
14203,6450.7896
14204,5845.3984
14205,8811.599
14206,9933.044
14207,10582.432
14208,8321.62
14209,11564.145
14210,10161.817
14211,5854.0415
14212,11093.854
14213,6136.067
14214,6526.1875
14215,7599.9785
14216,4316.3604
14217,8535.879
14218,8725.399
14219,15899.133
14220,6029.1714
14221,6962.1797
14222,6084.8765
14223,6090.0386
14224,5693.4937
14225,10380.373
14226,8490.878
14227,9624.716
14228,10827.348
14229,5761.8438
14230,12483.324
14231,5744.936
14232,10950.1
14233,8113.088
14234,11239.066
14235,5569.018
14236,6857.011
14237,7519.575
14238,5673.0405
14239,7472.209
14240,12050.094
14241,7814.262
14242,5855.7227
14243,11216.866
14244,6757.4907
14245,4784.1665
14246,9238.392
14247,7168.0757
14248,6554.203
14249,5168.9097
14250,5936.1353
14251,13166.853
14252,6261.068
14253,6025.038
14254,8194.755
14255,10957.58
14256,5844.579
14257,8339.554
14258,9103.028
14259,11024.775
14260,4918.693
14261,11929.1
14262,6243.4453
14263,8932.749
14264,15231.208
14265,6395.858
14266,6933.829
14267,7968.131
14268,10659.662
14269,6424.926
14270,8733.051
14271,8095.4487
14272,8436.026
14273,10788.342
14274,5091.438
14275,5510.618
14276,8663.363
14277,4813.8984
14278,13967.425
14279,6795.3276
14280,7127.9053
14281,7765.492
14282,11169.861
14283,11426.823
14284,8954.715
14285,4791.652
14286,7332.5024
14287,5280.212
14288,6695.1055
14289,8225.898
14290,10385.869
14291,14585.747
14292,8823.6
14293,12786.843
14294,12032.052
14295,8600.734
14296,10992.594
14297,14908.411
14298,7522.4873
14299,7154.0396
14300,5801.7827
14301,8260.288
14302,7693.465
14303,9537.72
14304,5840.3213
14305,12148.562
14306,11153.775
14307,11068.584
14308,5586.2715
14309,9560.845
14310,4898.4614
14311,15188.922
14312,10141.378
14313,11157.138
14314,10379.412
14315,6746.6323
14316,6455.4
14317,4611.3857
14318,6727.637
14319,5320.0137
14320,5114.998
14321,11439.319
14322,12293.359
14323,11698.439
14324,14281.817
14325,13250.893
14326,2902.016
14327,10864.898
14328,4953.4263
14329,15616.375
14330,7813.8076
14331,9496.572
14332,14097.994
14333,9736.648
14334,8565.68
14335,12000.363
14336,10581.382
14337,12319.04
14338,4972.874
14339,6589.054
14340,8247.141
14341,11776.837
14342,14024.637
14343,11789.334
14344,8011.6987
14345,6776.098
14346,7510.8086
14347,6391.9487
14348,8618.792
14349,10666.141
14350,6128.527
14351,5309.3477
14352,6951.1187
14353,10083.547
14354,6557.4863
14355,10852.6045
14356,6914.129
14357,10466.236
14358,11502.753
14359,10603.871
14360,6108.2764
14361,7505.001
14362,13660.448
14363,9042.093
14364,8614.798
14365,4369.6064
14366,9927.788
14367,6649.9565
14368,8247.889
14369,8459.28
14370,10855.731
14371,6287.7295
14372,9406.186
14373,2813.3625
14374,11191.412
14375,6612.967
14376,12200.441
14377,11968.051
14378,8427.864
14379,15004.167
14380,13333.956
14381,5080.4307
14382,5679.8896
14383,6911.05
14384,6691.198
14385,6889.2456
14386,15430.395
14387,11236.193
14388,14967.393
14389,5635.2183
14390,7723.823
14391,12547.363
14392,8918.719
14393,11258.6455
14394,6984.4214
14395,13209.291
14396,13351.033
14397,11434.291
14398,8957.055
14399,6927.939
14400,10263.958
14401,12045.428
14402,11102.914
14403,6680.4146
14404,6521.092
14405,15463.439
14406,10603.163
14407,6626.277
14408,7815.3804
14409,8435.399
14410,7152.429
14411,6719.9736
14412,5730.843
14413,10996.978
14414,5126.3296
14415,14669.159
14416,11028.824
14417,9149.396
14418,6410.07
14419,7096.4766
14420,11469.8545
14421,10915.221
14422,5342.5723
14423,13958.702
14424,8403.286
14425,10698.988
14426,5509.11
14427,7820.2124
14428,13236.847
14429,11140.316
14430,10190.187
14431,7679.462
14432,12822.466
14433,12703.709
14434,6026.745
14435,11679.098
14436,7261.47
14437,6122.4507
14438,8490.295
14439,4717.3716
14440,8291.894
14441,10580.484
14442,6105.6787
14443,11604.117
14444,10925.1045
14445,10092.476
14446,9246.148
14447,11154.116
14448,5868.281
14449,8095.279
14450,6921.671
14451,10769.445
14452,8782.392
14453,13271.332
14454,7440.54
14455,6571.242
14456,7750.183
14457,8628.852
14458,15553.16
14459,8514.242
14460,11012.07
14461,11053.16
14462,8203.06
14463,7018.406
14464,7528.3086
14465,8765.805
14466,9069.6455
14467,4868.653
14468,10629.601
14469,14080.955
14470,14859.663
14471,8123.518
14472,5636.53
14473,8522.578
14474,6467.5903
14475,6825.052
14476,7741.3247
14477,6562.899
14478,6462.485
14479,6979.0474
14480,14546.835
14481,11437.366
14482,10835.983
14483,15276.176
14484,7545.5977
14485,9117.339
14486,7455.8916
14487,8828.095
14488,5669.562
14489,11556.636
14490,10507.976
14491,6425.8022
14492,7133.421
14493,9341.59
14494,6375.217
14495,7751.1143
14496,14171.897
14497,6578.6797
14498,7895.821
14499,8780.122
14500,5796.185
14501,7237.145
14502,6562.6606
14503,13927.611
14504,6448.4336
14505,5949.5864
14506,12117.907
14507,6782.034
14508,11586.059
14509,6639.8857
14510,8509.541
14511,6774.14
14512,11117.008
14513,11558.267
14514,6545.3135
14515,10903.183
14516,9877.051
14517,5453.455
14518,14659.396
14519,6923.17
14520,7930.252
14521,7956.967
14522,7199.1416
14523,8158.0396
14524,6142.971
14525,6850.2715
14526,7626.49
14527,4562.8745
14528,7191.414
14529,9017.891
14530,12344.48
14531,7472.829
14532,9201.703
14533,10866.836
14534,8542.158
14535,6285.547
14536,6355.8667
14537,12727.055
14538,8273.439
14539,7140.862
14540,11376.127
14541,10834.475
14542,6303.017
14543,5694.4873
14544,8261.8955
14545,9782.837
14546,8431.313
14547,7555.4204
14548,8900.56
14549,11512.74
14550,10937.918
14551,11568.259
14552,4939.8745
14553,11508.58
14554,7642.554
14555,9328.884
14556,12439.041
14557,11118.375
14558,11971.51
14559,8462.871
14560,6259.5093
14561,4448.0503
14562,6979.76
14563,4940.775
14564,9747.725
14565,5478.5015
14566,5536.64
14567,8017.3555
14568,6237.2964
14569,8539.4375
14570,6310.236
14571,9252.43
14572,5556.957
14573,7478.127
14574,5465.4688
14575,8682.041
14576,5700.721
14577,11257.014
14578,5477.9736
14579,7476.2583
14580,7646.0684
14581,7170.366
14582,5754.55
14583,5106.223
14584,6773.0483
14585,4804.9805
14586,7216.4453
14587,7220.7144
14588,7039.6724
14589,10764.609
14590,8536.677
14591,9682.15
14592,7257.6685
14593,5853.991
14594,10674.333
14595,4299.2046
14596,6959.378
14597,8617.748
14598,9395.506
14599,6070.3086
14600,4202.219
14601,4769.677
14602,9731.812
14603,5808.8096
14604,6523.3247
14605,9280.27
14606,6105.009
14607,8585.399
14608,12410.612
14609,9513.916
14610,9608.729
14611,6797.0713
14612,5984.2188
14613,9416.059
14614,7013.494
14615,6870.629
14616,5941.9644
14617,9370.582
14618,11794.935
14619,6178.228
14620,7446.795
14621,12818.272
14622,6153.609
14623,5533.24
14624,5476.4795
14625,6915.29
14626,5906.461
14627,6997.2773
14628,6570.164
14629,4260.6123
14630,7327.035
14631,5480.8745
14632,12157.533
14633,9211.934
14634,13415.864
14635,8087.723
14636,4968.7583
14637,12189.625
14638,8426.955
14639,5382.459
14640,12134.955
14641,9766.141
14642,9901.226
14643,7337.6655
14644,7488.405
14645,9667.994
14646,5605.5347
14647,6434.5176
14648,4727.1055
14649,6095.112
14650,5881.3315
14651,11424.523
14652,5088.1704
14653,4451.3184
14654,8098.221
14655,8239.326
14656,5876.0605
14657,7444.451
14658,5411.648
14659,10675.636
14660,9727.933
14661,9008.048
14662,5851.552
14663,4475.092
14664,7230.1836
14665,5436.041
14666,8075.9756
14667,9478.077
14668,5961.5044
14669,6928.5537
14670,4929.8105
14671,12392.326
14672,4172.605
14673,7532.252
14674,9127.275
14675,9800.227
14676,5069.35
14677,7579.933
14678,6264.7773
14679,7496.8306
14680,8916.031
14681,5161.19
14682,7146.2646
14683,9436.575
14684,6664.301
14685,5822.6724
14686,8953.655
14687,9370.476
14688,9960.442
14689,9140.343
14690,6130.5557
14691,4207.4136
14692,9098.28
14693,7497.031
14694,8957.286
14695,8787.931
14696,4191.558
14697,8912.427
14698,9134.329
14699,8457.215
14700,5380.0874
14701,9676.39
14702,3793.0923
14703,9990.45
14704,9775.385
14705,5906.2974
14706,11660.955
14707,3632.4954
14708,8398.791
14709,8598.339
14710,6409.073
14711,9199.79
14712,8077.493
14713,5108.484
14714,11470.423
14715,5031.6963
14716,5473.127
14717,4522.028
14718,5586.9375
14719,9042.765
14720,5523.9746
14721,9872.398
14722,12121.12
14723,9288.868
14724,4577.513
14725,9707.782
14726,9494.01
14727,4053.8489
14728,4681.613
14729,9730.363
14730,5931.381
14731,9619.384
14732,7199.128
14733,6774.677
14734,5836.9688
14735,7675.2515
14736,7669.463
14737,5467.304
14738,5328.3174
14739,4866.6147
14740,10049.655
14741,9957.944
14742,5882.695
14743,9013.884
14744,9111.88
14745,4141.3145
14746,10026.008
14747,3632.4883
14748,5495.207
14749,4125.543
14750,5818.259
14751,6830.8936
14752,6646.2026
14753,11309.045
14754,26118.26
14755,7963.527
14756,6093.1587
14757,9040.868
14758,9896.316
14759,12171.954
14760,6364.8086
14761,9511.502
14762,7035.061
14763,5970.917
14764,4325.713
14765,9555.02
14766,5277.961
14767,5015.816
14768,9584.692
14769,6625.8467
14770,5120.69
14771,9624.44
14772,7031.4785
14773,4148.293
14774,10015.036
14775,9786.542
14776,10289.422
14777,7300.506
14778,6101.7485
14779,12409.322
14780,7841.7607
14781,7836.8257
14782,6768.9087
14783,10671.564
14784,5882.9756
14785,6950.555
14786,12113.943
14787,5398.9956
14788,6870.0913
14789,8503.002
14790,4171.256
14791,5477.101
14792,11673.674
14793,7418.0415
14794,6863.6855
14795,8657.218
14796,8090.076
14797,5823.5664
14798,7576.1025
14799,13207.741
14800,4464.032
14801,6073.048
14802,4826.142
14803,10680.168
14804,5354.112
14805,5723.463
14806,6534.983
14807,9955.589
14808,5193.76
14809,15458.1455
14810,12179.05
14811,5115.691
14812,6865.8726
14813,5536.4077
14814,9585.25
14815,12621.706
14816,4857.2837
14817,4361.4443
14818,7065.4155
14819,6432.437
14820,9589.612
14821,5153.722
14822,5767.8267
14823,4560.799
14824,7227.019
14825,4432.612
14826,6358.783
14827,9836.467
14828,12106.725
14829,5892.978
14830,12002.802
14831,7628.0107
14832,9777.548
14833,5146.962
14834,5620.526
14835,10014.969
14836,4890.3193
14837,8458.957
14838,5806.943
14839,5620.097
14840,6087.1406
14841,4782.9395
14842,6645.8604
14843,12651.765
14844,7236.4824
14845,6087.2046
14846,10221.345
14847,9212.092
14848,5802.2866
14849,5503.18
14850,9619.21
14851,12179.515
14852,8149.702
14853,9630.105
14854,7761.4937
14855,7043.5073
14856,9874.244
14857,5889.0503
14858,5973.993
14859,8553.393
14860,11851.452
14861,5595.6895
14862,6620.995
14863,4007.4072
14864,6675.3447
14865,5669.481
14866,4867.0093
14867,7400.099
14868,7452.4365
14869,5231.393
14870,13605.37
14871,4695.6426
14872,7812.1685
14873,11837.523
14874,6436.144
14875,6251.1797
14876,5228.9883
14877,6597.2295
14878,9986.249
14879,5320.0137
14880,7743.6807
14881,9775.758
14882,7556.5015
14883,6277.093
14884,5470.4023
14885,9496.273
14886,7590.865
14887,11201.056
14888,11511.182
14889,7310.958
14890,9739.871
14891,4652.6846
14892,7402.513
14893,5725.03
14894,9791.406
14895,7025.834
14896,13333.32
14897,12681.907
14898,10336.015
14899,6061.1787
14900,6679.402
14901,7028.354
14902,6153.404
14903,9676.851
14904,10196.341
14905,4865.185
14906,9282.695
14907,6795.36
14908,6619.473
14909,9552.368
14910,7635.1807
14911,9852.964
14912,9486.234
14913,12374.386
14914,10213.451
14915,4454.755
14916,11873.786
14917,9824.399
14918,12115.839
14919,6160.615
14920,5698.231
14921,9800.245
14922,5081.933
14923,6502.663
14924,6961.941
14925,11232.883
14926,7551.5664
14927,4363.6333
14928,6928.831
14929,5000.3003
14930,4999.618
14931,10223.997
14932,6791.958
14933,5409.233
14934,5820.1235
14935,12726.302
14936,6363.5884
14937,9850.953
14938,5433.584
14939,8137.6704
14940,7152.5728
14941,6971.8022
14942,7734.8965
14943,9699.102
14944,12528.254
14945,6249.2065
14946,7974.5327
14947,4035.2488
14948,6008.9395
14949,8908.84
14950,5415.0713
14951,7390.5977
14952,5826.9116
14953,5285.291
14954,6733.659
14955,10317.853
14956,8062.745
14957,6078.177
14958,9467.714
14959,9093.006
14960,9993.052
14961,12675.97
14962,9959.663
14963,6727.0083
14964,10172.174
14965,7017.395
14966,6447.474
14967,9904.163
14968,7840.6987
14969,5553.396
14970,10367.362
14971,7723.6465
14972,13788.529
14973,6103.274
14974,6018.8286
14975,7776.365
14976,10120.275
14977,9638.882
14978,13379.179
14979,7784.8403
14980,7202.4175
14981,9771.088
14982,4213.4663
14983,9873.849
14984,9788.512
14985,6906.661
14986,24403.408
14987,6830.9653
14988,4858.938
14989,12035.701
14990,6640.918
14991,6977.111
14992,4812.76
14993,13197.353
14994,6326.924
14995,5197.6353
14996,9465.683
14997,7454.5195
14998,6990.8
14999,5957.1562
15000,7758.037
15001,11584.677
15002,10299.908
15003,13966.8125
15004,9995.178
15005,4461.2188
15006,8834.168
15007,13484.764
15008,6361.9683
15009,7449.864
15010,5882.2515
15011,6702.984
15012,5778.625
15013,10839.322
15014,8645.641
15015,6803.798
15016,9638.799
15017,4522.6357
15018,5226.5747
15019,6213.663
15020,6736.987
15021,7732.986
15022,4977.8335
15023,9396.671
15024,8726.224
15025,7395.329
15026,9288.531
15027,7441.193
15028,7497.8677
15029,6742.3994
15030,5313.771
15031,11153.723
15032,6232.105
15033,6514.6074
15034,12815.045
15035,6158.2944
15036,10174.997
15037,10287.43
15038,5444.6553
15039,4572.643
15040,9819.959
15041,4844.702
15042,7752.194
15043,4390.6353
15044,9216.829
15045,12606.68
15046,7534.2993
15047,8178.818
15048,6004.671
15049,6516.192
15050,8161.674
15051,6086.4727
15052,13334.936
15053,10939.212
15054,9289.347
15055,9949.068
15056,5695.2373
15057,6078.449
15058,5280.6553
15059,5946.279
15060,5389.7285
15061,8126.5405
15062,9158.66
15063,9758.003
15064,7673.4434
15065,10664.798
15066,9375.839
15067,5401.9834
15068,10230.952
15069,5658.665
15070,6018.4497
15071,7008.9736
15072,3980.8362
15073,7870.317
15074,8047.134
15075,14663.284
15076,5560.2495
15077,6422.187
15078,5608.8936
15079,5617.251
15080,5249.4727
15081,9568.115
15082,7830.901
15083,8876.042
15084,9985.373
15085,5313.639
15086,11510.566
15087,5298.7534
15088,10098.09
15089,7482.258
15090,10364.663
15091,5136.2803
15092,6324.058
15093,6934.1006
15094,5231.5225
15095,6891.855
15096,11111.973
15097,7206.7607
15098,5400.9272
15099,10341.694
15100,6232.521
15101,4412.055
15102,8516.207
15103,6609.959
15104,6044.58
15105,4765.875
15106,5474.4585
15107,12136.945
15108,5777.727
15109,5556.7446
15110,7557.0713
15111,10108.506
15112,5389.7134
15113,7690.9995
15114,8396.052
15115,10163.31
15116,4535.692
15117,10998.593
15118,5757.888
15119,8238.123
15120,14047.837
15121,5898.506
15122,6393.9487
15123,7346.783
15124,9831.008
15125,5924.607
15126,8053.822
15127,7469.53
15128,7779.066
15129,9946.771
15130,4691.318
15131,5082.2285
15132,7989.4395
15133,4440.3687
15134,12878.783
15135,6267.3057
15136,6571.612
15137,7161.351
15138,10300.596
15139,10535.251
15140,8259.421
15141,4420.4004
15142,6762.5137
15143,4869.0664
15144,6174.316
15145,7585.9146
15146,9578.04
15147,13445.543
15148,8134.815
15149,11792.797
15150,11099.95
15151,7931.326
15152,10135.934
15153,13748.242
15154,6937.5933
15155,6597.248
15156,5351.1504
15157,7618.0933
15158,7095.8403
15159,8794.479
15160,5388.351
15161,11203.779
15162,10287.136
15163,10207.15
15164,5151.697
15165,8816.719
15166,4515.889
15167,14012.016
15168,9353.786
15169,10289.638
15170,9572.177
15171,6222.726
15172,5953.549
15173,4253.9844
15174,6204.3594
15175,4906.5
15176,4716.2017
15177,10549.66
15178,11335.198
15179,10789.041
15180,13162.659
15181,12224.482
15182,2676.1716
15183,10016.201
15184,4569.268
15185,14396.461
15186,7206.4307
15187,8757.983
15188,13002.648
15189,8977.196
15190,7900.22
15191,11064.952
15192,9758.71
15193,11358.044
15194,4586.556
15195,6077.1216
15196,7605.838
15197,10861.583
15198,12931.746
15199,10874.187
15200,7388.4478
15201,6247.5977
15202,6926.7563
15203,5898.084
15204,7948.2515
15205,9838.4375
15206,5652.693
15207,4896.261
15208,6409.3115
15209,9299.852
15210,6048.058
15211,10009.564
15212,6376.0557
15213,9653.04
15214,10607.837
15215,9780.066
15216,5637.966
15217,6920.786
15218,12599.011
15219,8340.35
15220,7943.083
15221,4029.8328
15222,9154.983
15223,6133.2754
15224,7606.578
15225,7801.0293
15226,10010.462
15227,5799.354
15228,8675.245
15229,2594.3345
15230,10321.376
15231,6098.409
15232,11250.059
15233,11036.727
15234,7769.804
15235,13848.43
15236,12296.725
15237,4685.5664
15238,5238.2437
15239,6373.6113
15240,6170.095
15241,6353.163
15242,14225.849
15243,10360.641
15244,13802.7
15245,5197.1343
15246,7121.796
15247,11571.305
15248,8223.459
15249,10383.125
15250,6440.486
15251,12179.643
15252,12307.026
15253,10545.736
15254,8259.477
15255,6389.169
15256,9464.906
15257,11111.729
15258,10238.957
15259,6162.784
15260,6014.4272
15261,14255.335
15262,9778.164
15263,6110.6772
15264,7207.723
15265,7779.1104
15266,6595.1533
15267,6197.676
15268,5285.0645
15269,10141.262
15270,4727.4077
15271,13532.0205
15272,10171.058
15273,8438.924
15274,5911.652
15275,6543.996
15276,10579.192
15277,10064.465
15278,4926.882
15279,12875.001
15280,7749.4883
15281,9866.92
15282,5080.159
15283,7212.9565
15284,12207.6
15285,10273.419
15286,9392.836
15287,7082.891
15288,11821.66
15289,11716.707
15290,5557.805
15291,10770.236
15292,6696.9766
15293,5647.2017
15294,7829.056
15295,4349.529
15296,7645.784
15297,9755.983
15298,5630.485
15299,10701.938
15300,10075.164
15301,9308.788
15302,8525.822
15303,10287.067
15304,5414.4463
15305,7465.228
15306,6383.8145
15307,9930.363
15308,8098.816
15309,12240.921
15310,6861.0415
15311,6059.566
15312,7147.6416
15313,7958.7354
15314,14347.335
15315,7850.966
15316,10155.006
15317,10189.04
15318,7565.069
15319,6471.071
15320,6942.0215
15321,8083.6357
15322,8367.009
15323,4490.233
15324,9801.554
15325,12985.781
15326,13699.094
15327,7491.205
15328,5197.035
15329,7859.1924
15330,5963.6484
15331,6294.8643
15332,7139.472
15333,6052.8477
15334,5960.174
15335,6435.1187
15336,13413.331
15337,10547.678
15338,9989.879
15339,14089.594
15340,6958.4756
15341,8408.706
15342,6876.2866
15343,8141.6846
15344,5226.924
15345,10656.369
15346,9690.316
15347,5925.3643
15348,6578.9434
15349,8615.307
15350,5879.7275
15351,7149.4077
15352,13068.878
15353,6067.1074
15354,7282.1875
15355,8098.105
15356,5343.8413
15357,6673.734
15358,6051.474
15359,12846.396
15360,5947.062
15361,5487.8057
15362,11175.988
15363,6255.6714
15364,10684.243
15365,6122.521
15366,7848.7124
15367,6247.0312
15368,10252.462
15369,10659.987
15370,6035.547
15371,10053.403
15372,9109.047
15373,5028.8657
15374,13517.857
15375,6383.8877
15376,7312.7573
15377,7339.5273
15378,6638.7075
15379,7522.0356
15380,5665.524
15381,6317.595
15382,7032.8135
15383,4207.9756
15384,6631.9043
15385,8313.782
15386,11383.866
15387,6890.258
15388,8485.09
15389,10022.403
15390,7876.8276
15391,5796.749
15392,5859.013
15393,11732.811
15394,7629.692
15395,6585.1396
15396,10491.352
15397,9993.92
15398,5813.0166
15399,5251.196
15400,7619.5615
15401,9022.296
15402,7774.9487
15403,6969.276
15404,8206.824
15405,10619.549
15406,10086.26
15407,10668.043
15408,4553.665
15409,8196.037
15410,5442.952
15411,6643.9463
15412,8860.58
15413,7919.458
15414,8530.247
15415,6030.874
15416,4458.181
15417,3138.2754
15418,4971.9966
15419,3519.0994
15420,6877.874
15421,3902.2864
15422,3906.1
15423,5656.965
15424,4401.1895
15425,6025.124
15426,4493.892
15427,6590.569
15428,3957.4033
15429,5325.5024
15430,3892.4753
15431,6184.6665
15432,4022.8118
15433,8019.6113
15434,3901.8882
15435,5274.2266
15436,5446.7227
15437,5105.809
15438,4098.9473
15439,3602.3047
15440,4823.85
15441,3422.4526
15442,5092.0645
15443,5095.048
15444,5014.1943
15445,7668.98
15446,6023.4004
15447,6834.8105
15448,5120.2505
15449,4130.603
15450,7603.133
15451,3062.8123
15452,4909.6973
15453,6081.9404
15454,6694.243
15455,4323.081
15456,2992.9924
15457,3365.14
15458,6867.34
15459,4136.8413
15460,4647.765
15461,6609.2593
15462,4348.4087
15463,6055.8623
15464,8839.385
15465,6774.8384
15466,6842.4487
15467,4795.2275
15468,4262.1245
15469,6645.8794
15470,4948.609
15471,4848.9233
15472,4231.7974
15473,6672.175
15474,8401.804
15475,4400.8535
15476,5252.7886
15477,9127.536
15478,4341.243
15479,3940.892
15480,3901.7021
15481,4925.778
15482,4206.623
15483,4935.8335
15484,4636.0713
15485,3032.3232
15486,5216.9766
15487,3868.0789
15488,8661.4795
15489,6499.5005
15490,9558.401
15491,5760.805
15492,3538.381
15493,8680.84
15494,5945.638
15495,3798.5127
15496,8641.461
15497,6956.889
15498,7051.957
15499,5224.9697
15500,5333.57
15501,6887.4585
15502,3992.9148
15503,4540.917
15504,3366.2798
15505,4300.218
15506,4188.3247
15507,8139.689
15508,3589.0544
15509,3171.0151
15510,5714.598
15511,5813.1772
15512,4146.2515
15513,5301.1143
15514,3819.7986
15515,7605.403
15516,6862.4946
15517,6355.763
15518,4129.2363
15519,3187.347
15520,5150.2427
15521,3836.2053
15522,5750.6597
15523,6750.862
15524,4246.2695
15525,4935.3154
15526,3478.7925
15527,8826.142
15528,2945.264
15529,5314.9673
15530,6502.7686
15531,6980.752
15532,3610.5098
15533,5349.053
15534,4419.781
15535,5339.882
15536,6290.423
15537,3676.49
15538,5090.5933
15539,6722.9355
15540,4702.3887
15541,4108.7734
15542,6377.637
15543,6673.2695
15544,7095.502
15545,6510.6133
15546,4325.6714
15547,2996.4521
15548,6420.594
15549,5339.118
15550,6322.629
15551,6259.4316
15552,2958.1016
15553,6289.301
15554,6447.425
15555,5969.522
15556,3795.6187
15557,6828.0923
15558,2676.0847
15559,7116.5605
15560,6962.771
15561,4166.941
15562,8307.101
15563,2587.6875
15564,5982.752
15565,6064.88
15566,4565.0293
15567,6551.691
15568,5752.2944
15569,3604.7764
15570,8170.818
15571,3583.4062
15572,3898.4468
15573,3190.2217
15574,3979.2302
15575,6440.627
15576,3896.48
15577,7031.2905
15578,8630.868
15579,6616.481
15580,3229.1755
15581,6916.622
15582,6762.204
15583,2886.9695
15584,3303.6963
15585,6931.0586
15586,4185.0776
15587,6851.899
15588,5126.354
15589,4826.446
15590,4157.0234
15591,5468.676
15592,5462.998
15593,3895.027
15594,3759.153
15595,3466.102
15596,7156.988
15597,7092.511
15598,4189.6196
15599,6420.0005
15600,6489.744
15601,2949.8445
15602,7139.779
15603,2586.3103
15604,3913.5146
15605,2911.3306
15606,4143.6577
15607,4865.459
15608,4689.023
15609,8056.757
15610,18601.191
15611,5619.6304
15612,4299.0854
15613,6440.1416
15614,7048.9106
15615,8669.794
15616,4533.4297
15617,6774.6895
15618,5011.2583
15619,4212.7427
15620,3053.0425
15621,6803.8433
15622,3723.6982
15623,3539.0022
15624,6826.7837
15625,4674.509
15626,3613.2385
15627,6852.9185
15628,4960.864
15629,2927.6824
15630,7133.53
15631,6968.9434
15632,7330.9917
15633,5151.0977
15634,4347.1064
15635,8756.822
15636,5532.8706
15637,5581.877
15638,4822.295
15639,7600.8413
15640,4191.1865
15641,4949.473
15642,8625.996
15643,3845.6729
15644,4847.055
15645,6058.0405
15646,2971.1453
15647,3900.5857
15648,8315.559
15649,5283.038
15650,4890.851
15651,6164.918
15652,5762.63
15653,4107.9346
15654,5395.675
15655,9407.226
15656,3149.2703
15657,4325.498
15658,3405.082
15659,7608.5444
15660,3813.5654
15661,4075.8108
15662,4611.109
15663,7089.7246
15664,3699.5476
15665,11008.458
15666,8674.393
15667,3643.8928
15668,4890.343
15669,3906.1038
15670,6826.777
15671,8988.043
15672,3426.6929
15673,3106.3894
15674,5032.335
15675,4538.189
15676,6830.711
15677,3635.6084
15678,4069.886
15679,3247.8293
15680,5145.8037
15681,3157.552
15682,4486.1104
15683,7006.5674
15684,8622.442
15685,4158.031
15686,8547.064
15687,5381.0625
15688,6963.2427
15689,3632.284
15690,3965.4448
15691,7132.7476
15692,3450.5503
15693,6024.9404
15694,4135.4443
15695,4003.682
15696,4336.326
15697,3374.4333
15698,4733.6074
15699,9011.21
15700,5153.8154
15701,4335.462
15702,7280.0483
15703,6498.2173
15704,4132.3765
15705,3920.1392
15706,6851.18
15707,8675.774
15708,5803.82
15709,6859.131
15710,5527.712
15711,5016.452
15712,7032.156
15713,4193.778
15714,4256.834
15715,6031.714
15716,8439.77
15717,3948.4404
15718,4715.635
15719,2827.745
15720,4707.3296
15721,4001.6506
15722,3465.7815
15723,5271.2393
15724,5307.373
15725,3692.0242
15726,9600.081
15727,3345.0273
15728,5511.417
15729,8431.474
15730,4584.3125
15731,4452.618
15732,3688.388
15733,4698.7295
15734,7112.896
15735,3787.5386
15736,5514.7354
15737,6963.2427
15738,5332.232
15739,4429.315
15740,3859.6973
15741,6699.743
15742,5406.1226
15743,7973.2017
15744,8198.194
15745,5158.0645
15746,6937.3354
15747,3282.463
15748,5272.059
15749,4040.6375
15750,6974.629
15751,5001.4736
15752,9499.091
15753,9035.041
15754,7362.5107
15755,4276.6797
15756,4756.8096
15757,5005.745
15758,4382.6597
15759,6829.115
15760,7262.717
15761,3433.021
15762,6610.911
15763,4840.4897
15764,4671.491
15765,6803.603
15766,5438.09
15767,7017.1675
15768,6756.0215
15769,8814.213
15770,7274.253
15771,3143.1743
15772,8457.344
15773,6997.7446
15774,8629.608
15775,4347.1396
15776,4059.8857
15777,6979.074
15778,3585.7725
15779,4631.7173
15780,4958.555
15781,8000.458
15782,5328.4136
15783,3078.593
15784,4889.3115
15785,3561.7856
15786,3527.9294
15787,7281.979
15788,4792.7856
15789,3815.261
15790,4106.187
15791,8980.647
15792,4532.7163
15793,7018.4395
15794,3833.886
15795,5798.065
15796,5094.3335
15797,4965.115
15798,5508.2954
15799,6908.519
15800,8920.48
15801,4411.4116
15802,5626.877
15803,2874.199
15804,4279.2666
15805,6344.909
15806,3821.0376
15807,5262.7485
15808,4151.0205
15809,3729.4927
15810,4751.2046
15811,7346.6294
15812,5742.9854
15813,4329.3413
15814,6744.033
15815,6475.9424
15816,7116.866
15817,9027.985
15818,7027.8916
15819,4746.1904
15820,7243.2495
15821,4997.468
15822,4550.2173
15823,7055.274
15824,5533.6045
15825,3916.943
15826,7385.3125
15827,5450.4233
15828,9820.334
15829,4346.352
15830,4245.9897
15831,5538.3354
15832,7207.8193
15833,6865.801
15834,9527.637
15835,5545.34
15836,5082.059
15837,6961.9805
15838,2972.166
15839,7035.6646
15840,6970.6587
15841,4918.8335
15842,17381.926
15843,4865.0693
15844,3459.7397
15845,8573.149
15846,4730.159
15847,4969.2183
15848,3429.3484
15849,9394.072
15850,4464.8545
15851,3700.9949
15852,6681.976
15853,5259.758
15854,4932.4966
15855,4242.905
15856,5525.108
15857,8252.775
15858,7335.783
15859,9855.38
15860,7118.6177
15861,3178.0076
15862,6291.2446
15863,9604.844
15864,4487.985
15865,5305.9355
15866,4189.3237
15867,4729.6445
15868,4076.5068
15869,7723.5063
15870,6157.126
15871,4800.3853
15872,6801.559
15873,3221.5664
15874,3722.3203
15875,4425.0283
15876,4753.684
15877,5455.9004
15878,3512.499
15879,6692.4175
15880,6154.1665
15881,5218.0664
15882,6616.5884
15883,5299.9365
15884,5340.0757
15885,4758.2207
15886,3749.2722
15887,7944.265
15888,4439.1533
15889,4640.0796
15890,9128.607
15891,4386.6914
15892,7249.2695
15893,7326.3643
15894,3841.8157
15895,3257.9302
15896,6992.3535
15897,3418.4033
15898,5471.441
15899,3097.5828
15900,6503.941
15901,8981.196
15902,5365.886
15903,5825.333
15904,4280.271
15905,4641.2173
15906,5758.3823
15907,4294.8555
15908,9411.569
15909,7790.872
15910,6556.5293
15911,7084.0464
15912,4056.3127
15913,4329.1016
15914,3761.169
15915,4235.634
15916,3838.68
15917,5788.025
15918,6465.413
15919,6950.721
15920,5464.984
15921,7525.394
15922,6677.8154
15923,3809.8567
15924,7286.6274
15925,3992.9834
15926,4246.5933
15927,4945.282
15928,2809.468
15929,5604.043
15930,5734.441
15931,10442.515
15932,3923.4612
15933,4574.1045
15934,3994.035
15935,3963.414
15936,3704.6438
15937,6815.827
15938,5576.6777
15939,6321.3325
15940,7111.6206
15941,3784.447
15942,8197.405
15943,3774.3198
15944,7125.9473
15945,5329.974
15946,7382.214
15947,3658.4062
15948,4504.446
15949,4939.2715
15950,3691.1404
15951,4864.4336
15952,7912.2026
15953,5133.856
15954,3810.5544
15955,7368.9883
15956,4397.4966
15957,3113.005
15958,6010.3555
15959,4708.084
15960,4264.361
15961,3363.192
15962,3898.4246
15963,8649.971
15964,4075.9197
15965,3957.7092
15966,5381.8174
15967,7197.789
15968,3838.7495
15969,5477.0806
15970,5980.2188
15971,7240.425
15972,3200.5952
15973,7834.2476
15974,4100.9653
15975,5867.777
15976,10003.094
15977,4200.8125
15978,4511.898
15979,5233.9033
15980,7002.632
15981,4180.402
15982,5735.6934
15983,5318.471
15984,5539.741
15985,7018.125
15986,3343.1453
15987,3619.631
15988,5636.476
15989,3132.7896
15990,9175.788
15991,4464.071
15992,4681.269
15993,5101.545
15994,7268.7944
15995,7434.3896
15996,5882.089
15997,3119.4263
15998,4816.4062
15999,3436.7595
16000,4356.7373
16001,5353.0854
16002,6821.0166
16003,9577.136
16004,5796.3843
16005,8399.4795
16006,7832.0957
16007,5647.794
16008,7219.206
16009,9796.086
16010,4894.519
16011,4698.488
16012,3776.3403
16013,5375.107
16014,5006.3755
16015,6262.089
16016,3836.531
16017,7904.8857
16018,7325.1416
16019,7274.3706
16020,3669.2234
16021,6279.8057
16022,3217.2144
16023,9981.897
16024,6598.6074
16025,7328.496
16026,6755.744
16027,4430.7134
16028,4240.0967
16029,3029.7788
16030,4377.3955
16031,3461.311
16032,3328.9832
16033,7514.3125
16034,8076.3066
16035,7613.263
16036,9379.131
16037,8629.279
16038,1888.0826
16039,7134.3057
16040,3254.2803
16041,10258.291
16042,5084.7017
16043,6238.6177
16044,9263.697
16045,6395.6323
16046,5574.7046
16047,7881.833
16048,6950.416
16049,8088.9497
16050,3266.3044
16051,4287.3853
16052,5419.872
16053,7735.0957
16054,9209.975
16055,7673.985
16056,5262.6436
16057,4451.344
16058,4933.4707
16059,4200.66
16060,5607.856
16061,7005.839
16062,4026.0288
16063,3454.2751
16064,4565.2817
16065,6560.8394
16066,4268.15
16067,7129.6323
16068,4541.7617
16069,6813.0127
16070,7484.806
16071,6966.9893
16072,3975.144
16073,4929.3735
16074,8970.067
16075,5881.4214
16076,5658.352
16077,2870.1738
16078,6522.025
16079,4367.827
16080,5417.9287
16081,5556.0186
16082,7131.2305
16083,4092.2236
16084,6178.4814
16085,1830.145
16086,7282.8613
16087,4343.455
16088,8014.74
16089,7863.7886
16090,5483.6304
16091,9860.937
16092,8756.98
16093,3336.725
16094,3730.1936
16095,4497.2373
16096,4394.2886
16097,4482.5254
16098,10135.47
16099,7311.23
16100,9828.552
16101,3666.4453
16102,5027.0625
16103,8240.701
16104,5803.6147
16105,7326.8604
16106,4544.2534
16107,8673.549
16108,8763.005
16109,7511.016
16110,5884.597
16111,4507.94
16112,6741.454
16113,7912.995
16114,7223.566
16115,4388.123
16116,4244.702
16117,10157.292
16118,6963.8203
16119,4311.809
16120,5086.1035
16121,5540.6396
16122,4698.277
16123,4372.838
16124,3764.604
16125,7221.5615
16126,3367.6384
16127,9639.341
16128,7243.775
16129,6010.407
16130,4171.4985
16131,4660.0933
16132,7533.4805
16133,7168.472
16134,3508.544
16135,9170.259
16136,5519.345
16137,6964.099
16138,3617.4978
16139,5136.055
16140,8695.259
16141,7317.153
16142,6629.071
16143,4997.7397
16144,8341.781
16145,8267.397
16146,3959.0383
16147,7599.4277
16148,4770.314
16149,4022.8425
16150,5577.364
16151,3098.3748
16152,5447.8345
16153,6948.6196
16154,3972.915
16155,7621.822
16156,7174.7173
16157,6630.4873
16158,6015.856
16159,7328.7544
16160,3855.109
16161,5268.751
16162,4546.647
16163,7073.4194
16164,5710.7783
16165,8716.624
16166,4887.605
16167,4316.743
16168,5042.7427
16169,5667.1074
16170,10218.196
16171,5540.666
16172,7232.922
16173,7260.84
16174,5388.68
16175,4609.4243
16176,4897.485
16177,5704.485
16178,5957.8833
16179,3168.052
16180,6980.153
16181,9249.677
16182,9755.546
16183,5286.3853
16184,3701.5598
16185,5598.7056
16186,4207.9595
16187,4484.232
16188,5084.7646
16189,4270.569
16190,4242.5366
16191,4541.255
16192,9555.867
16193,7514.0903
16194,7115.1353
16195,9939.678
16196,4955.368
16197,5932.8237
16198,4897.714
16199,5798.784
16200,3722.3096
16201,7591.4443
16202,6840.021
16203,4220.1475
16204,4685.75
16205,6078.403
16206,4187.39
16207,5043.95
16208,9307.137
16209,4321.304
16210,5186.3335
16211,5713.7153
16212,3806.8015
16213,4709.135
16214,4310.2544
16215,9149.135
16216,4235.711
16217,3871.486
16218,7959.062
16219,4454.9673
16220,7609.234
16221,4360.837
16222,5537.026
16223,4407.5166
16224,7302.2188
16225,7591.6396
16226,4258.877
16227,7161.2417
16228,6427.414
16229,3548.2375
16230,9628.251
16231,4547.3887
16232,5209.751
16233,5227.2227
16234,4727.7866
16235,5358.5977
16236,3997.7817
16237,4500.387
16238,4963.0366
16239,2996.9326
16240,4722.653
16241,5921.494
16242,8107.364
16243,4908.391
16244,6044.3613
16245,7137.8315
16246,5559.507
16247,4090.1357
16248,4174.8823
16249,8280.197
16250,5434.8125
16251,4690.0874
16252,7472.259
16253,7050.679
16254,4140.011
16255,3705.499
16256,5426.7627
16257,6425.5996
16258,5486.178
16259,4917.398
16260,5843.8267
16261,7562.587
16262,7185.3804
16263,7598.7754
16264,3245.1504
16265,8311.214
16266,5521.1724
16267,6737.475
16268,8986.26
16269,8030.32
16270,8647.595
16271,6111.7207
16272,4519.9233
16273,3181.9695
16274,5040.978
16275,3567.7095
16276,6974.3496
16277,3956.2334
16278,3961.1575
16279,5735.404
16280,4461.908
16281,6108.405
16282,4556.685
16283,6681.498
16284,4013.2566
16285,5399.9946
16286,3946.821
16287,6269.8525
16288,4078.4126
16289,8129.765
16290,3956.0974
16291,5348.247
16292,5521.32
16293,5178.4243
16294,4155.6714
16295,3652.5967
16296,4890.8975
16297,3469.7544
16298,5162.943
16299,5166.258
16300,5083.2275
16301,7772.6577
16302,6107.082
16303,6925.792
16304,5192.155
16305,4187.53
16306,7709.7505
16307,3104.4253
16308,4978.275
16309,6166.4062
16310,6784.3765
16311,4383.312
16312,3034.4126
16313,3411.9202
16314,6962.6714
16315,4193.462
16316,4712.6177
16317,6701.648
16318,4407.9326
16319,6141.8755
16320,8961.644
16321,6870.347
16322,6937.6396
16323,4862.216
16324,4321.473
16325,6736.5693
16326,5017.486
16327,4916.244
16328,4290.3228
16329,6768.2827
16330,8516.118
16331,4461.3804
16332,5328.119
16333,9251.133
16334,4401.3447
16335,3996.31
16336,3954.939
16337,4994.7085
16338,4265.6143
16339,5004.041
16340,4700.357
16341,3075.1558
16342,5289.704
16343,3922.0693
16344,8782.995
16345,6590.28
16346,9689.596
16347,5840.3105
16348,3589.1536
16349,8799.077
16350,6029.1597
16351,3851.602
16352,8769.97
16353,7052.28
16354,7150.1646
16355,5298.9863
16356,5408.0874
16357,6981.764
16358,4047.848
16359,4602.6055
16360,3412.4832
16361,4360.4546
16362,4246.889
16363,8250.996
16364,3639.592
16365,3214.981
16366,5794.847
16367,5895.3843
16368,4203.1973
16369,5376.2095
16370,3873.1003
16371,7708.1475
16372,6958.4556
16373,6445.1562
16374,4186.4194
16375,3231.8506
16376,5222.1147
16377,3890.0476
16378,5830.7534
16379,6844.7593
16380,4305.377
16381,5003.616
16382,3527.216
16383,8949.48
16384,2986.4326
16385,5388.9526
16386,6593.216
16387,7077.914
16388,3660.8152
16389,5423.9526
16390,4481.718
16391,5413.837
16392,6377.412
16393,3727.0068
16394,5160.8994
16395,6817.108
16396,4768.003
16397,4164.982
16398,6466.4185
16399,6766.998
16400,7193.6914
16401,6601.497
16402,4386.0933
16403,3037.1262
16404,6508.9307
16405,5413.7754
16406,6409.611
16407,6346.204
16408,2999.5154
16409,6377.4307
16410,6533.512
16411,6051.526
16412,3848.0361
16413,6923.236
16414,2714.2585
16415,7215.193
16416,7059.003
16417,4225.1865
16418,8419.019
16419,2623.5117
16420,6066.4595
16421,6152.2827
16422,4628.5684
16423,6644.3013
16424,5832.155
16425,3654.8518
16426,8281.579
16427,3633.2405
16428,3951.9824
16429,3234.7036
16430,4034.556
16431,6530.3657
16432,3949.9133
16433,7128.7686
16434,8754.091
16435,6708.625
16436,3274.0754
16437,7009.963
16438,6857.247
16439,2927.7356
16440,3350.073
16441,7026.6445
16442,4242.868
16443,6947.1353
16444,5198.255
16445,4892.4746
16446,4214.6196
16447,5544.5464
16448,5539.831
16449,3948.2031
16450,3811.5688
16451,3514.0876
16452,7257.994
16453,7190.9683
16454,4248.486
16455,6508.049
16456,6579.207
16457,2990.7349
16458,7240.404
16459,2623.1
16460,3968.298
16461,2952.4065
16462,4200.8447
16463,4932.7646
16464,4756.383
16465,8167.709
16466,18863.812
16467,5698.5303
16468,4359.2773
16469,6529.7554
16470,7146.585
16471,8789.171
16472,4595.2007
16473,6868.709
16474,5080.111
16475,4271.8237
16476,3094.7087
16477,6900.0767
16478,3775.7063
16479,3588.0068
16480,6921.79
16481,4740.155
16482,3663.5784
16483,6949.66
16484,5030.468
16485,2968.349
16486,7235.316
16487,7066.325
16488,7428.145
16489,5222.6924
16490,4407.483
16491,8877.998
16492,5609.867
16493,5659.6255
16494,4888.836
16495,7707.287
16496,4249.2476
16497,5019.176
16498,8750.652
16499,3898.7666
16500,4916.3755
16501,6140.8853
16502,3013.1873
16503,3956.2183
16504,8434.515
16505,5356.998
16506,4957.4106
16507,6251.4126
16508,5842.8564
16509,4165.9116
16510,5470.8774
16511,9536.847
16512,3193.1477
16513,4385.5703
16514,3452.2888
16515,7714.1787
16516,3866.6475
16517,4133.114
16518,4675.4766
16519,7189.6377
16520,3751.401
16521,11165.398
16522,8795.905
16523,3694.7864
16524,4957.9453
16525,3961.0518
16526,6922.7803
16527,9112.861
16528,3473.858
16529,3149.7239
16530,5103.156
16531,4602.074
16532,6925.62
16533,3687.3008
16534,4126.6255
16535,3292.8252
16536,5218.276
16537,3201.6458
16538,4548.191
16539,7104.3257
16540,8742.743
16541,4216.429
16542,8669.033
16543,5457.0034
16544,7061.8584
16545,3682.004
16546,4021.001
16547,7232.9355
16548,3498.1736
16549,6108.731
16550,4194.166
16551,4059.0764
16552,4396.3853
16553,3420.3474
16554,4800.1196
16555,9135.653
16556,5225.832
16557,4395.6724
16558,7381.228
16559,6589.507
16560,4189.8354
16561,3973.9424
16562,6945.8364
16563,8793.758
16564,5883.739
16565,6955.3237
16566,5604.2837
16567,5086.9624
16568,7130.7954
16569,4252.5522
16570,4315.7554
16571,6117.3315
16572,8556.975
16573,4003.1663
16574,4780.8687
16575,2867.6833
16576,4774.092
16577,4056.4058
16578,3513.7659
16579,5344.8403
16580,5381.35
16581,3744.3792
16582,9734.142
16583,3391.434
16584,5587.7583
16585,8547.603
16586,4648.1377
16587,4513.155
16588,3740.8054
16589,4764.543
16590,7211.0234
16591,3841.4346
16592,5591.6235
16593,7061.5215
16594,5407.0454
16595,4490.897
16596,3913.873
16597,6795.25
16598,5481.324
16599,8088.741
16600,8311.158
16601,5228.953
16602,7034.987
16603,3328.2878
16604,5345.9214
16605,4096.696
16606,7071.76
16607,5072.9487
16608,9629.16
16609,9155.646
16610,7466.873
16611,4336.4297
16612,4823.6294
16613,5075.0347
16614,4443.9365
16615,6923.8696
16616,7363.986
16617,3480.4355
16618,6702.5684
16619,4906.982
16620,4737.4155
16621,6899.333
16622,5513.857
16623,7115.2573
16624,6851.4478
16625,8936.047
16626,7375.338
16627,3186.3347
16628,8573.158
16629,7095.13
16630,8750.627
16631,4407.4785
16632,4116.7256
16633,7077.7046
16634,3635.6917
16635,4696.189
16636,5027.6855
16637,8112.376
16638,5400.963
16639,3121.5337
16640,4957.5146
16641,3609.7795
16642,3577.3472
16643,7383.1924
16644,4859.3228
16645,3868.2412
16646,4163.3174
16647,9105.581
16648,4596.0645
16649,7115.4336
16650,3888.0146
16651,5873.4775
16652,5165.0806
16653,5034.2407
16654,5587.1987
16655,7004.823
16656,9046.673
16657,4472.378
16658,5705.3936
16659,2912.9724
16660,4338.726
16661,6434.726
16662,3874.0056
16663,5336.608
16664,4207.6743
16665,3781.2498
16666,4817.6655
16667,7450.951
16668,5822.1113
16669,4389.638
16670,6837.7705
16671,6567.683
16672,7216.0737
16673,9153.726
16674,7124.7173
16675,4811.2637
16676,7344.219
16677,5067.107
16678,4613.304
16679,7152.204
16680,5609.755
16681,3972.699
16682,7489.748
16683,5524.2856
16684,9957.896
16685,4407.033
16686,4305.348
16687,5615.1675
16688,7308.8804
16689,6961.144
16690,9660.565
16691,5621.4106
16692,5153.4517
16693,7057.057
16694,3012.713
16695,7130.9995
16696,7068.199
16697,4987.3486
16698,17623.719
16699,4932.4917
16700,3508.2295
16701,8694.463
16702,4795.7905
16703,5039.1943
16704,3475.9927
16705,9522.495
16706,4525.4756
16707,3752.303
16708,6774.25
16709,5333.112
16710,5002.3755
16711,4301.8916
16712,5602.2583
16713,8367.304
16714,7438.056
16715,9991.9375
16716,7218.5522
16717,3222.7405
16718,6379.012
16719,9742.119
16720,4550.8945
16721,5379.9595
16722,4247.9995
16723,4795.214
16724,4132.865
16725,7827.7793
16726,6241.867
16727,4868.0356
16728,6896.4053
16729,3266.6099
16730,3773.9453
16731,4486.9746
16732,4819.8853
16733,5531.9736
16734,3561.7585
16735,6785.9487
16736,6239.903
16737,5291.213
16738,6708.9067
16739,5373.6357
16740,5413.553
16741,4824.554
16742,3801.9058
16743,8053.0386
16744,4500.7563
16745,4704.8384
16746,9256.163
16747,4448.0586
16748,7348.6475
16749,7429.7817
16750,3895.6772
16751,3305.036
16752,7091.862
16753,3466.2014
16754,5545.6675
16755,3139.9705
16756,6595.3735
16757,9103.861
16758,5440.3364
16759,5906.709
16760,4338.4736
16761,4706.3506
16762,5839.7144
16763,4354.415
16764,9533.6455
16765,7898.2534
16766,6647.908
16767,7183.7974
16768,4113.4595
16769,4389.948
16770,3813.6965
16771,4296.585
16772,3893.129
16773,5868.9414
16774,6553.7593
16775,7047.425
16776,5541.469
16777,7629.939
16778,6769.496
16779,3861.4502
16780,7388.737
16781,4047.5466
16782,4306.0137
16783,5014.5674
16784,2848.3303
16785,5685.12
16786,5812.5176
16787,10588.561
16788,3978.1106
16789,4637.5576
16790,4051.2666
16791,4018.6658
16792,3755.7515
16793,6910.127
16794,5655.4272
16795,6408.028
16796,7210.171
16797,3837.545
16798,8311.476
16799,3827.0603
16800,7225.5024
16801,5403.019
16802,7485.3916
16803,3708.8445
16804,4566.057
16805,5007.675
16806,3743.0044
16807,4931.6167
16808,8021.937
16809,5204.4067
16810,3864.0444
16811,7468.7246
16812,4458.76
16813,3156.001
16814,6095.1523
16815,4773.5454
16816,4324.2607
16817,3410.098
16818,3952.2236
16819,8768.088
16820,4134.1704
16821,4012.8162
16822,5456.8267
16823,7300.199
16824,3892.3267
16825,5553.656
16826,6063.515
16827,7339.0513
16828,3245.4663
16829,7943.6284
16830,4158.5386
16831,5948.832
16832,10143.438
16833,4259.137
16834,4574.0693
16835,5305.799
16836,7098.4463
16837,4238.338
16838,5816.483
16839,5392.8965
16840,5618.1836
16841,7114.6533
16842,3388.1519
16843,3669.9094
16844,5715.852
16845,3176.3376
16846,9300.3125
16847,4527.0083
16848,4745.742
16849,5172.7964
16850,7370.071
16851,7538.0015
16852,5965.145
16853,3161.0933
16854,4883.4204
16855,3484.0266
16856,4416.6533
16857,5427.337
16858,6916.2725
16859,9709.718
16860,5873.046
16861,8517.32
16862,7941.341
16863,5726.9575
16864,7319.6797
16865,9928.517
16866,4963.7227
16867,4764.3477
16868,3828.1008
16869,5450.605
16870,5075.674
16871,6350.7397
16872,3890.378
16873,8016.476
16874,7428.2866
16875,7371.5684
16876,3721.184
16877,6366.788
16878,3263.4453
16879,10124.166
16880,6690.5537
16881,7430.0156
16882,6849.076
16883,4493.2666
16884,4299.1924
16885,3071.4675
16886,4438.946
16887,3509.796
16888,3375.3445
16889,7618.3403
16890,8192.566
16891,7717.5195
16892,9509.733
16893,8745.537
16894,1914.4818
16895,7236.4478
16896,3299.2996
16897,10398.715
16898,5155.1626
16899,6325.446
16900,9390.597
16901,6484.6455
16902,5651.636
16903,7994.8745
16904,7047.203
16905,8203.866
16906,3311.5151
16907,4347.6167
16908,5491.0522
16909,7844.192
16910,9337.216
16911,7779.1323
16912,5333.9106
16913,4511.334
16914,5002.9194
16915,4258.276
16916,5686.8667
16917,7103.445
16918,4082.2075
16919,3501.569
16920,4628.8203
16921,6653.865
16922,4327.0415
16923,7229.48
16924,4604.4673
16925,6906.4634
16926,7588.498
16927,7062.491
16928,4029.2483
16929,4997.84
16930,9100.189
16931,5968.3833
16932,5736.7715
16933,2910.364
16934,6611.857
16935,4428.635
16936,5493.195
16937,5633.3643
16938,7230.0522
16939,4147.8457
16940,6264.2812
16941,1856.1162
16942,7383.77
16943,4404.4443
16944,8128.1294
16945,7966.3755
16946,5559.6553
16947,9999.583
16948,8883.309
16949,3383.2651
16950,3782.4475
16951,4560.294
16952,4455.324
16953,4545.424
16954,10271.704
16955,7412.871
16956,9968.017
16957,3718.4236
16958,5096.6323
16959,8356.274
16960,5884.0527
16961,7429.711
16962,4607.53
16963,8797.188
16964,8892.38
16965,7615.536
16966,5965.264
16967,4571.339
16968,6835.906
16969,8022.97
16970,7328.1953
16971,4449.2046
16972,4303.234
16973,10298.906
16974,7061.2856
16975,4371.8203
16976,5157.002
16977,5618.103
16978,4763.4116
16979,4433.5376
16980,3815.8762
16981,7324.2124
16982,3415.1765
16983,9771.777
16984,7345.7676
16985,6093.9897
16986,4228.7427
16987,4725.311
16988,7638.094
16989,7268.8013
16990,3557.755
16991,9299.373
16992,5596.6553
16993,7057.8384
16994,3669.4438
16995,5208.4395
16996,8814.826
16997,7420.1504
16998,6721.3774
16999,5066.841
17000,8459.191
17001,8378.78
17002,4012.7053
17003,7706.8535
17004,4837.148
17005,4078.3232
17006,5657.089
17007,3140.7854
17008,5522.4995
17009,7045.476
17010,4028.3953
17011,7728.488
17012,7274.69
17013,6722.0376
17014,6100.2417
17015,7430.462
17016,3907.6318
17017,5341.395
17018,4610.0664
17019,7170.558
17020,5793.521
17021,8837.135
17022,4955.236
17023,4375.7715
17024,5114.222
17025,5747.3037
17026,10363.249
17027,5617.492
17028,7331.922
17029,7363.1357
17030,5461.9507
17031,4673.461
17032,4965.6694
17033,5783.5605
17034,6042.326
17035,3214.803
17036,7078.13
17037,9378.907
17038,9894.4
17039,5359.2466
17040,3753.223
17041,5675.92
17042,4267.136
17043,4545.7144
17044,5155.8315
17045,4329.948
17046,4303.168
17047,4605.197
17048,9685.318
17049,7617.6064
17050,7214.374
17051,10077.221
17052,5022.5137
17053,6016.5273
17054,4965.7734
17055,5879.5757
17056,3775.1445
17057,7695.5195
17058,6932.4473
17059,4279.3853
17060,4751.4673
17061,6164.007
17062,4245.508
17063,5114.4175
17064,9436.846
17065,4381.6064
17066,5259.035
17067,5791.438
17068,3860.165
17069,4774.889
17070,4369.748
17071,9273.359
17072,4294.8965
17073,3926.303
17074,8070.724
17075,4517.811
17076,7716.0034
17077,4421.3325
17078,5613.834
17079,4468.996
17080,7403.763
17081,7697.906
17082,4318.061
17083,7262.0034
17084,6516.764
17085,3597.3425
17086,9762.499
17087,4610.308
17088,5281.4307
17089,5299.8857
17090,4794.281
17091,5431.936
17092,4052.0627
17093,4562.352
17094,5031.4756
17095,3037.642
17096,4789.0566
17097,6004.19
17098,8222.385
17099,4976.3096
17100,6127.995
17101,7236.6274
17102,5635.0303
17103,4147.031
17104,4230.982
17105,8394.498
17106,5509.9927
17107,4755.5483
17108,7576.543
17109,7147.942
17110,4197.3037
17111,3757.1238
17112,5502.1304
17113,6515.6016
17114,5563.252
17115,4986.0737
17116,5928.7847
17117,7666.5522
17118,7284.73
17119,7704.1416
17120,3289.4502
17121,8425.911
17122,5594.622
17123,6895.465
17124,9197.404
17125,8141.1953
17126,8763.03
17127,6255.021
17128,4625.911
17129,3256.5566
17130,5110.5063
17131,3650.458
17132,7137.668
17133,4011.7139
17134,4053.5007
17135,5870.0723
17136,4567.124
17137,6252.14
17138,4620.2754
17139,6775.239
17140,4069.0088
17141,5474.761
17142,4001.9255
17143,6416.713
17144,4173.9067
17145,8242.227
17146,4011.033
17147,5473.722
17148,5598.5454
17149,5247.8105
17150,4214.3184
17151,3737.6453
17152,4958.763
17153,3518.2368
17154,5284.5703
17155,5287.449
17156,5154.4937
17157,7884.713
17158,6251.4185
17159,7088.832
17160,5314.7134
17161,4286.547
17162,7888.4287
17163,3147.9875
17164,5095.106
17165,6310.4707
17166,6879.718
17167,4485.4043
17168,3077.2952
17169,3492.3086
17170,7124.9893
17171,4292.013
17172,4779.5005
17173,6797.052
17174,4469.827
17175,6284.851
17176,9169.944
17177,6967.581
17178,7102.5845
17179,4976.3335
17180,4381.318
17181,6894.281
17182,5135.3105
17183,5031.8887
17184,4350.014
17185,6861.1787
17186,8640.232
17187,4524.021
17188,5452.186
17189,9381.546
17190,4504.454
17191,4051.1738
17192,4010.279
17193,5064.3286
17194,4325.304
17195,5122.9863
17196,4810.571
17197,3148.1858
17198,5363.5273
17199,4013.5667
17200,8905.671
17201,6744.3486
17202,9919.108
17203,5977.7266
17204,3639.46
17205,8925.688
17206,6170.46
17207,3941.4333
17208,8885.979
17209,7218.2695
17210,7317.858
17211,5372.985
17212,5535.0825
17213,7077.9683
17214,4104.4404
17215,4711.6914
17216,3460.6475
17217,4462.7383
17218,4306.6504
17219,8365.469
17220,3724.224
17221,3259.7798
17222,5929.7803
17223,6033.1006
17224,4303.1025
17225,5450.969
17226,3964.6467
17227,7814.8584
17228,7124.7446
17229,6595.6187
17230,4284.1924
17231,3277.2065
17232,5295.1006
17233,3980.5095
17234,5968.178
17235,6938.9697
17236,4366.348
17237,5073.2007
17238,3609.6282
17239,9071.462
17240,3056.9946
17241,5515.63
17242,6683.353
17243,7176.49
17244,3712.1257
17245,5551.4736
17246,4587.567
17247,5489.701
17248,6528.778
17249,3779.4
17250,5232.351
17251,6911.162
17252,4879.844
17253,4262.5796
17254,6556.9673
17255,6860.0728
17256,7293.6987
17257,6694.2944
17258,4488.871
17259,3081.3638
17260,6662.6987
17261,5488.832
17262,6561.4214
17263,6495.7075
17264,3069.6309
17265,6525.964
17266,6687.7275
17267,6192.452
17268,3939.2156
17269,7085.9727
17270,2776.7356
17271,7315.897
17272,7157.145
17273,4323.6294
17274,8535.464
17275,2660.6895
17276,6150.616
17277,6297.056
17278,4692.826
17279,6799.5093
17280,5970.034
17281,3739.7458
17282,8482.33
17283,3683.9712
17284,4007.201
17285,3310.9338
17286,4091.3767
17287,6621.633
17288,4042.9932
17289,7229.3975
17290,8874.874
17291,6867.012
17292,3349.7917
17293,7108.8335
17294,6952.339
17295,2968.281
17296,3427.991
17297,7191.4346
17298,4342.4443
17299,7043.0034
17300,5270.44
17301,4960.6416
17302,4273.5435
17303,5621.2925
17304,5616.335
17305,4003.2961
17306,3901.155
17307,3563.1484
17308,7358.951
17309,7291.4175
17310,4307.0815
17311,6661.0723
17312,6734.5903
17313,3032.6848
17314,7340.2764
17315,2659.3306
17316,4023.7712
17317,3021.4485
17318,4260.673
17319,5001.488
17320,4866.383
17321,8282.267
17322,19131.125
17323,5831.02
17324,4461.0996
17325,6682.39
17326,7244.438
17327,8911.7295
17328,4660.0044
17329,6964.1987
17330,5152.1245
17331,4371.6494
17332,3168.3936
17333,7062.0938
17334,3864.918
17335,3672.8303
17336,7084.1616
17337,4851.315
17338,3749.6836
17339,7046.128
17340,5148.0176
17341,3038.042
17342,7335.615
17343,7165.7925
17344,7534.0625
17345,5346.1763
17346,4467.5254
17347,9085.402
17348,5742.6514
17349,5793.3716
17350,4956.834
17351,7887.3228
17352,4308.2114
17353,5088.418
17354,8871.032
17355,3953.615
17356,5030.5254
17357,6229.318
17358,3054.9539
17359,4047.9329
17360,8548.36
17361,5432.076
17362,5027.58
17363,6398.5063
17364,5926.0654
17365,4262.974
17366,5598.946
17367,9763.067
17368,3268.0996
17369,4446.8496
17370,3533.325
17371,7826.1816
17372,3920.2551
17373,4190.1987
17374,4785.253
17375,7289.227
17376,3803.2007
17377,11318.691
17378,8917.945
17379,3746.1228
17380,5027.043
17381,4053.5085
17382,7084.2964
17383,9237.316
17384,3555.8784
17385,3193.4707
17386,5173.838
17387,4709.4766
17388,7020.582
17389,3772.8655
17390,4223.446
17391,3339.3555
17392,5291.975
17393,3276.9783
17394,4655.2812
17395,7203.146
17396,8947.134
17397,4315.463
17398,8791.519
17399,5584.3374
17400,7160.709
17401,3768.862
17402,4115.5083
17403,7402.6685
17404,3580.5564
17405,6193.6333
17406,4252.2236
17407,4115.359
17408,4457.709
17409,3502.3008
17410,4912.002
17411,9263.485
17412,5298.5312
17413,4457.097
17414,7483.892
17415,6745.455
17416,4247.1973
17417,4029.6904
17418,7042.6943
17419,8917.843
17420,5966.2544
17421,7052.1724
17422,5682.735
17423,5157.5283
17424,7230.1074
17425,4311.887
17426,4416.565
17427,6261.88
17428,8673.243
17429,4097.3877
17430,4847.346
17431,2934.8357
17432,4885.4375
17433,4152.6084
17434,3563.3794
17435,5419.179
17436,5456.962
17437,3831.809
17438,9961.393
17439,3439.2588
17440,5719.015
17441,8668.405
17442,4713.4355
17443,4577.3384
17444,3827.5933
17445,4874.9683
17446,7380.9463
17447,3895.6772
17448,5669.0537
17449,7158.8447
17450,5533.3667
17451,4596.3096
17452,4005.8289
17453,6953.0283
17454,5558.3296
17455,8198.398
17456,8508.957
17457,5354.99
17458,7133.6865
17459,3406.6772
17460,5420.058
17461,4192.606
17462,7169.0874
17463,5142.84
17464,9859.281
17465,9283.191
17466,7570.295
17467,4437.887
17468,4890.8325
17469,5195.271
17470,4548.499
17471,7085.716
17472,7466.994
17473,3562.8086
17474,6796.2935
17475,5022.7485
17476,4847.374
17477,6994.368
17478,5590.76
17479,7214.7456
17480,6945.777
17481,9147.119
17482,7478.5977
17483,3261.525
17484,8693.178
17485,7193.7603
17486,8872.741
17487,4511.1836
17488,4174.5757
17489,7242.2617
17490,3721.2056
17491,4762.5845
17492,5146.1914
17493,8302.332
17494,5529.067
17495,3196.1313
17496,5073.118
17497,3661.3809
17498,3661.6252
17499,7485.827
17500,4973.5903
17501,3958.4038
17502,4260.9736
17503,9318.159
17504,4659.382
17505,7216.0186
17506,3979.196
17507,5959.2476
17508,5237.799
17509,5104.285
17510,5664.049
17511,7101.101
17512,9171.632
17513,4577.0415
17514,5839.1685
17515,2954.2803
17516,4399.439
17517,6522.5845
17518,3965.0667
17519,5461.9404
17520,4307.205
17521,3870.2158
17522,4930.394
17523,7626.0684
17524,5903.8643
17525,4450.6265
17526,6997.778
17527,6720.3325
17528,7316.5107
17529,9279.907
17530,7293.0312
17531,4925.477
17532,7450.823
17533,5138.53
17534,4720.896
17535,7321.5303
17536,5743.3633
17537,4066.7114
17538,7592.9287
17539,5654.7637
17540,10094.546
17541,4468.5527
17542,4406.0117
17543,5693.9443
17544,7409.994
17545,7057.912
17546,9886.947
17547,5701.95
17548,5273.5376
17549,7156.23
17550,3084.4373
17551,7231.4663
17552,7166.4897
17553,5057.261
17554,17873.033
17555,5001.5835
17556,3557.3306
17557,8813.582
17558,4862.93
17559,5108.8394
17560,3524.747
17561,9662.749
17562,4633.317
17563,3804.311
17564,6934.0874
17565,5458.388
17566,5118.854
17567,4402.168
17568,5734.014
17569,8483.714
17570,7612.341
17571,10222.769
17572,7318.116
17573,3266.4072
17574,6528.5596
17575,9872.559
17576,4658.1733
17577,5506.168
17578,4307.0776
17579,4907.675
17580,4229.7676
17581,7938.9097
17582,6389.6143
17583,4981.6904
17584,7058.195
17585,3343.027
17586,3826.3813
17587,4549.575
17588,4934.2046
17589,5662.0825
17590,3645.353
17591,6881.1416
17592,6389.5225
17593,5414.9683
17594,6802.889
17595,5448.131
17596,5488.8687
17597,4937.51
17598,3891.083
17599,8167.9897
17600,4606.6685
17601,4770.2593
17602,9385.914
17603,4509.0757
17604,7452.1733
17605,7533.4873
17606,3986.89
17607,3379.7458
17608,7190.4604
17609,3547.2898
17610,5675.936
17611,3213.0676
17612,6749.5225
17613,9229.61
17614,5515.8613
17615,5988.1187
17616,4401.202
17617,4816.9717
17618,5976.74
17619,4456.7695
17620,9761.019
17621,8084.0366
17622,6801.267
17623,7284.1533
17624,4170.4883
17625,4450.5244
17626,3866.5923
17627,4355.4204
17628,3947.3105
17629,5950.3755
17630,6709.022
17631,7145.4194
17632,5618.2104
17633,7809.121
17634,6863.758
17635,3955.9238
17636,7561.8154
17637,4143.389
17638,4407.008
17639,5132.147
17640,2914.9934
17641,5762.2065
17642,5892.8823
17643,10736.617
17644,4071.7112
17645,4701.523
17646,4147.581
17647,4112.6826
17648,3843.7952
17649,7008.3384
17650,5732.855
17651,6496.9966
17652,7310.77
17653,3891.213
17654,8429.753
17655,3880.5708
17656,7395.618
17657,5478.2456
17658,7589.2505
17659,3761.2622
17660,4630.414
17661,5077.577
17662,3830.4167
17663,5047.8394
17664,8140.8926
17665,5278.394
17666,3954.2864
17667,7572.7935
17668,4563.2227
17669,3230.3833
17670,6236.6777
17671,4840.0186
17672,4425.9824
17673,3490.0374
17674,4007.9617
17675,8891.888
17676,4230.4937
17677,4106.849
17678,5584.902
17679,7399.944
17680,3946.7195
17681,5630.329
17682,6204.987
17683,7441.583
17684,3321.2275
17685,8055.0894
17686,4216.413
17687,6088.3423
17688,10284.4375
17689,4318.032
17690,4680.8984
17691,5379.764
17692,7197.8853
17693,4337.439
17694,5897.544
17695,5468.488
17696,5696.226
17697,7284.5215
17698,3435.5894
17699,3721.0813
17700,5850.2847
17701,3251.2363
17702,9429.53
17703,4589.217
17704,4811.677
17705,5244.0176
17706,7543.1147
17707,7716.1504
17708,6046.6157
17709,3236.815
17710,4997.773
17711,3566.0217
17712,4520.643
17713,5554.816
17714,7078.724
17715,9938.882
17716,5955.991
17717,8635.175
17718,8125.8584
17719,5805.979
17720,7420.759
17721,10161.953
17722,5079.1367
17723,4830.4946
17724,3917.743
17725,5578.5825
17726,5194.805
17727,6438.508
17728,3944.638
17729,8203.232
17730,7531.325
17731,7474.098
17732,3771.7644
17733,6455.6895
17734,3307.821
17735,10265.573
17736,6847.469
17737,7534.3354
17738,7011.3335
17739,4599.222
17740,4400.2827
17741,3114.9092
17742,4542.719
17743,3591.952
17744,3454.4763
17745,7724.9653
17746,8297.978
17747,7900.416
17748,9732.127
17749,8951.819
17750,1959.6677
17751,7337.113
17752,3345.586
17753,10640.3125
17754,5276.461
17755,6473.6514
17756,9607.684
17757,6636.859
17758,5784.206
17759,8103.2896
17760,7145.5083
17761,8317.923
17762,3358.1008
17763,4449.6885
17764,5570.5586
17765,7953.522
17766,9468.473
17767,7963.139
17768,5409.79
17769,4575.3086
17770,5071.899
17771,4318.5474
17772,5819.596
17773,7201.7446
17774,4139.111
17775,3585.7383
17776,4693.2065
17777,6807.881
17778,4428.6895
17779,7330.195
17780,4668.582
17781,7068.2734
17782,7767.196
17783,7162.082
17784,4126.2
17785,5114.832
17786,9312.446
17787,6109.372
17788,5815.723
17789,2951.1843
17790,6767.514
17791,4490.143
17792,5570.123
17793,5711.65
17794,7330.3486
17795,4246.484
17796,6411.0176
17797,1899.618
17798,7557.3955
17799,4465.127
17800,8236.277
17801,8078.6567
17802,5690.1494
17803,10141.417
17804,9007.111
17805,3430.3135
17806,3871.198
17807,4667.447
17808,4517.3584
17809,4652.627
17810,10415.738
17811,7586.8623
17812,10204.601
17813,3806.0752
17814,5215.5786
17815,8550.855
17816,6022.056
17817,7602.9077
17818,4715.9946
17819,8918.269
17820,9010.558
17821,7721.503
17822,6050.3774
17823,4678.1265
17824,6996.6636
17825,8211.726
17826,7498.69
17827,4554.5166
17828,4403.3267
17829,10446.52
17830,7160.641
17831,4474.8867
17832,5277.4473
17833,5696.2803
17834,4831.5083
17835,4537.8643
17836,3870.098
17837,7426.211
17838,3459.7363
17839,10002.35
17840,7448.6274
17841,6237.374
17842,4328.214
17843,4791.684
17844,7819.2354
17845,7368.3276
17846,3607.363
17847,9427.103
17848,5674.415
17849,7225.578
17850,3720.641
17851,5281.315
17852,8938.468
17853,7594.0444
17854,6877.7363
17855,5186.0664
17856,8658.159
17857,8578.794
17858,4069.5444
17859,7886.36
17860,4903.3184
17861,4135.1567
17862,5733.199
17863,3184.9124
17864,5600.399
17865,7143.7705
17866,4123.0015
17867,7835.249
17868,7378.6167
17869,6815.983
17870,6241.772
17871,7534.824
17872,3963.0398
17873,5464.5093
17874,4674.4507
17875,7272.0815
17876,5931.63
17877,8967.406
17878,5023.242
17879,4437.0576
17880,5232.6157
17881,5829.6465
17882,10605.449
17883,5748.8936
17884,7435.836
17885,7464.338
17886,5539.889
17887,4739.029
17888,5083.814
17889,5919.4727
17890,6125.5464
17891,3289.6292
17892,7178.6396
17893,9598.809
17894,10032.818
17895,5484.677
17896,3840.3206
17897,5755.6094
17898,4367.373
17899,4609.2485
17900,5227.761
17901,4431.5845
17902,4363.546
17903,4712.325
17904,9822.395
17905,7723.6094
17906,7383.6294
17907,10323.571
17908,5093.4927
17909,6157.4136
17910,5034.942
17911,5960.612
17912,3827.9292
17913,7804.2593
17914,7096.6865
17915,4338.6143
17916,4817.449
17917,6308.629
17918,4305.028
17919,5233.7886
17920,9659.487
17921,4442.7583
17922,5381.7812
17923,5926.817
17924,3913.3542
17925,4886.7476
17926,4430.6924
17927,9402.077
17928,4395.4795
17929,4017.5618
17930,8259.012
17931,4580.335
17932,7823.1665
17933,4482.5386
17934,5746.476
17935,4574.811
17936,7507.4707
17937,7805.212
17938,4419.507
17939,7363.199
17940,6669.534
17941,3681.421
17942,9898.27
17943,4718.7847
17944,5354.796
17945,5373.5024
17946,4860.528
17947,5508.6055
17948,4148.5225
17949,4626.2246
17950,5150.007
17951,3079.6562
17952,4856.1904
17953,6087.483
17954,8335.244
17955,5046.342
17956,6213.4736
17957,7406.8213
17958,5769.4497
17959,4244.4634
17960,4290.982
17961,8592.002
17962,5639.7515
17963,4821.771
17964,7753.554
17965,7313.685
17966,4255.9854
17967,3845.0237
17968,5578.1567
17969,6666.71
17970,5694.0474
17971,5103.01
17972,6009.7246
17973,7773.6216
17974,7455.1094
17975,7812.31
17976,3333.5815
17977,8545.344
17978,5672.613
17979,6990.5063
17980,9324.329
17981,8253.767
17982,8890.582
17983,6342.9546
17984,4690.405
17985,3301.5034
17986,5182.14
17987,3702.6653
17988,7236.8
17989,4066.8667
17990,4110.212
17991,5951.2495
17992,4630.657
17993,6339.507
17994,4684.266
17995,6869.5347
17996,4125.3857
17997,5551.3623
17998,4057.5125
17999,6506.4663
18000,4232.064
18001,8357.374
18002,4066.9016
18003,5550.8433
18004,5676.884
18005,5323.1455
18006,4272.598
18007,3791.826
18008,5028.1123
18009,3567.267
18010,5357.417
18011,5361.164
18012,5225.857
18013,7992.572
18014,6337.796
18015,7188.047
18016,5387.822
18017,4346.257
18018,8000.0996
18019,3192.0452
18020,5165.9478
18021,6398.8296
18022,6975.181
18023,4547.8267
18024,3120.4531
18025,3541.3796
18026,7226.0054
18027,4352.6997
18028,4847.5635
18029,6889.3247
18030,4531.7
18031,6370.1533
18032,9303.533
18033,7064.0947
18034,7200.762
18035,5045.9185
18036,4442.233
18037,6990.9663
18038,5206.8896
18039,5102.007
18040,4410.023
18041,6956.1064
18042,8755.461
18043,4586.4907
18044,5528.2603
18045,9513.28
18046,4567.7954
18047,4107.3584
18048,4065.831
18049,5135.3643
18050,4385.595
18051,5192.64
18052,4877.4707
18053,3190.0422
18054,5439.4956
18055,4070.5771
18056,9027.22
18057,6838.5405
18058,10057.69
18059,6060.346
18060,3689.0881
18061,9050.937
18062,6258.285
18063,3996.6035
18064,9006.708
18065,7318.0044
18066,7420.193
18067,5448.5156
18068,5611.5264
18069,7178.5645
18070,4161.9
18071,4776.8296
18072,3508.8855
18073,4524.966
18074,4365.5444
18075,8481.894
18076,3776.0413
18077,3305.5908
18078,6013.452
18079,6116.3276
18080,4362.4805
18081,5526.631
18082,4016.623
18083,7927.212
18084,7225.0337
18085,6687.6953
18086,4344.172
18087,3322.5935
18088,5368.861
18089,4035.549
18090,6051.5435
18091,7035.8394
18092,4426.312
18093,5144.6255
18094,3660.5356
18095,9200.606
18096,3098.9365
18097,5591.944
18098,6776.15
18099,7275.7935
18100,3763.656
18101,5628.7773
18102,4650.3994
18103,5566.06
18104,6619.1763
18105,3832.1455
18106,5304.392
18107,7005.1304
18108,4948.4204
18109,4323.085
18110,6648.6313
18111,6956.6904
18112,7395.181
18113,6786.8486
18114,4551.433
18115,3123.181
18116,6753.3154
18117,5565.3325
18118,6649.8047
18119,6585.5547
18120,3112.9663
18121,6617.1377
18122,6779.3374
18123,6279.926
18124,3994.1948
18125,7185.4556
18126,2816.5234
18127,7416.754
18128,7257.163
18129,4384.55
18130,8656.425
18131,2697.0222
18132,6236.0474
18133,6384.9536
18134,4758.139
18135,6895.2803
18136,6052.5303
18137,3792.3757
18138,8598.708
18139,3735.6526
18140,4063.4465
18141,3356.6245
18142,4147.383
18143,6713.836
18144,4100.4336
18145,7328.3843
18146,9000.843
18147,6961.0244
18148,3397.8752
18149,7206.719
18150,7050.161
18151,3010.6213
18152,3476.331
18153,7291.9946
18154,4402.8228
18155,7141.018
18156,5343.8003
18157,5030.401
18158,4333.1426
18159,5700.476
18160,5694.471
18161,4059.5334
18162,3955.407
18163,3613.1973
18164,7460.9927
18165,7392.9736
18166,4367.169
18167,6754.8164
18168,6828.5483
18169,3074.5134
18170,7442.946
18171,2696.4587
18172,4079.3777
18173,3063.7678
18174,4320.546
18175,5070.8975
18176,4932.779
18177,8396.147
18178,19399.86
18179,5912.684
18180,4523.1577
18181,6775.8853
18182,7347.6104
18183,9038.626
18184,4723.1934
18185,7061.5146
18186,5222.787
18187,4432.5737
18188,3212.4026
18189,7159.7256
18190,3917.5935
18191,3723.1123
18192,7183.4204
18193,4919.425
18194,3801.681
18195,7144.759
18196,5220.033
18197,3079.2363
18198,7440.5967
18199,7265.128
18200,7640.674
18201,5419.7944
18202,4530.568
18203,9214.412
18204,5822.9775
18205,5874.531
18206,5026.1895
18207,7996.575
18208,4368.4146
18209,5158.8467
18210,8997.598
18211,4009.9463
18212,5100.849
18213,6314.5767
18214,3097.0894
18215,4103.54
18216,8668.909
18217,5507.4336
18218,5096.253
18219,6489.9546
18220,6007.301
18221,4322.9863
18222,5677.62
18223,9895.712
18224,3313.1045
18225,4508.8994
18226,3582.849
18227,7932.3247
18228,3975.091
18229,4249.175
18230,4852.1714
18231,7390.8584
18232,3856.9736
18233,11478.019
18234,9044.274
18235,3798.9438
18236,5097.2886
18237,4109.992
18238,7183.304
18239,9367.6875
18240,3605.3987
18241,3237.933
18242,5245.6987
18243,4774.757
18244,7119.826
18245,3824.637
18246,4282.0845
18247,3385.606
18248,5365.697
18249,3322.2607
18250,4721.1484
18251,7304.1973
18252,9072.544
18253,4374.9326
18254,8915.504
18255,5662.2876
18256,7258.513
18257,3821.0706
18258,4173.369
18259,7505.173
18260,3630.0671
18261,6280.393
18262,4311.801
18263,4173.2617
18264,4519.9966
18265,3549.866
18266,4980.883
18267,9392.271
18268,5372.457
18269,4519.354
18270,7587.89
18271,6838.4946
18272,4306.428
18273,4086.084
18274,7141.161
18275,9040.773
18276,6048.6694
18277,7149.9805
18278,5762.3496
18279,5229.7217
18280,7330.684
18281,4371.47
18282,4479.713
18283,6349.171
18284,8798.791
18285,4154.308
18286,4915.3066
18287,2975.5107
18288,4955.378
18289,4209.6855
18290,3613.249
18291,5494.091
18292,5531.942
18293,3884.782
18294,10104.419
18295,3486.264
18296,5798.989
18297,8789.012
18298,4778.133
18299,4641.421
18300,3882.3071
18301,4945.4663
18302,7483.771
18303,3949.8455
18304,5749.0693
18305,7259.4546
18306,5610.5576
18307,4660.191
18308,4061.8499
18309,7050.827
18310,5635.6
18311,8315.622
18312,8628.309
18313,5428.2847
18314,7232.1836
18315,3454.163
18316,5495.9883
18317,4250.711
18318,7269.8345
18319,5214.0713
18320,9994.491
18321,9415.493
18322,7674.79
18323,4499.8804
18324,4958.8203
18325,5267.259
18326,4611.0957
18327,7184.4004
18328,7570.266
18329,3612.346
18330,6891.066
18331,5093.8135
18332,4915.3438
18333,7090.5566
18334,5668.929
18335,7314.7666
18336,7042.251
18337,9272.97
18338,7582.6084
18339,3306.5938
18340,8814.179
18341,7294.7495
18342,8998.9795
18343,4573.6504
18344,4231.0464
18345,7343.4204
18346,3772.7036
18347,4827.6567
18348,5216.987
18349,8417.589
18350,5605.487
18351,3237.936
18352,5145.2095
18353,3712.2212
18354,3712.6143
18355,7590.3364
18356,5042.5117
18357,4014.0566
18358,4320.6855
18359,9450.04
18360,4724.7207
18361,7315.1016
18362,4033.9365
18363,6039.4453
18364,5310.72
18365,5175.294
18366,5742.942
18367,7200.673
18368,9296.366
18369,4637.69
18370,5920.297
18371,2995.552
18372,4460.5166
18373,6614.203
18374,4020.9932
18375,5537.739
18376,4365.786
18377,3923.8843
18378,4999.07
18379,7730.014
18380,5985.977
18381,4512.815
18382,7094.453
18383,6814.462
18384,7418.8623
18385,9410.16
18386,7394.4688
18387,4993.708
18388,7552.1494
18389,5209.075
18390,4787.3213
18391,7422.4155
18392,5822.2393
18393,4123.4736
18394,7697.3037
18395,5734.047
18396,10238.879
18397,4530.8745
18398,4468.267
18399,5772.4224
18400,7513.309
18401,7156.5034
18402,10023.598
18403,5781.2275
18404,5347.497
18405,7255.0522
18406,3126.2126
18407,7331.5093
18408,7265.599
18409,5127.484
18410,18116.44
18411,5072.1313
18412,3606.0798
18413,8936.635
18414,4930.394
18415,5179.773
18416,3574.0623
18417,9793.648
18418,4697.076
18419,3857.842
18420,7031.586
18421,5534.7393
18422,5189.2383
18423,4464.2495
18424,5813.9204
18425,8601.628
18426,7718.6753
18427,10369.795
18428,7420.0864
18429,3313.231
18430,6620.117
18431,10010.242
18432,4722.265
18433,5583.4
18434,4367.1104
18435,4976.039
18436,4289.8276
18437,8050.581
18438,6477.592
18439,5051.206
18440,7156.6396
18441,3390.111
18442,3879.5789
18443,4613.5376
18444,5002.2515
18445,5740.7124
18446,3696.5034
18447,6976.5054
18448,6477.116
18449,5490.2246
18450,6896.8394
18451,5524.786
18452,5566.9624
18453,5006.3706
18454,3944.6907
18455,8277.528
18456,4670.7246
18457,4836.202
18458,9512.736
18459,4572.063
18460,7555.3125
18461,7637.016
18462,4042.8853
18463,3427.6084
18464,7289.5605
18465,3596.965
18466,5754.978
18467,3257.9146
18468,6842.3574
18469,9363.444
18470,5592.242
18471,6072.376
18472,4459.2915
18473,4883.97
18474,6059.728
18475,4518.979
18476,9897.562
18477,8197.241
18478,6898.142
18479,7385.8833
18480,4228.5854
18481,4512.3325
18482,3920.8909
18483,4415.588
18484,4002.4636
18485,6033.4746
18486,6803.4863
18487,7244.2793
18488,5696.6934
18489,7917.4717
18490,6962.12
18491,4009.4224
18492,7667.137
18493,4200.516
18494,4468.0327
18495,5204.0444
18496,2955.14
18497,5842.177
18498,5976.108
18499,10885.788
18500,4127.9995
18501,4766.893
18502,4205.905
18503,4169.629
18504,3898.1084
18505,7102.564
18506,5813.349
18507,6591.21
18508,7412.1855
18509,3945.9438
18510,8544.733
18511,3933.9434
18512,7497.71
18513,5555.2925
18514,7694.9106
18515,3813.4673
18516,4695.253
18517,5147.836
18518,3883.8555
18519,5117.2427
18520,8251.351
18521,5350.803
18522,4009.1814
18523,7681.9087
18524,4627.1865
18525,3274.947
18526,6325.627
18527,4907.4126
18528,4487.861
18529,3538.4216
18530,4063.5667
18531,9015.483
18532,4289.3037
18533,4163.615
18534,5662.677
18535,7504.1206
18536,4001.6123
18537,5709.379
18538,6291.173
18539,7547.181
18540,3367.5935
18541,8167.9272
18542,4275.162
18543,6172.791
18544,10427.686
18545,4379.258
18546,4748.1284
18547,5455.099
18548,7299.2314
18549,4397.4756
18550,5979.569
18551,5544.171
18552,5775.6167
18553,7386.588
18554,3482.478
18555,3773.0708
18556,5932.9146
18557,3296.6096
18558,9563.653
18559,4653.288
18560,4878.1084
18561,5317.122
18562,7647.272
18563,7822.4277
18564,6129.375
18565,3280.3406
18566,5067.7305
18567,3615.0762
18568,4584.4653
18569,5632.924
18570,7177.613
18571,10078.999
18572,6039.146
18573,8753.824
18574,8239.507
18575,5887.017
18576,7524.181
18577,10306.649
18578,5150.9355
18579,4898.1436
18580,3972.915
18581,5655.314
18582,5267.8765
18583,6528.8774
18584,3999.6128
18585,8318.47
18586,7635.858
18587,7579.145
18588,3824.666
18589,6545.663
18590,3353.5327
18591,10408.28
18592,6944.8496
18593,7639.2817
18594,7106.108
18595,4662.552
18596,4461.512
18597,3158.329
18598,4608.158
18599,3642.1553
18600,3502.8286
18601,7831.364
18602,8421.018
18603,8010.285
18604,9869.15
18605,9076.49
18606,1986.6237
18607,7436.7793
18608,3391.816
18609,10791.295
18610,5349.8594
18611,6563.5625
18612,9740.847
18613,6730.3203
18614,5864.526
18615,8215.196
18616,7244.528
18617,8435.206
18618,3404.1694
18619,4512.277
18620,5649.195
18621,8064.8833
18622,9596.676
18623,8073.8496
18624,5483.1597
18625,4638.6416
18626,5141.824
18627,4378.0884
18628,5901.19
18629,7303.194
18630,4196.1187
18631,3635.109
18632,4759.2104
18633,6904.4414
18634,4489.989
18635,7430.526
18636,4733.7974
18637,7164.7466
18638,7876.0312
18639,7261.5117
18640,4181.594
18641,5186.2446
18642,9440.645
18643,6190.0605
18644,5897.0317
18645,2992.0647
18646,6860.7603
18647,4553.035
18648,5647.0723
18649,5791.2725
18650,7432.5815
18651,4305.944
18652,6501.274
18653,1925.9946
18654,7662.9336
18655,4528.161
18656,8355.549
18657,8191.7227
18658,5769.604
18659,10279.555
18660,9130.044
18661,3477.7903
18662,3925.0447
18663,4731.084
18664,4580.0244
18665,4716.6694
18666,10560.32
18667,7692.54
18668,10343.303
18669,3858.9868
18670,5287.8525
18671,8670.91
18672,6106.733
18673,7708.1694
18674,4781.9404
18675,9044.162
18676,9135.209
18677,7829.0786
18678,6134.159
18679,4744.0674
18680,7093.702
18681,8325.328
18682,7600.7036
18683,4617.0415
18684,4466.2173
18685,10587.772
18686,7259.24
18687,4536.397
18688,5350.4463
18689,5775.0435
18690,4896.2188
18691,4601.153
18692,3924.165
18693,7528.89
18694,3508.4102
18695,10141.437
18696,7551.2563
18697,6324.046
18698,4389.0605
18699,4857.9697
18700,7928.5503
18701,7472.8647
18702,3657.4397
18703,9559.76
18704,5753.617
18705,7325.959
18706,3771.9624
18707,5354.643
18708,9062.719
18709,7699.602
18710,6976.2725
18711,5257.7964
18712,8780.223
18713,8696.868
18714,4126.6333
18715,7996.6816
18716,4971.9683
18717,4192.6777
18718,5812.878
18719,3229.0708
18720,5676.8945
18721,7243.6714
18722,4179.684
18723,7944.765
18724,7479.8105
18725,6910.859
18726,6330.1416
18727,7638.4365
18728,4018.6733
18729,5541.797
18730,4739.671
18731,7373.214
18732,6013.251
18733,9087.223
18734,5094.8193
18735,4499.5757
18736,5306.573
18737,5906.9116
18738,10754.306
18739,5830.442
18740,7539.95
18741,7567.306
18742,5617.7173
18743,4804.247
18744,5153.2847
18745,6001.459
18746,6210.92
18747,3334.8953
18748,7276.397
18749,9731.486
18750,10171.203
18751,5560.695
18752,3893.8381
18753,5834.2583
18754,4427.912
18755,4672.877
18756,5300.4673
18757,4493.4766
18758,4423.8003
18759,4777.9873
18760,9956.577
18761,7831.386
18762,7488.648
18763,10463.162
18764,5164.8096
18765,6242.2427
18766,5105.1226
18767,6044.736
18768,3881.5073
18769,7912.0664
18770,7194.4736
18771,4399.0825
18772,4885.475
18773,6395.8823
18774,4364.8906
18775,5307.753
18776,9794.265
18777,4504.36
18778,5456.327
18779,6011.181
18780,3969.0098
18781,4954.872
18782,4493.305
18783,9535.527
18784,4457.1226
18785,4073.9568
18786,8375.289
18787,4645.097
18788,7931.5605
18789,4545.454
18790,5826.6113
18791,4638.1636
18792,7611.956
18793,7914.0063
18794,4480.7515
18795,7465.89
18796,6762.4233
18797,3732.9844
18798,10036.245
18799,4784.1714
18800,5429.7915
18801,5448.2554
18802,4927.836
18803,5585.3813
18804,4207.233
18805,4690.1724
18806,5221.6367
18807,3122.5376
18808,4922.922
18809,6172.72
18810,8452.4
18811,5115.193
18812,6299.7534
18813,7509.555
18814,5847.607
18815,4303.944
18816,4349.811
18817,8711.828
18818,5717.946
18819,4889.671
18820,7861.464
18821,7418.424
18822,4315.076
18823,3899.3767
18824,5656.0044
18825,6761.3267
18826,5771.4863
18827,5174.494
18828,6092.705
18829,7883.2314
18830,7559.0464
18831,7920.81
18832,3380.4326
18833,8662.578
18834,5750.9395
18835,7088.3657
18836,9450.996
18837,8370.281
18838,9011.133
18839,6429.7134
18840,4756.1333
18841,3347.415
18842,5253.6255
18843,3753.9248
18844,7337.3716
18845,4123.5757
18846,4168.1016
18847,6034.568
18848,4695.1006
18849,6427.2734
18850,4749.99
18851,6965.388
18852,4183.146
18853,5628.6216
18854,4113.7065
18855,6597.129
18856,4290.826
18857,8474.713
18858,4123.635
18859,5627.6284
18860,5755.225
18861,5398.177
18862,4332.171
18863,3842.6733
18864,5097.4004
18865,3617.0217
18866,5432.6147
18867,5436.0103
18868,5348.2876
18869,8180.0737
18870,6426.035
18871,7289.5605
18872,5463.5923
18873,4406.3647
18874,8111.3237
18875,3237.7847
18876,5238.1636
18877,6486.947
18878,7073.2573
18879,4610.6865
18880,3164.1284
18881,3590.133
18882,7325.337
18883,4414.4043
18884,4912.007
18885,6985.874
18886,4595.4683
18887,6459.742
18888,9428.694
18889,7160.7295
18890,7300.847
18891,5116.4277
18892,4504.9697
18893,7087.5747
18894,5279.3403
18895,5172.7866
18896,4471.674
18897,7052.8384
18898,8880.03
18899,4651.114
18900,5605.738
18901,9640.27
18902,4631.4746
18903,4165.3
18904,4122.754
18905,5205.663
18906,4446.7646
18907,5265.244
18908,4945.353
18909,3237.1362
18910,5514.146
18911,4126.346
18912,9154.145
18913,6933.816
18914,10195.641
18915,6143.9263
18916,3739.8672
18917,9173.881
18918,6344.3765
18919,4052.538
18920,9137.536
18921,7420.242
18922,7523.5205
18923,5524.2964
18924,5689.1885
18925,7277.6533
18926,4219.5356
18927,4843.732
18928,3558.3047
18929,4588.0703
18930,4426.979
18931,8600.192
18932,3831.8457
18933,3351.8184
18934,6097.164
18935,6202.2764
18936,4423.1714
18937,5604.0327
18938,4074.8972
18939,8035.997
18940,7321.949
18941,6781.038
18942,4405.2134
18943,3368.885
18944,5443.4453
18945,4092.7195
18946,6135.4756
18947,7133.9927
18948,4488.036
18949,5216.3994
18950,3712.0583
18951,9333.477
18952,3142.6917
18953,5670.1733
18954,6872.569
18955,7377.3994
18956,3816.284
18957,5706.515
18958,4716.161
18959,5643.9976
18960,6710.2573
18961,3885.1042
18962,5378.594
18963,7102.476
18964,5016.5625
18965,4383.0483
18966,6803.882
18967,7053.114
18968,7498.4897
18969,6946.3535
18970,4614.849
18971,3165.496
18972,6849.579
18973,5642.619
18974,6743.757
18975,6677.4526
18976,3156.1184
18977,6709.79
18978,6877.1196
18979,6365.9927
18980,4049.1377
18981,7286.3354
18982,2855.8208
18983,7521.117
18984,7427.628
18985,4445.7725
18986,8774.897
18987,2734.7039
18988,6323.304
18989,6472.3423
18990,4824.913
18991,6990.28
18992,6137.5415
18993,3845.3318
18994,8718.037
18995,3786.6028
18996,4119.3887
18997,3403.7668
18998,4206.8477
18999,6870.7007
19000,4157.535
19001,7432.2695
19002,9126.03
19003,7057.9663
19004,3444.9854
19005,7306.378
19006,7147.226
19007,3050.9287
19008,3524.1553
19009,7392.9736
19010,4464.437
19011,7240.0864
19012,5418.0576
19013,5100.1387
19014,4393.823
19015,5779.1597
19016,5774.5366
19017,4115.681
19018,4010.4207
19019,3663.4805
19020,7564.6865
19021,7566.26
19022,4428.0474
19023,6848.671
19024,6924.0615
19025,3117.5996
19026,7546.706
19027,2733.9473
19028,4136.553
19029,3106.2117
19030,4380.9
19031,5141.746
19032,5001.8506
19033,8514.551
19034,19851.662
19035,5995.394
19036,4585.9526
19037,6870.419
19038,7450.7876
19039,9163.535
19040,4789.582
19041,7160.5796
19042,5296.0806
19043,4493.987
19044,3256.1592
19045,7259.725
19046,3972.9038
19047,3775.6306
19048,7282.4585
19049,4987.767
19050,3855.0425
19051,7245.143
19052,5292.5254
19053,3123.6846
19054,7539.619
19055,7368.2715
19056,7748.01
19057,5495.9463
19058,4594.171
19059,9336.673
19060,5903.684
19061,5955.0713
19062,5095.364
19063,8108.98
19064,4428.943
19065,5230.6396
19066,9118.487
19067,4064.1016
19068,5171.7803
19069,6402.1753
19070,3140.4138
19071,4161.5625
19072,8789.096
19073,5583.81
19074,5166.667
19075,6578.7676
19076,6091.921
19077,4382.5386
19078,5756.587
19079,10037.575
19080,3359.562
19081,4571.522
19082,3632.582
19083,8041.817
19084,4030.567
19085,4307.451
19086,4920.2227
19087,7565.04
19088,3909.4663
19089,11636.945
19090,9171.912
19091,3851.345
19092,5168.693
19093,4167.772
19094,7283.438
19095,9498.847
19096,3654.8728
19097,3283.4402
19098,5368.625
19099,4841.376
19100,7218.5796
19101,3878.9866
19102,4341.736
19103,3432.4019
19104,5441.9917
19105,3368.3838
19106,4786.805
19107,7405.472
19108,9201.703
19109,4436.0547
19110,9030.216
19111,5740.8716
19112,7358.2915
19113,3875.1885
19114,4229.921
19115,7609.6187
19116,3681.4277
19117,6367.2617
19118,4370.832
19119,4231.212
19120,4582.5767
19121,3599.2373
19122,5050.1846
19123,9523.394
19124,5446.8477
19125,4582.1963
19126,7694.375
19127,6935.549
19128,4368.177
19129,4141.406
19130,7241.2188
19131,9253.868
19132,6134.8438
19133,7249.2075
19134,5841.564
19135,5302.1865
19136,7432.858
19137,4432.4385
19138,4540.332
19139,6435.518
19140,8921.441
19141,4212.2
19142,4984.4663
19143,3016.725
19144,5024.258
19145,4269.3794
19146,3662.3135
19147,5570.723
19148,5609.1396
19149,3940.7717
19150,10243.987
19151,3535.2366
19152,5880.002
19153,8993.651
19154,4845.391
19155,4706.0815
19156,3934.7617
19157,5012.3916
19158,7587.8105
19159,4004.3618
19160,5827.6895
19161,7358.3267
19162,5688.885
19163,4724.991
19164,4117.7075
19165,7147.7715
19166,5712.778
19167,8509.477
19168,8745.037
19169,5502.7656
19170,7332.369
19171,3501.579
19172,5572.328
19173,4311.192
19174,7369.74
19175,5289.4062
19176,10131.149
19177,9543.744
19178,7780.7056
19179,4562.5
19180,5027.8774
19181,5340.3047
19182,4674.986
19183,7283.9937
19184,7675.7637
19185,3663.327
19186,6986.8066
19187,5162.145
19188,4984.124
19189,7190.0835
19190,5746.7993
19191,7416.9307
19192,7140.2964
19193,9402.283
19194,7688.6377
19195,3353.4846
19196,9020.248
19197,7395.308
19198,9119.356
19199,4637.8096
19200,4291.9727
19201,7445.914
19202,3825.6404
19203,4895.318
19204,5290.229
19205,8536.872
19206,5684.117
19207,3284.2422
19208,5216.8076
19209,3762.9417
19210,3764.0654
19211,7695.916
19212,5112.754
19213,4070.581
19214,4380.5825
19215,9580.488
19216,4791.0625
19217,7416.86
19218,4090.1396
19219,6125.7686
19220,5384.857
19221,5247.5303
19222,5822.0947
19223,7301.1675
19224,9429.81
19225,4705.489
19226,6003.291
19227,3036.8076
19228,4522.45
19229,6705.9575
19230,4077.1057
19231,5614.332
19232,4426.7466
19233,3978.7253
19234,5068.4263
19235,7842.3667
19236,6069.232
19237,4575.23
19238,7193.2866
19239,6909.1846
19240,7592.6973
19241,9541.004
19242,7497.3955
19243,5062.9326
19244,7656.614
19245,5282.514
19246,4854.2637
19247,7526.1475
19248,5902.1865
19249,4179.3013
19250,7806.2246
19251,5813.399
19252,10377.166
19253,4593.4785
19254,4530.7534
19255,5853.2207
19256,7689.723
19257,7256.1733
19258,10168.478
19259,5859.17
19260,5421.7646
19261,7426.9263
19262,3171.018
19263,7433.567
19264,7435.5947
19265,5198.835
19266,18370.377
19267,5142.315
19268,3657.4502
19269,9060.696
19270,5045.5864
19271,5252.117
19272,3623.4382
19273,9932.562
19274,4762.9297
19275,3911.6633
19276,7128.1226
19277,5612.153
19278,5262.804
19279,4524.953
19280,5894.833
19281,8722.146
19282,7826.846
19283,10514.572
19284,7525.301
19285,3358.9756
19286,6712.92
19287,10152.876
19288,4788.472
19289,5661.3267
19290,4428.4194
19291,5045.2544
19292,4349.048
19293,8159.8447
19294,6568.5537
19295,5121.633
19296,7255.5576
19297,3436.6155
19298,3933.8647
19299,4677.0107
19300,5070.5396
19301,5820.8955
19302,3747.3345
19303,7075.113
19304,6565.8413
19305,5566.5537
19306,6993.7075
19307,5601.82
19308,5642.9316
19309,5075.4365
19310,4000.2842
19311,8394.811
19312,4736.1953
19313,4904.0947
19314,9649.11
19315,4636.3364
19316,7661.3477
19317,7743.5107
19318,4099.1504
19319,3475.5881
19320,7460.352
19321,3646.8694
19322,5835.544
19323,3304.0837
19324,6938.315
19325,9494.861
19326,5670.503
19327,6156.6206
19328,4522.6616
19329,4951.4375
19330,6144.5884
19331,4581.663
19332,10039.27
19333,8310.96
19334,6990.6533
19335,7490.148
19336,4287.5366
19337,4575.374
19338,3975.0947
19339,4478.047
19340,4058.8093
19341,6117.1562
19342,6895.504
19343,7345.578
19344,5776.1177
19345,8028.765
19346,7054.5605
19347,4064.9856
19348,7773.8145
19349,4259.0884
19350,4530.464
19351,5275.887
19352,2996.2122
19353,5927.0034
19354,6057.659
19355,11037.001
19356,4185.6567
19357,4833.984
19358,4263.4863
19359,4227.242
19360,3951.564
19361,7204.3003
19362,5894.0063
19363,6679.561
19364,7516.3267
19365,4000.0781
19366,8664.156
19367,3989.4656
19368,7601.9795
19369,5631.2905
19370,7875.4077
19371,3866.3008
19372,4760.418
19373,5220.3467
19374,3938.1147
19375,5187.4863
19376,8365.708
19377,5426.3433
19378,4065.6099
19379,7786.3403
19380,4691.7744
19381,3321.104
19382,6411.9653
19383,4975.8916
19384,4550.1826
19385,3587.9658
19386,4121.059
19387,9139.785
19388,4349.2095
19389,4221.8584
19390,5741.5776
19391,7609.771
19392,4057.2532
19393,5789.5435
19394,6378.9575
19395,7651.956
19396,3415.0168
19397,8280.971
19398,4333.961
19399,6259.987
19400,10573.523
19401,4439.7124
19402,4812.673
19403,5530.512
19404,7400.5156
19405,4459.823
19406,6062.659
19407,5623.0566
19408,5856.0522
19409,7486.898
19410,3531.775
19411,3825.4543
19412,6013.7676
19413,3342.5393
19414,9697.232
19415,4717.6865
19416,4947.7974
19417,5391.6724
19418,7754.4346
19419,7932.7256
19420,6217.309
19421,3328.456
19422,5138.569
19423,3666.2075
19424,4648.0933
19425,5711.04
19426,7277.66
19427,10216.462
19428,6123.111
19429,8878.007
19430,8354.282
19431,6025.9746
19432,7630.7397
19433,10447.167
19434,5222.2046
19435,4966.4604
19436,4028.6296
19437,5735.212
19438,5340.753
19439,6619.852
19440,4055.2876
19441,8436.204
19442,7744.774
19443,7685.0967
19444,3877.9583
19445,6637.207
19446,3401.4817
19447,10550.374
19448,7038.2017
19449,7745.2837
19450,7207.6406
19451,4727.2544
19452,4522.9204
19453,3201.7405
19454,4670.2036
19455,3692.5525
19456,3551.695
19457,7941.3257
19458,8536.742
19459,8122.1934
19460,10006.386
19461,9203.327
19462,2014.2894
19463,7541.9927
19464,3439.3474
19465,10940.756
19466,5424.92
19467,6655.096
19468,9877.202
19469,6820.685
19470,5947.005
19471,8329.704
19472,7345.0737
19473,8552.275
19474,3452.2986
19475,4573.742
19476,5725.4775
19477,8175.7993
19478,9733.547
19479,8185.5137
19480,5560.207
19481,4703.142
19482,5214.3447
19483,4439.3525
19484,5982.1816
19485,7404.49
19486,4255.113
19487,3683.9116
19488,4825.0605
19489,7000.1943
19490,4552.8354
19491,7607.1367
19492,4800.1196
19493,7265.911
19494,7984.381
19495,7430.2705
19496,4241.173
19497,5258.684
19498,9573.437
19499,6278.344
19500,5979.0156
19501,3034.32
19502,6956.856
19503,4616.1743
19504,5725.5977
19505,5871.6567
19506,7535.6147
19507,4364.953
19508,6591.2793
19509,1953.002
19510,7769.1147
19511,4590.224
19512,8466.746
19513,8309.081
19514,5850.2236
19515,10418.928
19516,9255.087
19517,3526.9805
19518,3980.2932
19519,4797.9453
19520,4644.3086
19521,4782.4556
19522,10707.298
19523,7799.2363
19524,10490.241
19525,3912.5217
19526,5361.062
19527,8791.972
19528,6189.4463
19529,7816.7817
19530,4847.9014
19531,9170.206
19532,9266.171
19533,7937.66
19534,6217.416
19535,4810.066
19536,7192.47
19537,8441.895
19538,7707.53
19539,4680.8047
19540,4526.758
19541,10736.31
19542,7359.4775
19543,4599.797
19544,5425.686
19545,5855.298
19546,4963.8696
19547,4665.417
19548,3978.088
19549,7633.331
19550,3557.7073
19551,10282.202
19552,7656.256
19553,6412.271
19554,4449.7734
19555,4925.8013
19556,8039.2935
19557,7576.2036
19558,3709.092
19559,9693.913
19560,5834.0635
19561,7427.904
19562,3823.6265
19563,5429.0977
19564,9188.951
19565,7806.2466
19566,7072.205
19567,5331.825
19568,8901.256
19569,8817.425
19570,4182.8467
19571,8107.58
19572,5041.007
19573,4251.7007
19574,5896.306
19575,3274.013
19576,5757.2456
19577,7344.261
19578,4238.3623
19579,8055.1123
19580,7584.366
19581,7006.467
19582,6417.4844
19583,7745.579
19584,4074.7612
19585,5619.5127
19586,4805.9243
19587,7474.0054
19588,6095.7397
19589,9210.238
19590,5165.987
19591,4561.3857
19592,5380.4727
19593,5991.7407
19594,10900.021
19595,5910.017
19596,7645.0693
19597,7675.0903
19598,5696.307
19599,4872.249
19600,5227.2827
19601,6085.5674
19602,6297.2544
19603,3381.681
19604,7378.708
19605,9866.694
19606,10412.729
19607,5639.6274
19608,3949.2878
19609,5917.1523
19610,4488.888
19611,4738.274
19612,5373.938
19613,4556.2285
19614,4486.4697
19615,4844.467
19616,10098.205
19617,7940.0757
19618,7592.4004
19619,10611.834
19620,5236.2153
19621,6329.5435
19622,5176.296
19623,6128.6147
19624,3936.1995
19625,8022.327
19626,7293.803
19627,4460.329
19628,4952.8213
19629,6485.2456
19630,4425.8726
19631,5381.7915
19632,9933.271
19633,4567.168
19634,5532.5806
19635,6096.1
19636,4023.6255
19637,5023.8936
19638,4555.785
19639,9663.579
19640,4519.578
19641,4131.2334
19642,8490.942
19643,4708.7036
19644,8118.971
19645,4608.8486
19646,5906.641
19647,4702.55
19648,7790.307
19649,8025.006
19650,4542.858
19651,7569.2695
19652,6857.2925
19653,3786.5884
19654,10177.181
19655,4850.8154
19656,5505.469
19657,5524.465
19658,4996.9243
19659,5664.1514
19660,4264.0884
19661,4755.6616
19662,5294.0757
19663,3168.5598
19664,4992.1367
19665,6259.2466
19666,8569.201
19667,5186.9424
19668,6387.4814
19669,7614.694
19670,5929.3164
19671,4362.8677
19672,4411.6006
19673,8832.44
19674,5797.49
19675,4956.971
19676,7971.59
19677,7521.2607
19678,4375.2285
19679,3953.7358
19680,5734.4136
19681,6855.2197
19682,5852.406
19683,5246.069
19684,6179.9604
19685,7992.61
19686,7664.527
19687,8106.459
19688,3429.2043
19689,8782.886
19690,5829.5967
19691,7187.368
19692,9585.689
19693,8485.899
19694,9135.322
19695,6521.763
19696,4822.507
19697,3394.2825
19698,5326.8687
19699,3806.6924
19700,7440.0073
19701,4181.004
19702,4225.6943
19703,6119.298
19704,4760.35
19705,6516.7144
19706,4816.2227
19707,7061.818
19708,4241.023
19709,5706.8525
19710,4170.997
19711,6689.016
19712,4351.06
19713,8591.83
19714,4180.972
19715,5705.6494
19716,5835.477
19717,5471.4985
19718,4392.227
19719,3897.0525
19720,5169.043
19721,3667.0469
19722,5508.1587
19723,5511.186
19724,5423.461
19725,8294.354
19726,6515.695
19727,7391.2886
19728,5538.9697
19729,4467.4785
19730,8224.463
19731,3282.3252
19732,5311.617
19733,6577.9585
19734,7172.179
19735,4677.1494
19736,3207.344
19737,3640.4983
19738,7427.6987
19739,4475.429
19740,4979.529
19741,7082.783
19742,4658.7686
19743,6550.0537
19744,9561.355
19745,7260.6943
19746,7402.6333
19747,5187.6743
19748,4566.9805
19749,7186.367
19750,5352.4316
19751,5244.543
19752,4534.9565
19753,7151.5493
19754,9003.075
19755,4715.5356
19756,5682.973
19757,9783.304
19758,4696.328
19759,4223.0347
19760,4179.5083
19761,5277.7896
19762,4508.4346
19763,5339.495
19764,5014.4
19765,3283.0798
19766,5591.9863
19767,4183.9644
19768,9278.039
19769,7030.5327
19770,10340.827
19771,6230.2803
19772,3791.8477
19773,9304.03
19774,6431.6704
19775,4109.059
19776,9265.526
19777,7523.492
19778,7628.2803
19779,5600.981
19780,5769.9175
19781,7378.3213
19782,4278.169
19783,4911.1167
19784,3607.5833
19785,4651.575
19786,4488.2974
19787,8720.99
19788,3882.9294
19789,3397.8494
19790,6181.2046
19791,6288.305
19792,4484.8823
19793,5682.041
19794,4131.391
19795,8148.9873
19796,7424.0366
19797,6875.421
19798,4466.4263
19799,3415.6423
19800,5518.929
19801,4149.065
19802,6220.5244
19803,7233.4736
19804,4549.215
19805,5289.0737
19806,3762.8735
19807,9457.516
19808,3187.5386
19809,5748.932
19810,6967.94
19811,7480.388
19812,3868.887
19813,5784.636
19814,4780.9824
19815,5722.873
19816,6804.9854
19817,3939.3772
19818,5454.0166
19819,7202.4106
19820,5086.5933
19821,4444.009
19822,6898.925
19823,7151.0376
19824,7603.1255
19825,7042.7144
19826,4679.028
19827,3211.229
19828,6944.0283
19829,5722.491
19830,6836.8706
19831,6770.581
19832,3199.8198
19833,6802.487
19834,6977.7764
19835,6454.4824
19836,4106.0146
19837,7386.313
19838,2894.639
19839,7625.654
19840,7531.0303
19841,4506.891
19842,8898.302
19843,2772.7412
19844,6411.048
19845,6564.1694
19846,4891.8076
19847,7086.851
19848,6222.922
19849,3898.7815
19850,8837.109
19851,3838.9546
19852,4177.213
19853,3451.189
19854,4265.008
19855,6967.5474
19856,4214.5713
19857,7535.2266
19858,9255.59
19859,7155.7114
19860,3492.442
19861,7408.0083
19862,7246.8916
19863,3093.7112
19864,3573.742
19865,7496.0225
19866,4525.6265
19867,7340.0664
19868,5493.677
19869,5170.912
19870,4454.7505
19871,5860.4663
19872,5854.516
19873,4173.5127
19874,4066.5293
19875,3714.4707
19876,7670.209
19877,7671.797
19878,4489.8003
19879,6944.1675
19880,7019.464
19881,3160.822
19882,7651.1387
19883,2772.1196
19884,4193.714
19885,3148.9607
19886,4441.068
19887,5213.4
19888,5071.1636
19889,8633.321
19890,20124.182
19891,6078.7334
19892,4650.0225
19893,6965.4546
19894,7551.5156
19895,9289.834
19896,4858.03
19897,7259.628
19898,5369.0244
19899,4556.9155
19900,3302.423
19901,7361.0083
19902,4027.1733
19903,3828.6414
19904,7384.763
19905,5056.938
19906,3908.7764
19907,7345.9004
19908,5366.792
19909,3165.5928
19910,7646.798
19911,7468.4756
19912,7852.419
19913,5572.562
19914,4656.7026
19915,9471.272
19916,5986.708
19917,6038.1895
19918,5166.8594
19919,8221.42
19920,4490.94
19921,5303.092
19922,9248.645
19923,4119.64
19924,5243.2476
19925,6491.917
19926,3184.554
19927,4219.181
19928,8910.752
19929,5661.294
19930,5239.963
19931,6669.916
19932,6176.525
19933,4443.928
19934,5836.5513
19935,10174.696
19936,3406.622
19937,4635.5186
19938,3683.184
19939,8154.1885
19940,4086.3765
19941,4368.41
19942,4987.653
19943,7669.712
19944,3964.2874
19945,11797.804
19946,9298.087
19947,3904.8633
19948,5240.0327
19949,4225.932
19950,7384.9673
19951,9629.674
19952,3706.2273
19953,3328.8943
19954,5443.3623
19955,4909.4116
19956,7318.6255
19957,3931.2312
19958,4402.55
19959,3480.5718
19960,5515.098
19961,3416.5679
19962,4853.6714
19963,7507.5283
19964,9328.137
19965,4497.619
19966,9161.264
19967,5821.828
19968,7464.466
19969,3929.143
19970,4289.566
19971,7715.952
19972,3732.5608
19973,6456.662
19974,4432.485
19975,4290.4414
19976,4646.427
19977,3650.6008
19978,5119.943
19979,9655.601
19980,5523.016
19981,4646.165
19982,7801.0513
19983,7033.2427
19984,4428.901
19985,4201.426
19986,7340.9834
19987,9383.327
19988,6220.0796
19989,7350.407
19990,5922.8384
19991,5376.0146
19992,7536.3335
19993,4494.5396
19994,4604.5596
19995,6527.52
19996,9045.413
19997,4271.0005
19998,5053.2783
19999,3058.2576
20000,5092.2007
20001,4327.145
20002,3713.5884
20003,5648.36
20004,5687.783
20005,3994.8464
20006,10386.077
20007,3584.613
20008,5961.715
20009,9120.1045
20010,4913.2485
20011,4771.224
20012,3988.7424
20013,5083.615
20014,7693.421
20015,4060.0679
20016,5910.3213
20017,7461.597
20018,5767.3315
20019,4790.866
20020,4175.5317
20021,7247.707
20022,5794.317
20023,8628.859
20024,8865.449
20025,5578.9336
20026,7434.7017
20027,3551.2886
20028,5649.9224
20029,4370.486
20030,7473.328
20031,5361.6396
20032,10273.879
20033,9680.082
20034,7889.181
20035,4626.0747
20036,5097.6387
20037,5414.834
20038,4740.3354
20039,7385.9326
20040,7782.7617
20041,3714.127
20042,7083.6885
20043,5235.8506
20044,5053.635
20045,7291.4663
20046,5826.878
20047,7519.876
20048,7240.3003
20049,9532.545
20050,7795.607
20051,3400.7224
20052,9147.162
20053,7497.7676
20054,9247.233
20055,4701.864
20056,4349.139
20057,7550.1836
20058,3880.6484
20059,4963.7515
20060,5363.8135
20061,8654.304
20062,5763.575
20063,3331.7314
20064,5288.5386
20065,3815.3484
20066,3816.5715
20067,7803.113
20068,5184.0586
20069,4127.114
20070,4441.3433
20071,9713.71
20072,4857.4365
20073,7518.205
20074,4147.2803
20075,6210.748
20076,5459.456
20077,5320.9375
20078,5903.56
20079,7402.7744
20080,9561.547
20081,4771.4243
20082,6086.6294
20083,3079.066
20084,4586.272
20085,6799.7104
20086,4132.968
20087,5693.2603
20088,4488.704
20089,4034.0825
20090,5139.1177
20091,7946.69
20092,6153.597
20093,4639.7607
20094,7294.7075
20095,7005.926
20096,7698.552
20097,9674.378
20098,7601.871
20099,5133.3267
20100,7763.774
20101,5356.0273
20102,4919.7485
20103,7629.6772
20104,5984.7495
20105,4238.3296
20106,7914.7764
20107,5893.2925
20108,10524.986
20109,4657.52
20110,4593.049
20111,5934.403
20112,7796.7295
20113,7357.0845
20114,10307.761
20115,5943.2456
20116,5497.0054
20117,7530.0176
20118,3213.9138
20119,7537.2534
20120,7539.2886
20121,5271.3096
20122,18628.406
20123,5214.2256
20124,3708.4766
20125,9185.85
20126,5116.0566
20127,5325.324
20128,3674.5967
20129,10066.865
20130,4827.961
20131,3966.8523
20132,7227.053
20133,5689.4385
20134,5336.135
20135,4590.2197
20136,5976.507
20137,8843.5
20138,7935.132
20139,10657.264
20140,7629.8228
20141,3405.4946
20142,6805.8096
20143,10293.7705
20144,4855.352
20145,5739.645
20146,4489.7017
20147,5115.652
20148,4409.8003
20149,8276.06
20150,6660.869
20151,5193.398
20152,7357.295
20153,3484.874
20154,3989.0354
20155,4742.5063
20156,5141.893
20157,5901.635
20158,3799.2593
20159,7172.1587
20160,6662.9214
20161,5644.121
20162,7089.7383
20163,5679.83
20164,5722.6
20165,5145.288
20166,4055.7944
20167,8510.401
20168,4800.7607
20169,4972.523
20170,9783.883
20171,4700.312
20172,7768.5664
20173,7851.962
20174,4156.881
20175,3524.9387
20176,7563.265
20177,3697.1345
20178,5916.904
20179,3350.22
20180,7035.101
20181,9628.333
20182,5748.8774
20183,6242.3555
20184,4583.919
20185,5020.5645
20186,6229.597
20187,4645.367
20188,10174.861
20189,8427.51
20190,7089.1226
20191,7592.6826
20192,4347.3555
20193,4639.044
20194,4030.1748
20195,4538.5093
20196,4113.648
20197,6202.318
20198,6989.7266
20199,7447.8745
20200,5856.2417
20201,8138.5244
20202,7155.6772
20203,4120.5127
20204,7881.585
20205,4318.576
20206,4593.658
20207,5349.247
20208,3038.7957
20209,6007.444
20210,6141.43
20211,11190.26
20212,4244.4023
20213,4901.738
20214,4322.8213
20215,4288.0356
20216,4007.7322
20217,7302.5396
20218,5977.664
20219,6773.3584
20220,7622.556
20221,4056.255
20222,8788.5
20223,4044.4011
20224,7707.7505
20225,5710.457
20226,7985.5234
20227,3920.1018
20228,4826.17
20229,5292.677
20230,3993.0254
20231,5259.9785
20232,8482.605
20233,5500.105
20234,4122.227
20235,7894.849
20236,4756.6055
20237,3367.6096
20238,6502.2847
20239,5044.802
20240,4613.1104
20241,3637.9119
20242,4177.2886
20243,9267.276
20244,4409.022
20245,4280.986
20246,5821.5947
20247,7714.2373
20248,4113.648
20249,5869.3833
20250,6468.417
20251,7759.2803
20252,3461.8262
20253,8394.986
20254,4394.528
20255,6346.955
20256,10720.163
20257,4501.7866
20258,4880.17
20259,5608.15
20260,7503.9414
20261,4521.9155
20262,6146.986
20263,5699.764
20264,5938.197
20265,7593.6313
20266,3581.3113
20267,3879.4011
20268,6097.8213
20269,3388.847
20270,9829.714
20271,4783.678
20272,5016.433
20273,5466.6416
20274,7862.416
20275,8043.2974
20276,6304.1113
20277,3373.6545
20278,5209.647
20279,3718.0298
20280,4712.577
20281,5790.9463
20282,7379.215
20283,10360.116
20284,6208.3906
20285,9000.73
20286,8472.708
20287,6109.4653
20288,7738.3496
20289,10589.206
20290,5294.9087
20291,5035.3887
20292,4084.7473
20293,5813.7095
20294,5415.423
20295,6712.907
20296,4112.2197
20297,8552.055
20298,7849.805
20299,7790.612
20300,3931.9512
20301,6729.184
20302,3448.5364
20303,10700.05
20304,7137.736
20305,7853.1904
20306,7306.866
20307,4793.9287
20308,4586.438
20309,3247.092
20310,4735.1387
20311,3744.2007
20312,3600.2537
20313,8055.7427
20314,8656.21
20315,8234.6045
20316,10145.093
20317,9330.272
20318,2042.5566
20319,7645.937
20320,3486.4802
20321,11093.061
20322,5499.8164
20323,6748.0293
20324,10016.039
20325,6918.575
20326,6029.3784
20327,8445.374
20328,7447.91
20329,8671.563
20330,3499.6624
20331,4636.938
20332,5804.966
20333,8290.66
20334,9869.461
20335,8299.656
20336,5639.687
20337,4768.6216
20338,5286.466
20339,4502.976
20340,6066.1123
20341,7508.101
20342,4314.1665
20343,3737.6345
20344,4892.2603
20345,7096.0435
20346,4616.0596
20347,7710.052
20348,4866.926
20349,7367.7373
20350,8096.3364
20351,7537.3257
20352,4301.7603
20353,5331.4487
20354,9704.782
20355,6364.699
20356,6064.128
20357,3075.6838
20358,7053.7197
20359,4680.8535
20360,5807.2144
20361,5954.3496
20362,7641.6504
20363,4425.442
20364,6683.506
20365,1980.1902
20366,7877.3086
20367,4654.18
20368,8588.782
20369,8422.367
20370,5931.5054
20371,10566.899
20372,9387.248
20373,3576.1836
20374,4034.8484
20375,4864.1875
20376,4708.816
20377,4848.882
20378,10860.091
20379,7908.596
20380,10634.093
20381,3966.088
20382,5436.9385
20383,8915.0625
20384,6276.955
20385,7925.0195
20386,4916.4316
20387,9294.31
20388,9392.469
20389,8048.9688
20390,6304.9355
20391,4875.964
20392,7292.0225
20393,8559.48
20394,7815.492
20395,4746.7153
20396,4591.6167
20397,10882.944
20398,7463.982
20399,4663.7886
20400,5500.357
20401,5937.1094
20402,5035.163
20403,4730.6104
20404,4034.8948
20405,7739.6934
20406,3608.234
20407,10423.34
20408,7763.574
20409,6501.634
20410,4511.6055
20411,4994.423
20412,8148.9717
20413,7680.7583
20414,3760.706
20415,9825.562
20416,5915.217
20417,7530.7573
20418,3878.084
20419,5505.0967
20420,9317.022
20421,7915.154
20422,7169.067
20423,5405.7153
20424,9024.852
20425,8939.926
20426,4242.666
20427,8221.302
20428,5110.511
20429,4310.962
20430,5976.1475
20431,3320.233
20432,5837.247
20433,7446.887
20434,4297.38
20435,8167.9976
20436,7689.445
20437,7104.4546
20438,6507.3228
20439,7850.674
20440,4132.779
20441,5696.427
20442,4872.667
20443,7580.6416
20444,6182.472
20445,9340.734
20446,5236.1753
20447,4625.7085
20448,5455.635
20449,6074.5254
20450,11057.663
20451,5992.461
20452,7751.262
20453,7778.331
20454,5771.998
20455,4940.068
20456,5299.133
20457,6170.136
20458,6384.4355
20459,3428.5862
20460,7480.0386
20461,10004.01
20462,10555.1045
20463,5717.9897
20464,4003.342
20465,5999.1064
20466,4552.262
20467,4804.16
20468,5449.061
20469,4619.5835
20470,4548.421
20471,4912.2363
20472,10239.055
20473,8050.604
20474,7696.0996
20475,10755.455
20476,5310.8823
20477,6417.7534
20478,5248.056
20479,6213.8887
20480,3990.6758
20481,8133.6978
20482,7396.1123
20483,4522.7393
20484,5021.5747
20485,6575.838
20486,4487.428
20487,5455.859
20488,10071.647
20489,4631.068
20490,5610.151
20491,6179.9785
20492,4079.9807
20493,5093.4053
20494,4618.883
20495,9803.34
20496,4582.3843
20497,4186.9624
20498,8610.041
20499,4773.632
20500,8232.468
20501,4672.8413
20502,5988.0845
20503,4768.276
20504,7899.2256
20505,8135.8003
20506,4606.506
20507,7673.458
20508,6952.8228
20509,3839.112
20510,10316.839
20511,4918.6504
20512,5581.616
20513,5601.4033
20514,5066.962
20515,5742.1855
20516,4324.12
20517,4821.1177
20518,5367.785
20519,3212.1575
20520,5061.629
20521,6345.496
20522,8688.594
20523,5259.0903
20524,6476.554
20525,7720.98
20526,6011.416
20527,4424.522
20528,4472.514
20529,8956.85
20530,5877.8374
20531,5026.3623
20532,8082.6875
20533,7627.9233
20534,4436.283
20535,4008.2637
20536,5814.758
20537,6951.185
20538,5934.8613
20539,5319.912
20540,6264.06
20541,8101.5894
20542,7770.908
20543,8218.8955
20544,3476.0923
20545,8905.221
20546,5913.626
20547,7286.7246
20548,9716.518
20549,8604.221
20550,9264.784
20551,6612.1597
20552,4890.1465
20553,3441.7073
20554,5401.36
20555,3858.0667
20556,7543.482
20557,4239.409
20558,4284.916
20559,6203.791
20560,4826.6763
20561,6609.3096
20562,4883.169
20563,7160.914
20564,4300.0903
20565,5786.032
20566,4229.2104
20567,6781.6396
20568,4411.6597
20569,8710.964
20570,4239.0776
20571,5785.5522
20572,5916.571
20573,5547.6836
20574,4453.374
20575,3952.3745
20576,5240.4775
20577,3718.8208
20578,5584.7637
20579,5588.3657
20580,5498.594
20581,8410.383
20582,6606.511
20583,7493.1562
20584,5616.4795
20585,4530.2607
20586,8340.007
20587,3328.0688
20588,5385.1396
20589,6668.9805
20590,7270.341
20591,4739.3906
20592,3252.4182
20593,3691.1052
20594,7531.454
20595,4536.241
20596,5051.0615
20597,7181.297
20598,4724.0674
20599,6642.356
20600,9694.505
20601,7362.5176
20602,7505.4517
20603,5259.4917
20604,4630.931
20605,7286.7524
20606,5427.746
20607,5317.2593
20608,4596.7393
20609,7250.632
20610,9127.484
20611,4781.475
20612,5762.9595
20613,9917.803
20614,4762.1846
20615,4282.0923
20616,4238.657
20617,5351.661
20618,4570.9946
20619,5414.555
20620,5084.095
20621,3328.2148
20622,5669.643
20623,4241.088
20624,9409.64
20625,7128.4287
20626,10483.79
20627,6317.276
20628,3844.4404
20629,9432.085
20630,6522.124
20631,4164.8784
20632,9395.919
20633,7628.6
20634,7734.085
20635,5678.5786
20636,5849.314
20637,7480.9663
20638,4337.977
20639,4979.0444
20640,3657.7048
20641,4716.233
20642,4550.7515
20643,8841.619
20644,3937.1157
20645,3445.4421
20646,6266.905
20647,6375.0522
20648,4547.5576
20649,5760.602
20650,4189.2837
20651,8262.281
20652,7527.878
20653,6970.898
20654,4528.2305
20655,3463.2598
20656,5595.081
20657,4206.992
20658,6307.161
20659,7335.811
20660,4613.1455
20661,5361.742
20662,3814.5078
20663,9589.731
20664,3229.6838
20665,5829.1294
20666,7064.1084
20667,7583.8813
20668,3924.2136
20669,5867.374
20670,4847.277
20671,5801.927
20672,6898.142
20673,3994.1567
20674,5529.494
20675,7303.347
20676,5157.5728
20677,4505.825
20678,6994.975
20679,7251.0884
20680,7708.831
20681,7142.292
20682,4744.072
20683,3255.1995
20684,7041.022
20685,5801.5557
20686,6932.302
20687,6864.622
20688,3244.2837
20689,6898.004
20690,7067.6665
20691,6545.825
20692,4162.5747
20693,7489.2905
20694,2934.6956
20695,7731.3926
20696,7635.5957
20697,4569.8696
20698,9023.612
20699,2811.7712
20700,6500.6724
20701,6654.5376
20702,4959.2505
20703,7186.155
20704,6309.977
20705,3953.5774
20706,8960.541
20707,3892.6423
20708,4235.2866
20709,3498.908
20710,4324.574
20711,7063.2056
20712,4272.7446
20713,7640.2363
20714,9379.649
20715,7256.423
20716,3540.4744
20717,7512.2773
20718,7347.554
20719,3137.7935
20720,3623.383
20721,7600.334
20722,4589.0464
20723,7444.2026
20724,5570.1973
20725,5243.0576
20726,4516.626
20727,5940.729
20728,5934.782
20729,4230.716
20730,4123.2964
20731,3766.0947
20732,7777.3223
20733,7778.2495
20734,4552.1973
20735,7040.5854
20736,7118.0605
20737,3204.9001
20738,7758.193
20739,2810.9158
20740,4252.4673
20741,3193.9094
20742,4503.943
20743,5286.2744
20744,5141.2456
20745,8753.131
20746,20406.883
20747,6163.201
20748,4715.167
20749,7063.4077
20750,7657.1104
20751,9419.266
20752,4925.2563
20753,7361.233
20754,5443.741
20755,4620.258
20756,3348.5903
20757,7463.9604
20758,4083.2437
20759,3881.811
20760,7487.691
20761,5127.342
20762,3963.4329
20763,7447.2563
20764,5442.0854
20765,3210.1968
20766,7754.1533
20767,7574.8306
20768,7962.1978
20769,5650.1323
20770,4722.396
20771,9604.083
20772,6068.572
20773,6122.083
20774,5238.723
20775,8335.983
20776,4552.944
20777,5379.1846
20778,9376.85
20779,4178.771
20780,5316.929
20781,6581.636
20782,3228.9783
20783,4278.0913
20784,9034.334
20785,5740.581
20786,5310.933
20787,6762.307
20788,6260.781
20789,4505.692
20790,5917.886
20791,10319.339
20792,3454.5454
20793,4699.631
20794,3734.434
20795,8270.008
20796,4143.3496
20797,4427.515
20798,5057.724
20799,7777.411
20800,4018.9417
20801,11962.63
20802,9426.491
20803,3959.0535
20804,5312.762
20805,4284.74
20806,7487.8623
20807,9763.729
20808,3758.1956
20809,3375.6248
20810,5519.6665
20811,4977.482
20812,7421.516
20813,3989.1687
20814,4463.6533
20815,3528.855
20816,5592.6104
20817,3464.9517
20818,4920.3164
20819,7612.544
20820,9458.048
20821,4560.6074
20822,9286.849
20823,5902.5073
20824,7566.577
20825,3982.6062
20826,4349.1016
20827,7823.816
20828,3784.6924
20829,6546.0815
20830,4493.935
20831,4349.2964
20832,4711.35
20833,3700.2642
20834,5191.6543
20835,9788.428
20836,5599.886
20837,4710.658
20838,7909.584
20839,7127.599
20840,4490.593
20841,4259.0234
20842,7444.295
20843,9512.482
20844,6307.925
20845,7452.856
20846,6005.3696
20847,5450.777
20848,7642.0366
20849,4556.976
20850,4668.4663
20851,6617.5225
20852,9167.95
20853,4330.452
20854,5123.2305
20855,3101.1929
20856,5164.011
20857,4387.725
20858,3765.7427
20859,5727.4985
20860,5765.676
20861,4049.8098
20862,10528.993
20863,3634.0342
20864,6045.226
20865,9247.604
20866,4981.819
20867,4837.3276
20868,4044.2507
20869,5154.9756
20870,7800.434
20871,4117.7505
20872,5992.7754
20873,7565.8193
20874,5848.2207
20875,4857.5063
20876,4233.4487
20877,7349.5938
20878,5873.92
20879,8747.598
20880,8990.289
20881,5657.3643
20882,7538.4253
20883,3600.604
20884,5728.8643
20885,4430.646
20886,7577.3525
20887,5434.5273
20888,10416.96
20889,9814.154
20890,8000.3667
20891,4690.517
20892,5168.481
20893,5489.7114
20894,4806.736
20895,7488.648
20896,7890.822
20897,3764.9092
20898,7183.126
20899,5306.897
20900,5124.8335
20901,7392.177
20902,5908.8164
20903,7624.643
20904,7340.4795
20905,9666.418
20906,7904.1616
20907,3447.3818
20908,9274.5
20909,7602.7627
20910,9382.012
20911,4767.807
20912,4412.005
20913,7654.9634
20914,3932.4314
20915,5032.839
20916,5438.66
20917,8775.392
20918,5843.3193
20919,3375.4702
20920,5362.284
20921,3868.7654
20922,3869.2856
20923,7912.1196
20924,5255.916
20925,4184.168
20926,4503.3843
20927,9850.437
20928,4924.979
20929,7624.803
20930,4205.1025
20931,6298.2334
20932,5535.5947
20933,5394.4604
20934,5986.017
20935,7505.5664
20936,9697.584
20937,4837.369
20938,6170.6543
20939,3121.5845
20940,4650.2354
20941,6894.176
20942,4192.318
20943,5772.5103
20944,4551.381
20945,4090.3972
20946,5210.6953
20947,8060.9614
20948,6240.0933
20949,4703.3574
20950,7395.816
20951,7103.0996
20952,7805.368
20953,9806.313
20954,7707.574
20955,5205.301
20956,7872.787
20957,5430.1436
20958,4988.457
20959,7736.7407
20960,6067.9756
20961,4297.167
20962,8022.8936
20963,5975.6973
20964,10669.091
20965,4722.6978
20966,4657.3203
20967,6016.9463
20968,7905.738
20969,7459.3345
20970,10450.665
20971,6024.6875
20972,5574.003
20973,7635.013
20974,3258.645
20975,7642.124
20976,7646.8125
20977,5344.825
20978,18885.54
20979,5286.0425
20980,3759.7412
20981,9312.615
20982,5187.3877
20983,5399.4795
20984,3725.2224
20985,10205.788
20986,4896.3916
20987,4021.983
20988,7325.5815
20989,5768.8276
20990,5410.172
20991,4653.3457
20992,6060.0054
20993,8965.2
20994,8045.9595
20995,10813.446
20996,7734.8374
20997,3454.5125
20998,6899.866
20999,10435.794
21000,4922.7437
21001,5819.402
21002,4552.323
21003,5186.789
21004,4470.6675
21005,8388.256
21006,6753.824
21007,5265.912
21008,7459.555
21009,3533.7092
21010,4044.4937
21011,4808.4556
21012,5213.6636
21013,5983.8647
21014,3852.3774
21015,7271.894
21016,6752.446
21017,5722.873
21018,7189.137
21019,5759.0693
21020,5801.705
21021,5218.714
21022,4112.137
21023,8629.378
21024,4868.5693
21025,5041.507
21026,9920.206
21027,4765.966
21028,7876.73
21029,7961.476
21030,4213.9805
21031,3572.784
21032,7670.9116
21033,3748.7432
21034,5999.2095
21035,3396.7214
21036,7133.101
21037,9754.802
21038,5829.68
21039,6329.26
21040,4646.759
21041,5089.583
21042,6316.583
21043,4709.831
21044,10317.853
21045,8544.904
21046,7191.345
21047,7698.684
21048,4408.732
21049,4703.981
21050,4086.766
21051,4602.992
21052,4172.183
21053,6288.401
21054,7090.631
21055,7551.847
21056,5938.3438
21057,8253.113
21058,7254.582
21059,4178.0215
21060,7992.122
21061,4378.7485
21062,4657.24
21063,5424.082
21064,3080.77
21065,6091.729
21066,6230.3755
21067,11347.064
21068,4303.0405
21069,4969.6924
21070,4382.7266
21071,4346.265
21072,4063.3457
21073,7406.666
21074,6060.4907
21075,6868.8794
21076,7728.65
21077,4112.9297
21078,8907.744
21079,4100.848
21080,7813.9194
21081,5791.361
21082,8096.4136
21083,3975.5728
21084,4893.623
21085,5365.4614
21086,4048.6086
21087,5333.214
21088,8599.75
21089,5576.8853
21090,4179.4487
21091,8003.7173
21092,4822.433
21093,3414.8115
21094,6592.807
21095,5115.73
21096,4677.524
21097,3689.222
21098,4234.2603
21099,9397.084
21100,4472.0835
21101,4340.125
21102,5902.485
21103,7822.1294
21104,4171.021
21105,5950.9204
21106,6558.3867
21107,7866.249
21108,3509.4546
21109,8514.445
21110,4456.047
21111,6435.3584
21112,10869.677
21113,4564.1543
21114,4949.8223
21115,5686.2427
21116,7607.5215
21117,4584.6055
21118,6232.331
21119,5779.0938
21120,6020.7583
21121,7697.7
21122,3631.3623
21123,3932.5776
21124,6182.9795
21125,3436.2285
21126,9968.045
21127,4850.0195
21128,5085.56
21129,5542.648
21130,7971.9165
21131,8154.6475
21132,6392.912
21133,3419.8025
21134,5282.4688
21135,3769.4158
21136,4778.01
21137,5871.136
21138,7482.065
21139,10505.5
21140,6295.8433
21141,9125.752
21142,8589.871
21143,6192.706
21144,7844.012
21145,10739.792
21146,5368.692
21147,5105.478
21148,4140.924
21149,5894.7993
21150,5490.12
21151,6807.4067
21152,4169.0166
21153,8670.91
21154,7960.914
21155,7900.755
21156,3986.422
21157,6822.8516
21158,3496.3054
21159,10847.751
21160,7236.5513
21161,7962.0835
21162,7408.411
21163,4860.7275
21164,4650.7944
21165,3291.3115
21166,4801.709
21167,3796.658
21168,3651.6492
21169,8164.5234
21170,8772.027
21171,8349.526
21172,10285.625
21173,9456.694
21174,2070.919
21175,7754.3457
21176,3534.633
21177,11248.234
21178,5576.752
21179,6841.4697
21180,10156.556
21181,7012.872
21182,6112.974
21183,8563.784
21184,7551.4077
21185,8789.707
21186,3548.8672
21187,4702.689
21188,5887.0845
21189,8407.022
21190,10008.476
21191,8414.948
21192,5716.403
21193,4835.45
21194,5360.2793
21195,4565.055
21196,6150.1177
21197,7611.5786
21198,4374.4316
21199,3790.4011
21200,4960.433
21201,7195.4688
21202,4680.608
21203,7820.2646
21204,4934.0728
21205,7471.582
21206,8207.826
21207,7638.2764
21208,4358.417
21209,5406.7153
21210,9840.483
21211,6454.5317
21212,6149.0737
21213,3118.6794
21214,7151.699
21215,4746.0317
21216,5886.506
21217,6036.721
21218,7747.101
21219,4487.3555
21220,6776.667
21221,2007.7319
21222,7986.643
21223,4719.3022
21224,8708.04
21225,8543.104
21226,6013.5723
21227,10712.242
21228,9517.428
21229,3626.3672
21230,4091.4275
21231,4932.2236
21232,4774.848
21233,4916.8164
21234,11012.448
21235,8018.709
21236,10781.933
21237,4021.6914
21238,5512.805
21239,9039.9795
21240,6365.7314
21241,8035.7593
21242,4983.411
21243,9426.006
21244,9522.612
21245,8160.9424
21246,6391.772
21247,4944.957
21248,7394.356
21249,8677.943
21250,7923.863
21251,4815.1797
21252,4654.296
21253,11034.885
21254,7564.8887
21255,4729.239
21256,5577.7046
21257,6019.4434
21258,5104.0757
21259,4795.47
21260,4088.864
21261,7849.1987
21262,3658.9053
21263,10568.845
21264,7871.5703
21265,6592.1846
21266,4574.392
21267,5063.831
21268,8263.487
21269,7787.321
21270,3812.0305
21271,9963.16
21272,5997.5845
21273,7636.6665
21274,3931.6099
21275,5580.988
21276,9446.796
21277,8024.5083
21278,7270.022
21279,5481.0366
21280,9151.237
21281,9070.744
21282,4300.066
21283,8335.665
21284,5182.274
21285,4369.7275
21286,6059.4907
21287,3365.4802
21288,5919.783
21289,7550.5146
21290,4356.879
21291,8282.014
21292,7796.9976
21293,7203.352
21294,6598.5635
21295,7963.4126
21296,4188.976
21297,5777.11
21298,4940.699
21299,7685.375
21300,6268.3877
21301,9470.622
21302,5309.2007
21303,4688.4814
21304,5530.4385
21305,6159.023
21306,11206.494
21307,6076.913
21308,7858.5103
21309,7888.97
21310,5854.7676
21311,5007.694
21312,5372.8105
21313,6256.0474
21314,6473.5894
21315,3477.2297
21316,7585.661
21317,10143.226
21318,10702.969
21319,5798.64
21320,4059.1191
21321,6083.35
21322,4614.444
21323,4871.2544
21324,5525.5293
21325,4683.743
21326,4609.961
21327,4981.7476
21328,10381.175
21329,8163.5425
21330,7803.3584
21331,10909.236
21332,5382.6235
21333,6507.4595
21334,5321.3535
21335,6300.583
21336,4046.6587
21337,8247.156
21338,7498.1465
21339,4586.0796
21340,5091.1465
21341,6667.492
21342,4549.8228
21343,5532.5913
21344,10206.956
21345,4695.177
21346,5688.2446
21347,6266.445
21348,4136.6597
21349,5164.346
21350,4683.1626
21351,9939.355
21352,4646.2314
21353,4247.6426
21354,8730.062
21355,4841.0576
21356,8345.537
21357,4737.235
21358,6072.9497
21359,4834.588
21360,8008.398
21361,8248.966
21362,4670.8184
21363,7782.2344
21364,7049.045
21365,3892.2786
21366,10462.194
21367,4987.691
21368,5659.842
21369,5679.1094
21370,5137.6475
21371,5821.034
21372,4384.2695
21373,4889.1763
21374,5442.563
21375,3257.6287
21376,5131.618
21377,6433.523
21378,8808.254
21379,5333.0054
21380,6566.117
21381,7828.1523
21382,6095.571
21383,4486.1016
21384,4534.9907
21385,9080.274
21386,5960.083
21387,5096.282
21388,8194.497
21389,7733.502
21390,4498.5713
21391,4064.4119
21392,5895.5864
21393,7047.425
21394,6017.3477
21395,5392.197
21396,6351.3213
21397,8217.406
21398,7879.5103
21399,8333.733
21400,3522.7605
21401,8345.585
21402,5541.8076
21403,6765.165
21404,9024.138
21405,8063.0605
21406,8679.913
21407,6138.5723
21408,4538.9897
21409,3195.1895
21410,5063.1255
21411,3582.2578
21412,7003.5605
21413,3972.6611
21414,3977.382
21415,5759.9316
21416,4480.7603
21417,6135.634
21418,4575.876
21419,6709.956
21420,4030.2632
21421,5423.275
21422,3963.0776
21423,6296.2812
21424,4095.5237
21425,8163.862
21426,3972.8506
21427,5371.058
21428,5544.393
21429,5200.11
21430,4173.158
21431,3667.8096
21432,4910.981
21433,3484.299
21434,5184.731
21435,5187.808
21436,5104.621
21437,7806.753
21438,6133.1235
21439,6956.7964
21440,5213.8574
21441,4206.314
21442,7743.7617
21443,3119.0186
21444,4999.218
21445,6191.058
21446,6812.7007
21447,4401.853
21448,3048.229
21449,3426.3792
21450,6991.6533
21451,4212.7427
21452,4733.585
21453,6729.5884
21454,4427.055
21455,6167.806
21456,9002.388
21457,6900.5703
21458,6968.7173
21459,4882.9917
21460,4339.413
21461,6765.649
21462,5038.9683
21463,4936.281
21464,4307.817
21465,6794.8223
21466,8556.583
21467,4481.059
21468,5349.3696
21469,9291.261
21470,4420.767
21471,4012.5752
21472,3971.3994
21473,5015.6865
21474,4283.751
21475,5025.442
21476,4720.432
21477,3089.184
21478,5311.8096
21479,3938.3027
21480,8819.368
21481,6617.5034
21482,9733.12
21483,5864.912
21484,3603.2463
21485,8837.252
21486,6054.8574
21487,3867.7837
21488,8805.163
21489,7082.04
21490,7180.5093
21491,5320.9526
21492,5433.2573
21493,7011.474
21494,4065.0981
21495,4624.3804
21496,3428.0564
21497,4379.2285
21498,4264.7393
21499,8283.768
21500,3655.298
21501,3228.7874
21502,5819.7515
21503,5919.207
21504,4222.0356
21505,5398.1255
21506,3889.4985
21507,7743.3335
21508,6986.72
21509,6471.108
21510,4203.8633
21511,3245.2402
21512,5244.083
21513,3905.4966
21514,5855.9517
21515,6871.664
21516,4323.7534
21517,5024.814
21518,3542.4238
21519,8987.006
21520,2998.9946
21521,5411.86
21522,6619.385
21523,7107.3213
21524,3676.6304
21525,5448.048
21526,4500.2324
21527,5437.364
21528,6405.6265
21529,3743.247
21530,5182.0664
21531,6844.7593
21532,4787.9146
21533,4183.15
21534,6493.9546
21535,6794.9194
21536,7223.187
21537,6628.388
21538,4405.0366
21539,3051.6653
21540,6538.0005
21541,5436.6167
21542,6438.6367
21543,6372.1587
21544,3011.647
21545,6404.777
21546,6561.6157
21547,6076.4956
21548,3864.4387
21549,6953.035
21550,2724.9768
21551,7245.3296
21552,7088.4194
21553,4242.6133
21554,8456.827
21555,2635.1648
21556,6091.9326
21557,6177.556
21558,4647.827
21559,6672.5884
21560,5857.108
21561,3669.4404
21562,8315.876
21563,3648.752
21564,3969.43
21565,3248.2354
21566,4052.2751
21567,6557.2236
21568,3967.0376
21569,7160.5454
21570,8791.259
21571,6737.096
21572,3287.4236
21573,7040.518
21574,6885.856
21575,2940.1182
21576,3363.577
21577,7057.468
21578,4260.787
21579,6976.2524
21580,5219.799
21581,4913.2812
21582,4232.6733
21583,5567.584
21584,5562.276
21585,3964.435
21586,3827.5532
21587,3528.9224
21588,7288.5317
21589,7221.3203
21590,4266.2285
21591,6536.5103
21592,6607.526
21593,3003.378
21594,7271.1797
21595,2633.7297
21596,3985.2283
21597,2964.718
21598,4220.783
21599,4953.549
21600,4774.962
21601,8203.897
21602,18944.818
21603,5721.7544
21604,4377.316
21605,6557.0674
21606,7177.565
21607,8827.674
21608,4616.9536
21609,6898.642
21610,5101.744
21611,4289.2305
21612,3108.4705
21613,6929.1284
21614,3791.363
21615,3603.0847
21616,6950.648
21617,4760.1
21618,3679.353
21619,6978.761
21620,5051.577
21621,2981.3997
21622,7266.5
21623,7095.0483
21624,7461.2344
21625,5243.5977
21626,4425.0747
21627,8916.831
21628,5633.257
21629,5682.5503
21630,4909.1353
21631,7738.763
21632,4267.4375
21633,5038.5503
21634,8784.101
21635,3916.013
21636,4935.6826
21637,6167.6533
21638,3025.8906
21639,3971.5813
21640,8468.572
21641,5379.6465
21642,4977.4585
21643,6277.344
21644,5866.557
21645,4183.3613
21646,5493.9863
21647,9581.777
21648,3206.203
21649,4404.1714
21650,3466.638
21651,7746.724
21652,3883.1592
21653,4150.074
21654,4695.3335
21655,7219.392
21656,3767.2588
21657,11212.086
21658,8835.246
21659,3710.4583
21660,4979.3438
21661,3977.344
21662,6950.9927
21663,9148.812
21664,3488.4397
21665,3162.8398
21666,5124.1055
21667,4620.91
21668,6954.362
21669,3702.04
21670,4143.8794
21671,3307.25
21672,5240.383
21673,3213.797
21674,4569.0806
21675,7133.387
21676,8781.713
21677,4233.5537
21678,8705.366
21679,5479.74
21680,7091.625
21681,3697.7976
21682,4038.3564
21683,7262.6475
21684,3513.3132
21685,6134.75
21686,4211.385
21687,4076.0364
21688,4415.0444
21689,3436.2417
21690,4819.8257
21691,9177.3545
21692,5247.841
21693,4414.4297
21694,7412.1147
21695,6616.235
21696,4206.414
21697,3991.0261
21698,6975.201
21699,8828.238
21700,5910.4565
21701,6982.743
21702,5627.7573
21703,5108.303
21704,7161.003
21705,4270.418
21706,4333.779
21707,6144.4126
21708,8594.149
21709,4019.7278
21710,4801.1226
21711,2879.2324
21712,4793.7915
21713,4074.6833
21714,3528.552
21715,5366.6333
21716,5404.0703
21717,3759.8596
21718,9773.856
21719,3406.6057
21720,5611.612
21721,8583.942
21722,4668.1104
21723,4534.0825
21724,3756.0703
21725,4783.9565
21726,7241.9443
21727,3856.7898
21728,5614.969
21729,7090.6104
21730,5429.279
21731,4510.1294
21732,3930.0051
21733,6822.637
21734,5504.146
21735,8122.3403
21736,8345.299
21737,5252.533
21738,7062.3364
21739,3342.3162
21740,5367.9746
21741,4114.0166
21742,7100.905
21743,5094.411
21744,9672.339
21745,9195.448
21746,7495.558
21747,4354.606
21748,4843.496
21749,5096.807
21750,4461.687
21751,6951.848
21752,7395.562
21753,3496.1753
21754,6731.18
21755,4927.5024
21756,4756.964
21757,6928.0977
21758,5536.7246
21759,7146.5034
21760,6880.262
21761,8973.866
21762,7407.0405
21763,3200.8516
21764,8609.935
21765,7124.8735
21766,8787.302
21767,4425.9785
21768,4132.9717
21769,7107.789
21770,3651.158
21771,4716.5254
21772,5049.1587
21773,8146.2983
21774,5425.1167
21775,3135.4507
21776,4978.992
21777,3626.6335
21778,3592.0444
21779,7415.1553
21780,4879.8906
21781,3883.5037
21782,4180.8086
21783,9143.186
21784,4614.7695
21785,7144.4653
21786,3903.6902
21787,5899.8955
21788,5187.0513
21789,5055.2983
21790,5610.0493
21791,7034.1416
21792,9083.696
21793,4490.2456
21794,5729.6953
21795,2926.021
21796,4356.9536
21797,6460.3213
21798,3890.2666
21799,5358.608
21800,4224.803
21801,3797.2158
21802,4837.0464
21803,7481.373
21804,5847.289
21805,4408.0337
21806,6865.768
21807,6594.4614
21808,7246.5874
21809,9188.382
21810,7155.95
21811,4832.799
21812,7376.0977
21813,5089.18
21814,4631.9165
21815,7182.283
21816,5633.8477
21817,3988.1453
21818,7519.3955
21819,5550.3667
21820,10000.299
21821,4425.489
21822,4323.0107
21823,5638.8584
21824,7339.6743
21825,6990.333
21826,9699.388
21827,5645.209
21828,5174.7407
21829,7086.8037
21830,3026.5952
21831,7160.6885
21832,7099.164
21833,5009.132
21834,17699.03
21835,4953.27
21836,3523.735
21837,8732.201
21838,4816.08
21839,5060.055
21840,3491.0664
21841,9570.57
21842,4545.09
21843,3768.463
21844,6803.7456
21845,5355.92
21846,5022.2837
21847,4319.841
21848,5625.326
21849,8399.809
21850,7469.095
21851,10034.483
21852,7249.8438
21853,3235.753
21854,6405.6387
21855,9783.845
21856,4570.48
21857,5402.72
21858,4265.716
21859,4815.676
21860,4150.664
21861,7864.2314
21862,6268.4834
21863,4889.1343
21864,6925.369
21865,3280.3
21866,3790.0215
21867,4506.212
21868,4840.111
21869,5555.7114
21870,3576.3064
21871,6813.669
21872,6268.537
21873,5312.2046
21874,6735.708
21875,5396.3594
21876,5436.6323
21877,4845.2153
21878,3817.023
21879,8087.0596
21880,4519.8755
21881,4724.7344
21882,9298.335
21883,4466.0127
21884,7381.552
21885,7460.3447
21886,3912.3276
21887,3318.2603
21888,7122.129
21889,3480.263
21890,5568.699
21891,3154.156
21892,6623.1553
21893,9146.875
21894,5462.5083
21895,5931.3584
21896,4356.26
21897,4727.0557
21898,5863.883
21899,4372.871
21900,9583.952
21901,7930.653
21902,6675.16
21903,7213.6514
21904,4130.4614
21905,4407.647
21906,3829.642
21907,4313.866
21908,3908.534
21909,5892.7363
21910,6583.275
21911,7076.591
21912,5564.781
21913,7662.166
21914,6800.7935
21915,3880.0044
21916,7419.3154
21917,4065.0632
21918,4323.5635
21919,5035.23
21920,2860.5408
21921,5708.491
21922,5835.527
21923,10632.39
21924,3994.9075
21925,4656.8228
21926,4068.6555
21927,4035.4875
21928,3771.7356
21929,6938.2617
21930,5678.5947
21931,6436.7456
21932,7241.9717
21933,3853.0793
21934,8346.047
21935,3842.9263
21936,7258.5757
21937,5425.4634
21938,7515.6885
21939,3724.1956
21940,4585.69
21941,5028.9805
21942,3758.5254
21943,4953.067
21944,8062.199
21945,5228.375
21946,3879.96
21947,7502.131
21948,4477.8374
21949,3169.5151
21950,6120.7866
21951,4794.089
21952,4342.618
21953,3424.3599
21954,3969.82
21955,8805.608
21956,4148.938
21957,4029.7212
21958,5480.1533
21959,7328.824
21960,3909.0486
21961,5577.348
21962,6088.488
21963,7372.778
21964,3258.9683
21965,7977.5835
21966,4176.83
21967,5974.335
21968,10188.214
21969,4277.063
21970,4593.6885
21971,5329.6284
21972,7129.272
21973,4256.7446
21974,5841.2183
21975,5415.9287
21976,5641.882
21977,7150.1646
21978,3400.8782
21979,3685.6338
21980,5738.8457
21981,3190.0725
21982,9340.832
21983,4544.3877
21984,4766.0386
21985,5194.4185
21986,7399.605
21987,7571.183
21988,5988.2217
21989,3174.3928
21990,4904.109
21991,3498.3872
21992,4435.801
21993,5450.054
21994,6945.2007
21995,9751.983
21996,5900.087
21997,8550.358
21998,7972.6772
21999,5750.841
22000,7350.449
22001,9971.525
22002,4984.2
22003,4784.2534
22004,3844.5542
22005,5473.5186
22006,5096.783
22007,6378.4404
22008,3906.6255
22009,8051.886
22010,7459.114
22011,7400.1133
22012,3735.9448
22013,6394.8027
22014,3276.6814
22015,10161.217
22016,6718.038
22017,7462.5723
22018,6878.1953
22019,4513.5034
22020,4317.1304
22021,3084.4636
22022,4458.0835
22023,3524.2227
22024,3389.3577
22025,7649.614
22026,8222.675
22027,7751.5283
22028,9547.595
22029,8784.386
22030,1922.3511
22031,7265.835
22032,3313.2593
22033,10440.822
22034,5177.387
22035,6351.6123
22036,9429.891
22037,6508.9614
22038,5675.8984
22039,8025.557
22040,7076.7393
22041,8237.612
22042,3325.5774
22043,4365.5776
22044,5516.656
22045,7877.4214
22046,9376.09
22047,7812.7197
22048,5358.194
22049,4529.686
22050,5023.4385
22051,4276.304
22052,5711.9277
22053,7133.251
22054,4099.2485
22055,3517.2334
22056,4648.2354
22057,6681.8105
22058,4344.665
22059,7259.337
22060,4624.5923
22061,6936.171
22062,7620.6006
22063,7094.277
22064,4047.9404
22065,5018.7686
22066,9137.353
22067,5991.2554
22068,5761.3438
22069,2922.6118
22070,6639.341
22071,4447.427
22072,5516.6294
22073,5657.3804
22074,7259.8354
22075,4166.1064
22076,6291.605
22077,1863.8533
22078,7415.516
22079,4423.1885
22080,8157.829
22081,8003.0835
22082,5583.251
22083,10036.829
22084,8921.187
22085,3397.7747
22086,3798.2373
22087,4578.8145
22088,4473.969
22089,4564.6636
22090,10313.927
22091,7442.811
22092,10015.198
22093,3734.4875
22094,5117.0425
22095,8391.088
22096,5909.1265
22097,7461.085
22098,4627.2925
22099,8834.732
22100,8923.6455
22101,7646.9946
22102,5991.084
22103,4590.4604
22104,6864.157
22105,8057.187
22106,7358.186
22107,4468.3267
22108,4321.106
22109,10341.754
22110,7089.535
22111,4390.2246
22112,5177.96
22113,5641.037
22114,4783.8154
22115,4452.427
22116,3833.1033
22117,7354.734
22118,3427.7522
22119,9812.245
22120,7376.182
22121,6120.1094
22122,4246.233
22123,4744.941
22124,7670.875
22125,7297.366
22126,3572.6987
22127,9336.513
22128,5620.4346
22129,7092.092
22130,3684.1436
22131,5230.5547
22132,8852.563
22133,7449.5156
22134,6747.115
22135,5088.627
22136,8495.212
22137,8416.923
22138,4030.7168
22139,7738.844
22140,4856.3203
22141,4094.7617
22142,5677.88
22143,3154.4358
22144,5546.5195
22145,7075.842
22146,4044.706
22147,7760.8867
22148,7307.0054
22149,6749.915
22150,6124.2144
22151,7460.779
22152,3925.3518
22153,5363.1997
22154,4629.2837
22155,7200.522
22156,5819.591
22157,8873.41
22158,4976.224
22159,4394.3223
22160,5134.595
22161,5772.6426
22162,10406.235
22163,5639.746
22164,7363.7188
22165,7391.373
22166,5486.335
22167,4692.9067
22168,4986.2974
22169,5808.2114
22170,6067.3506
22171,3226.7705
22172,7104.9287
22173,9417.424
22174,9933.225
22175,5381.987
22176,3768.7434
22177,5700.77
22178,4284.9116
22179,4564.7373
22180,5177.091
22181,4348.284
22182,4322.0996
22183,4623.8555
22184,9728.813
22185,7649.628
22186,7246.7534
22187,10122.785
22188,5045.2544
22189,6041.7153
22190,4986.478
22191,5904.495
22192,3791.099
22193,7728.112
22194,6961.994
22195,4297.63
22196,4770.3364
22197,6190.0015
22198,4263.9136
22199,5135.9766
22200,9475.817
22201,4399.649
22202,5281.0127
22203,5817.576
22204,3875.303
22205,4794.583
22206,4388.512
22207,9315.085
22208,4312.998
22209,3942.208
22210,8104.851
22211,4536.462
22212,7748.461
22213,4439.708
22214,5638.6543
22215,4488.61
22216,7435.744
22217,7730.3677
22218,4336.5454
22219,7291.988
22220,6544.3833
22221,3612.4253
22222,9803.966
22223,4629.7783
22224,5304.0327
22225,5322.486
22226,4813.6323
22227,5455.302
22228,4069.9946
22229,4581.641
22230,5052.6904
22231,3051.5576
22232,4809.4556
22233,6028.6885
22234,8255.137
22235,4996.753
22236,6154.7007
22237,7268.462
22238,5661.429
22239,4165.0215
22240,4249.535
22241,8430.26
22242,5533.1978
22243,4775.709
22244,7608.261
22245,7178.2017
22246,4215.283
22247,3772.9124
22248,5524.5493
22249,6543.0415
22250,5585.136
22251,5006.9297
22252,5951.8853
22253,7700.8135
22254,7315.583
22255,7736.815
22256,3302.168
22257,8464.4375
22258,5620.5205
22259,6857.999
22260,9152.1455
22261,8173.9595
22262,8802.652
22263,6225.243
22264,4602.4917
22265,3239.6323
22266,5132.064
22267,3632.4226
22268,7101.792
22269,4027.8457
22270,4033.1016
22271,5840.0986
22272,4543.148
22273,6220.8623
22274,4639.677
22275,6803.8237
22276,4086.3257
22277,5498.647
22278,4018.3398
22279,6384.363
22280,4152.3945
22281,8277.662
22282,4027.9072
22283,5445.663
22284,5621.823
22285,5269.032
22286,4231.519
22287,3719.314
22288,4979.7285
22289,3533.1902
22290,5257.4604
22291,5259.9585
22292,5175.723
22293,7916.543
22294,6219.4443
22295,7054.4395
22296,5286.2036
22297,4263.893
22298,7847.9263
22299,3161.8594
22300,5068.649
22301,6278.2847
22302,6908.0317
22303,4462.7764
22304,3090.8525
22305,3473.805
22306,7089.2783
22307,4270.9844
22308,4799.428
22309,6823.0273
22310,4488.6826
22311,6254.168
22312,9126.901
22313,6996.5967
22314,7063.3335
22315,4950.9272
22316,4399.8965
22317,6859.0
22318,5108.9077
22319,5005.602
22320,4368.9395
22321,6891.25
22322,8672.176
22323,4543.287
22324,5424.589
22325,9426.275
22326,4481.6875
22327,4068.085
22328,4026.628
22329,5085.618
22330,4343.637
22331,5094.489
22332,4785.778
22333,3132.7058
22334,5387.9966
22335,3993.292
22336,8937.59
22337,6710.116
22338,9865.593
22339,5945.2754
22340,3652.9695
22341,8963.362
22342,6139.884
22343,3920.7937
22344,8925.042
22345,7181.4956
22346,7280.611
22347,5395.1807
22348,5507.1343
22349,7111.1255
22350,4121.1655
22351,4687.677
22352,3475.0942
22353,4439.958
22354,4324.553
22355,8400.177
22356,3707.1326
22357,3273.7163
22358,5901.2803
22359,6002.0884
22360,4281.337
22361,5473.5186
22362,3943.8328
22363,7850.2246
22364,7083.4653
22365,6562.88
22366,4263.0674
22367,3290.5173
22368,5316.975
22369,3959.7825
22370,5937.0244
22371,6968.4316
22372,4385.0894
22373,5095.7524
22374,3591.8457
22375,9116.426
22376,3041.3884
22377,5487.183
22378,6711.6396
22379,7207.634
22380,3727.821
22381,5522.768
22382,4561.7734
22383,5512.784
22384,6495.2183
22385,3794.8765
22386,5254.633
22387,6938.2285
22388,4854.528
22389,4241.561
22390,6584.518
22391,6890.0015
22392,7324.2124
22393,6720.8325
22394,4467.0693
22395,3095.072
22396,6627.098
22397,5512.863
22398,6525.0054
22399,6462.904
22400,3054.2456
22401,6492.487
22402,6653.656
22403,6160.956
22404,3917.8699
22405,7051.4863
22406,2762.6968
22407,7345.9565
22408,7188.047
22409,4301.641
22410,8574.998
22411,2671.3083
22412,6176.6133
22413,6265.4526
22414,4712.5635
22415,6764.784
22416,5937.6357
22417,3720.9392
22418,8432.544
22419,3699.0007
22420,4024.8499
22421,3293.0232
22422,4107.3623
22423,6648.8276
22424,4023.3875
22425,7261.934
22426,8914.595
22427,6830.177
22428,3334.1892
22429,7137.9673
22430,6980.998
22431,2981.1465
22432,3410.4363
22433,7154.387
22434,4320.047
22435,7073.21
22436,5292.369
22437,4981.828
22438,4291.8003
22439,5645.7417
22440,5639.714
22441,4020.3489
22442,3881.0261
22443,3578.064
22444,7389.738
22445,7321.733
22446,4325.4897
22447,6626.9907
22448,6699.8584
22449,3045.0957
22450,7371.927
22451,2670.6077
22452,4040.329
22453,3006.7407
22454,4278.932
22455,5022.6816
22456,4841.219
22457,8317.907
22458,19205.072
22459,5801.849
22460,4438.3613
22461,6648.6313
22462,7274.8843
22463,8950.685
22464,4677.39
22465,6993.1606
22466,5172.027
22467,4348.7656
22468,3151.3079
22469,7026.095
22470,3844.2498
22471,3653.8164
22472,7048.3594
22473,4826.639
22474,3731.0586
22475,7076.382
22476,5121.5645
22477,3021.9905
22478,7368.0396
22479,7199.231
22480,7569.5654
22481,5317.9795
22482,4486.461
22483,9044.024
22484,5713.459
22485,5764.4604
22486,4977.715
22487,7847.133
22488,4326.4805
22489,5110.8477
22490,8907.251
22491,3970.5623
22492,5005.0195
22493,6250.882
22494,3067.8743
22495,4027.4922
22496,8585.358
22497,5454.183
22498,5046.063
22499,6366.017
22500,5950.211
22501,4240.748
22502,5570.702
22503,9710.042
22504,3251.0503
22505,4465.374
22506,3514.9492
22507,7853.7295
22508,3936.8828
22509,4207.5176
22510,4760.7407
22511,7320.336
22512,3820.0574
22513,11368.253
22514,8958.704
22515,3761.8972
22516,5047.969
22517,4032.9783
22518,7048.548
22519,9275.014
22520,3538.4014
22521,3207.3652
22522,5196.024
22523,4685.142
22524,7051.4795
22525,3754.0142
22526,4201.8506
22527,3352.877
22528,5312.058
22529,3259.6711
22530,4633.317
22531,7232.984
22532,8903.692
22533,4292.742
22534,8824.963
22535,5556.4585
22536,7189.4316
22537,3749.4548
22538,4093.59
22539,7364.2173
22540,3562.982
22541,6219.777
22542,4269.05
22543,4133.2993
22544,4476.249
22545,3484.4487
22546,4886.561
22547,9302.983
22548,5321.171
22549,4476.283
22550,7515.861
22551,6708.977
22552,4265.0283
22553,4046.9368
22554,7073.0215
22555,8954.689
22556,5992.3926
22557,7081.4185
22558,5706.3516
22559,5179.4473
22560,7261.4907
22561,4329.961
22562,4394.947
22563,6230.542
22564,8712.401
22565,4077.549
22566,4868.848
22567,2919.463
22568,4860.2637
22569,4130.4536
22570,3578.8286
22571,5441.8516
22572,5479.5938
22573,3811.216
22574,9913.916
22575,3453.3
22576,5689.5522
22577,8702.037
22578,4732.4653
22579,4597.419
22580,3809.0645
22581,4849.8345
22582,7342.825
22583,3911.85
22584,5693.385
22585,7191.071
22586,5503.915
22587,4572.272
22588,3984.966
22589,6919.4136
22590,5580.525
22591,8234.785
22592,8460.466
22593,5326.391
22594,7162.731
22595,3388.5269
22596,5442.7393
22597,4170.325
22598,7199.7734
22599,5165.1196
22600,9802.143
22601,9322.0
22602,7599.58
22603,4415.4443
22604,4910.166
22605,5168.6533
22606,4524.2324
22607,7048.985
22608,7497.4385
22609,3544.4248
22610,6824.134
22611,4997.158
22612,4823.2656
22613,7023.214
22614,5614.2676
22615,7245.5645
22616,6974.0435
22617,9098.723
22618,7510.128
22619,3244.4973
22620,8729.845
22621,7222.953
22622,8910.633
22623,4487.698
22624,4192.406
22625,7206.8706
22626,3702.7183
22627,4781.434
22628,5119.269
22629,8258.72
22630,5500.635
22631,3178.7961
22632,5047.695
22633,3676.5076
22634,3642.1377
22635,7518.3916
22636,4947.731
22637,3938.4756
22638,4239.4985
22639,9271.432
22640,4679.5454
22641,7243.8716
22642,3958.3586
22643,5983.968
22644,5260.335
22645,5125.4497
22646,5687.995
22647,7131.251
22648,9210.967
22649,4551.1074
22650,5809.1973
22651,2966.993
22652,4418.276
22653,6551.0156
22654,3944.9202
22655,5432.584
22656,4283.3877
22657,3849.9749
22658,4904.7593
22659,7589.2075
22660,5929.2935
22661,4469.5244
22662,6960.7324
22663,6686.0947
22664,7347.5054
22665,9320.187
22666,7255.385
22667,4899.438
22668,7480.11
22669,5159.8115
22670,4696.534
22671,7282.7153
22672,5710.179
22673,4044.324
22674,7623.7266
22675,5628.96
22676,10139.725
22677,4487.377
22678,4383.5503
22679,5717.8423
22680,7441.015
22681,7087.25
22682,9839.01
22683,5724.8496
22684,5246.9946
22685,7187.341
22686,3067.8684
22687,7262.6543
22688,7194.9404
22689,5078.168
22690,17942.768
22691,5023.1367
22692,3572.508
22693,8852.758
22694,4883.318
22695,5130.3945
22696,3540.0254
22697,9701.229
22698,4608.475
22699,3821.391
22700,6897.8525
22701,5430.3457
22702,5092.39
22703,4381.4517
22704,5704.746
22705,8518.669
22706,7574.029
22707,10175.57
22708,7350.26
22709,3281.1294
22710,6495.4785
22711,9915.477
22712,4633.905
22713,5477.906
22714,4325.4775
22715,4882.9824
22716,4208.5977
22717,7968.701
22718,6357.4126
22719,4956.867
22720,7021.72
22721,3326.196
22722,3842.86
22723,4568.9326
22724,4906.444
22725,5632.574
22726,3626.1423
22727,6909.1255
22728,6357.8066
22729,5386.8813
22730,6830.5415
22731,5471.587
22732,5511.5854
22733,4910.592
22734,3870.8398
22735,8201.394
22736,4582.887
22737,4789.8286
22738,9424.181
22739,4528.114
22740,7483.9067
22741,7564.542
22742,3966.4775
22743,3362.6658
22744,7221.699
22745,3528.744
22746,5646.943
22747,3198.0405
22748,6716.3467
22749,9268.407
22750,5539.736
22751,6014.4097
22752,4415.6973
22753,4793.7183
22754,5945.383
22755,4433.622
22756,9717.991
22757,8042.63
22758,6768.418
22759,7314.9897
22760,4188.109
22761,4469.2773
22762,3882.9775
22763,4373.326
22764,3963.588
22765,5975.201
22766,6672.926
22767,7176.2095
22768,5642.2803
22769,7769.041
22770,6888.9697
22771,3934.2173
22772,7522.093
22773,4122.2153
22774,4383.592
22775,5105.6143
22776,2899.3374
22777,5789.643
22778,5918.338
22779,10781.851
22780,4050.6057
22781,4721.139
22782,4124.902
22783,4091.9934
22784,3824.5493
22785,7035.8594
22786,5756.488
22787,6526.916
22788,7340.5356
22789,3907.6543
22790,8461.822
22791,3896.8704
22792,7356.481
22793,5502.797
22794,7621.1094
22795,3775.8828
22796,4649.273
22797,5099.375
22798,3811.245
22799,5020.909
22800,8170.3896
22801,5298.703
22802,3933.872
22803,7608.0146
22804,4539.951
22805,3213.8218
22806,6204.7856
22807,4860.8247
22808,4402.7095
22809,3472.0854
22810,4025.8137
22811,8930.841
22812,4208.3726
22813,4085.3787
22814,5556.2466
22815,7432.8364
22816,3962.7827
22817,5654.2676
22818,6173.521
22819,7474.6826
22820,3304.0933
22821,8088.672
22822,4235.0156
22823,6057.8784
22824,10329.156
22825,4336.5166
22826,4656.7646
22827,5402.066
22828,7228.3975
22829,4315.537
22830,5921.3306
22831,5491.2617
22832,5718.4585
22833,7246.539
22834,3449.5137
22835,3736.9856
22836,5820.357
22837,3234.3057
22838,9469.565
22839,4608.0615
22840,4832.5913
22841,5266.5
22842,7503.7056
22843,7674.3584
22844,6072.2544
22845,3218.7402
22846,4972.253
22847,3547.679
22848,4497.113
22849,5526.3516
22850,7042.6743
22851,9885.985
22852,5981.7876
22853,8672.465
22854,8083.99
22855,5830.1973
22856,7452.799
22857,10111.139
22858,5053.77
22859,4851.1255
22860,3897.8704
22861,5549.192
22862,5168.0273
22863,6465.29
22864,3961.596
22865,8162.904
22866,7563.965
22867,7505.559
22868,3788.8718
22869,6483.0127
22870,3321.8994
22871,10307.456
22872,6814.748
22873,7565.574
22874,6975.567
22875,4574.2656
22876,4377.4746
22877,3128.653
22878,4519.281
22879,3573.6465
22880,3436.5137
22881,7758.0967
22882,8337.939
22883,7859.492
22884,9682.52
22885,8903.819
22886,1949.3195
22887,7367.2666
22888,3359.3218
22889,10586.844
22890,5249.0273
22891,6440.885
22892,9560.635
22893,6602.9014
22894,5754.3467
22895,8138.3535
22896,7175.8057
22897,8354.872
22898,3372.123
22899,4426.9453
22900,5593.9707
22901,7988.075
22902,9508.21
22903,7921.4375
22904,5432.0293
22905,4593.8813
22906,5093.784
22907,4338.2627
22908,5789.8584
22909,7232.356
22910,4156.4326
22911,3566.8926
22912,4713.027
22913,6774.767
22914,4406.3267
22915,7359.99
22916,4688.1997
22917,7027.3013
22918,7726.7485
22919,7191.126
22920,4104.9653
22921,5088.845
22922,9263.556
22923,6074.757
22924,5842.004
22925,2962.9878
22926,6731.5464
22927,4509.183
22928,5594.3657
22929,5735.8906
22930,7362.609
22931,4223.8164
22932,6378.3306
22933,1889.9923
22934,7517.94
22935,4484.078
22936,8272.279
22937,8115.2856
22938,5661.9043
22939,10177.695
22940,9040.497
22941,3445.2615
22942,3850.5515
22943,4643.569
22944,4536.354
22945,4627.8843
22946,10457.725
22947,7548.059
22948,10147.058
22949,3786.321
22950,5188.263
22951,8507.432
22952,5989.638
22953,7564.0083
22954,4691.6714
22955,8952.247
22956,9051.964
22957,7753.7983
22958,6072.9727
22959,4654.176
22960,6960.507
22961,8168.831
22962,7459.8467
22963,4529.25
22964,4381.481
22965,10485.3
22966,7189.5894
22967,4451.234
22968,5250.009
22969,5720.3354
22970,4850.0845
22971,4513.9814
22972,3886.1865
22973,7458.8438
22974,3476.1685
22975,9945.984
22976,7479.91
22977,6205.105
22978,4305.537
22979,4811.4014
22980,7778.5166
22981,7400.925
22982,3622.4568
22983,9468.834
22984,5698.6387
22985,7186.8745
22986,3736.8857
22987,5303.239
22988,8977.282
22989,7554.2964
22990,6844.511
22991,5158.9355
22992,8612.785
22993,8533.859
22994,4086.2517
22995,7847.6343
22996,4925.43
22997,4153.2227
22998,5758.3003
22999,3197.9888
23000,5623.9688
23001,7173.349
23002,4100.887
23003,7868.095
23004,7410.1284
23005,6843.0425
23006,6208.9653
23007,7565.798
23008,3979.7122
23009,5438.2607
23010,4694.1826
23011,7304.706
23012,5899.226
23013,8995.256
23014,5045.009
23015,4455.384
23016,5206.13
23017,5851.6133
23018,10546.3
23019,5720.3027
23020,7466.4243
23021,7497.0166
23022,5562.3237
23023,4758.838
23024,5055.8
23025,5889.37
23026,6151.2734
23027,3271.8398
23028,7207.1113
23029,9548.159
23030,10072.551
23031,5456.046
23032,3821.1833
23033,5778.829
23034,4344.553
23035,4628.7407
23036,5249.503
23037,4408.8745
23038,4382.129
23039,4687.9585
23040,9861.595
23041,7755.3667
23042,7344.3174
23043,10263.36
23044,5116.0566
23045,6125.9263
23046,5056.065
23047,5987.136
23048,3843.2085
23049,7836.5044
23050,7056.822
23051,4357.112
23052,4837.3276
23053,6276.3984
23054,4322.8623
23055,5207.4062
23056,9606.053
23057,4461.3423
23058,5353.775
23059,5897.122
23060,3930.4062
23061,4861.919
23062,4449.807
23063,9444.247
23064,4372.871
23065,3996.1157
23066,8217.508
23067,4599.9106
23068,7856.9663
23069,4501.413
23070,5717.0845
23071,4550.7773
23072,7538.181
23073,7837.5435
23074,4396.6284
23075,7394.4546
23076,6635.5425
23077,3662.1353
23078,9941.574
23079,4694.6304
23080,5376.753
23081,5395.7314
23082,4881.008
23083,5531.1504
23084,4126.1255
23085,4645.642
23086,5122.6978
23087,3094.3162
23088,4876.033
23089,6114.129
23090,8370.625
23091,5067.305
23092,6240.623
23093,7368.8057
23094,5736.673
23095,4222.5874
23096,4308.549
23097,8547.725
23098,5610.349
23099,4842.517
23100,7714.5757
23101,7280.7153
23102,4273.935
23103,3825.3557
23104,5601.638
23105,6634.017
23106,5662.995
23107,5076.2886
23108,6035.76
23109,7806.1274
23110,7417.044
23111,7844.1323
23112,3349.2197
23113,11289.355
23114,7491.8057
23115,9235.458
23116,12324.1875
23117,10901.914
23118,11738.474
23119,8380.307
23120,6197.244
23121,4362.922
23122,6846.614
23123,4891.033
23124,9561.829
23125,5374.225
23126,5431.2056
23127,7863.886
23128,6118.1016
23129,8376.031
23130,6189.73
23131,9076.94
23132,5450.8184
23133,7334.3486
23134,5361.42
23135,8597.19
23136,5592.237
23137,11042.317
23138,5373.082
23139,7333.0547
23140,7500.3853
23141,7030.9688
23142,5644.9287
23143,5008.8306
23144,6644.0923
23145,4712.806
23146,7078.9
23147,7082.8506
23148,6969.9673
23149,10660.333
23150,8373.204
23151,9497.18
23152,7119.154
23153,5743.451
23154,10571.123
23155,4217.769
23156,6825.579
23157,8450.78
23158,9217.348
23159,6009.7935
23160,4122.235
23161,4678.2515
23162,9546.657
23163,5750.7476
23164,6403.189
23165,9104.348
23166,5989.3354
23167,8419.757
23168,12289.386
23169,9332.025
23170,9512.954
23171,6666.6846
23172,5870.4307
23173,9236.894
23174,6879.4355
23175,6740.792
23176,5827.801
23177,9189.793
23178,11567.938
23179,6060.2944
23180,7304.3506
23181,12575.841
23182,6034.165
23183,5427.4043
23184,5372.4517
23185,6784.81
23186,5793.681
23187,6861.9316
23188,6444.3813
23189,4218.5854
23190,7187.862
23191,5377.0967
23192,11927.393
23193,9037.058
23194,13288.747
23195,8007.8174
23196,4874.229
23197,11956.095
23198,8267.539
23199,5279.849
23200,11908.729
23201,9669.285
23202,9802.265
23203,7197.3564
23204,7414.25
23205,9481.667
23206,5498.988
23207,6312.746
23208,4635.6997
23209,5979.4434
23210,5767.975
23211,11207.542
23212,4991.1367
23213,4367.6396
23214,7944.3105
23215,8083.2427
23216,5764.4937
23217,7301.4946
23218,5307.4946
23219,10474.435
23220,9538.238
23221,8835.685
23222,5739.853
23223,4389.9316
23224,7093.959
23225,5333.168
23226,7995.263
23227,9294.718
23228,5848.265
23229,6796.274
23230,4836.331
23231,12153.023
23232,4094.6133
23233,7388.272
23234,8954.996
23235,9614.201
23236,4973.3057
23237,7435.2334
23238,6145.309
23239,7353.871
23240,8745.254
23241,5062.9473
23242,7009.1875
23243,9257.823
23244,6537.633
23245,5711.3013
23246,8866.405
23247,9189.811
23248,9771.246
23249,9052.128
23250,6014.163
23251,4126.1533
23252,8923.042
23253,7354.4253
23254,8787.335
23255,8701.564
23256,4112.624
23257,8743.144
23258,8962.943
23259,8293.412
23260,5276.682
23261,9493.158
23262,3719.6829
23263,9799.235
23264,9678.521
23265,5792.7476
23266,11436.887
23267,3564.7056
23268,8239.892
23269,8433.887
23270,6287.3696
23271,9110.081
23272,7997.5054
23273,5009.8535
23274,11356.083
23275,4934.3696
23276,5369.347
23277,4435.361
23278,5480.169
23279,8953.135
23280,5416.43
23281,9683.997
23282,11885.638
23283,9197.141
23284,4487.929
23285,9519.779
23286,9314.419
23287,3976.1833
23288,4592.773
23289,9634.139
23290,5817.21
23291,9434.901
23292,7060.7534
23293,6646.0127
23294,5725.2754
23295,7531.404
23296,7524.942
23297,5363.251
23298,5226.3506
23299,4773.523
23300,9858.059
23301,9860.006
23302,5770.4844
23303,8925.144
23304,9022.89
23305,4062.001
23306,9833.381
23307,3562.3293
23308,5390.222
23309,4048.423
23310,5707.636
23311,6700.3374
23312,6517.4727
23313,11094.129
23314,25864.58
23315,7811.55
23316,5976.347
23317,8954.143
23318,9706.894
23319,11937.271
23320,6245.4346
23321,9330.104
23322,6898.5435
23323,5856.3984
23324,4245.123
23325,9461.025
23326,5177.782
23327,4920.922
23328,9490.497
23329,6499.1475
23330,5022.7056
23331,9440.383
23332,6896.8394
23333,4069.6414
23334,9828.505
23335,9600.283
23336,10093.583
23337,7161.693
23338,5985.8115
23339,12168.948
23340,7693.7437
23341,7759.5693
23342,6640.2593
23343,10566.285
23344,5771.5635
23345,6818.0312
23346,11880.311
23347,5299.0264
23348,6740.644
23349,8340.58
23350,4092.4424
23351,5422.535
23352,11452.682
23353,7277.0146
23354,6733.293
23355,8572.381
23356,7936.4263
23357,5711.3394
23358,7501.48
23359,13082.26
23360,4378.8486
23361,5956.991
23362,4733.2915
23363,10477.282
23364,5251.802
23365,5613.855
23366,6410.51
23367,9857.345
23368,5094.479
23369,15165.053
23370,11949.254
23371,5018.4673
23372,6734.854
23373,5429.7812
23374,9490.651
23375,12376.959
23376,4764.493
23377,4278.418
23378,6996.2295
23379,6309.297
23380,9406.473
23381,5055.5635
23382,5657.8228
23383,4473.2354
23384,7088.9673
23385,4387.834
23386,6238.457
23387,9648.41
23388,11988.432
23389,5780.665
23390,11772.929
23391,7481.0376
23392,9591.661
23393,5047.56
23394,5513.72
23395,9916.195
23396,4797.5107
23397,8297.582
23398,5696.302
23399,5514.183
23400,5972.4775
23401,4691.112
23402,6580.4243
23403,12407.086
23404,7098.5547
23405,5971.293
23406,10026.008
23407,9036.574
23408,5690.073
23409,5399.2065
23410,9434.919
23411,12059.165
23412,7991.947
23413,9445.841
23414,7613.292
23415,6909.376
23416,9685.983
23417,5776.586
23418,5918.8853
23419,8389.52
23420,11625.397
23421,5489.298
23422,6493.6265
23423,3930.8413
23424,6545.975
23425,5563.3955
23426,4774.06
23427,7260.2026
23428,7310.226
23429,5133.449
23430,13345.19
23431,4607.4595
23432,7661.289
23433,11720.697
23434,6313.9565
23435,6132.2695
23436,5126.887
23437,6530.528
23438,9887.297
23439,5218.3354
23440,7594.6235
23441,9590.673
23442,7412.178
23443,6157.8423
23444,5366.577
23445,9316.533
23446,7446.2334
23447,11088.628
23448,11400.055
23449,7168.52
23450,9555.457
23451,4563.697
23452,7261.1724
23453,5616.4263
23454,9604.67
23455,6889.791
23456,13203.044
23457,12437.997
23458,10140.672
23459,5945.9785
23460,6550.36
23461,6959.2983
23462,6092.467
23463,9492.598
23464,10001.892
23465,4773.063
23466,9105.477
23467,6727.2524
23468,6494.828
23469,9369.188
23470,7490.2764
23471,9664.749
23472,9305.539
23473,12252.368
23474,10018.724
23475,4369.6313
23476,11755.571
23477,9635.38
23478,11888.256
23479,6043.6465
23480,5591.069
23481,9702.691
23482,4985.265
23483,6379.6084
23484,6892.8477
23485,11123.774
23486,7407.8247
23487,4281.5005
23488,6797.7456
23489,4903.8657
23490,4904.675
23491,10029.814
23492,6663.868
23493,5303.957
23494,5707.99
23495,12482.919
23496,6242.2603
23497,9662.436
23498,5330.483
23499,7982.348
23500,7016.6924
23501,6837.679
23502,7587.137
23503,9513.779
23504,12289.925
23505,6130.772
23506,7823.48
23507,3957.781
23508,5894.822
23509,8738.283
23510,5312.3315
23511,7315.9736
23512,5769.9175
23513,5185.1216
23514,6604.4507
23515,10218.684
23516,7909.1694
23517,5962.7046
23518,9375.062
23519,9003.332
23520,9894.051
23521,12432.423
23522,9769.783
23523,6598.2236
23524,9976.292
23525,6884.0366
23526,6325.0596
23527,9803.489
23528,7692.012
23529,5448.1934
23530,10169.913
23531,7575.416
23532,13527.904
23533,5986.5312
23534,5902.0176
23535,7627.865
23536,10020.281
23537,9454.521
23538,13247.077
23539,7635.8506
23540,7064.701
23541,9676.408
23542,4132.4043
23543,9687.711
23544,9689.355
23545,6774.4116
23546,23937.455
23547,6702.5044
23548,4764.6475
23549,11805.288
23550,6576.02
23551,6844.7983
23552,4722.3193
23553,12937.125
23554,6206.816
23555,5097.668
23556,9290.091
23557,7312.576
23558,6857.8813
23559,5899.215
23560,7682.275
23561,11363.039
23562,10198.694
23563,13696.35
23564,9805.172
23565,4376.8564
23566,8747.831
23567,13232.4795
23568,6239.653
23569,7377.0547
23570,5770.193
23571,6575.0166
23572,5666.1074
23573,10632.541
23574,8560.42
23575,6673.7466
23576,9456.37
23577,4479.1704
23578,5126.178
23579,6095.4956
23580,6609.4863
23581,7584.366
23582,4883.7324
23583,9217.77
23584,8559.04
23585,7254.153
23586,9113.184
23587,7299.879
23588,7352.602
23589,6614.14
23590,5213.773
23591,10938.367
23592,6171.3545
23593,6390.0894
23594,12574.162
23595,6041.243
23596,9984.325
23597,10089.771
23598,5341.0127
23599,4528.9907
23600,9722.46
23601,4751.83
23602,7605.207
23603,4306.2065
23604,9039.902
23605,12368.026
23606,7388.5957
23607,8021.6694
23608,5894.9287
23609,6453.233
23610,8004.8774
23611,5970.2505
23612,13079.153
23613,10832.274
23614,9113.853
23615,9757.668
23616,5587.673
23617,5962.767
23618,5179.783
23619,5835.7495
23620,5286.234
23621,7971.7114
23622,8982.267
23623,9572.003
23624,7526.8438
23625,10462.363
23626,9195.737
23627,5296.04
23628,10129.295
23629,5550.2715
23630,5902.907
23631,6875.644
23632,3904.8557
23633,7722.7847
23634,7894.759
23635,14381.324
23636,5453.8296
23637,6300.054
23638,5554.1323
23639,5508.416
23640,5151.7363
23641,9384.464
23642,7681.513
23643,8706.537
23644,9795.703
23645,5213.977
23646,11289.732
23647,5197.853
23648,9906.874
23649,7337.448
23650,10262.323
23651,5037.272
23652,6202.7676
23653,6802.6943
23654,5131.6426
23655,6758.954
23656,10900.916
23657,7071.537
23658,5297.869
23659,10146.525
23660,6112.4785
23661,4327.463
23662,8352.338
23663,6484.8184
23664,5928.7734
23665,4675.945
23666,5370.5356
23667,11911.262
23668,5665.6587
23669,5501.7524
23670,7481.851
23671,9914.691
23672,5286.9146
23673,7543.971
23674,8313.401
23675,9970.365
23676,4449.353
23677,10789.154
23678,5648.268
23679,8157.331
23680,13776.134
23681,5785.2046
23682,6271.294
23683,7207.0493
23684,9644.242
23685,5811.0044
23686,7899.534
23687,7324.918
23688,7630.776
23689,9757.789
23690,4604.046
23691,4985.0654
23692,7838.65
23693,4355.0425
23694,12630.136
23695,6147.5547
23696,6446.509
23697,7026.1284
23698,10104.892
23699,10336.39
23700,8103.081
23701,4335.003
23702,6695.425
23703,4778.388
23704,6057.1157
23705,7441.7036
23706,9483.186
23707,13316.418
23708,7983.0713
23709,11568.148
23710,10888.592
23711,7851.932
23712,9941.499
23713,13615.612
23714,6804.9985
23715,6471.7495
23716,5248.1562
23717,7472.886
23718,6958.535
23719,8627.493
23720,5284.903
23721,10989.3125
23722,10089.194
23723,10017.262
23724,5053.5625
23725,8649.74
23726,4431.47
23727,13752.176
23728,9175.867
23729,10092.505
23730,9388.681
23731,6161.1855
23732,5894.479
23733,4173.1226
23734,6085.4277
23735,4812.645
23736,4628.034
23737,10345.453
23738,11124.114
23739,10583.633
23740,13041.125
23741,11992.995
23742,2624.9688
23743,9831.299
23744,4482.6626
23745,14256.314
23746,7068.6914
23747,8672.126
23748,12878.182
23749,8892.413
23750,7750.0796
23751,10853.95
23752,9572.506
23753,11144.694
23754,4498.1123
23755,5960.2876
23756,7461.1987
23757,10654.834
23758,12676.562
23759,10666.659
23760,7244.9907
23761,6129.299
23762,6794.5757
23763,5786.3306
23764,7796.5884
23765,9649.552
23766,5544.4087
23767,4802.1396
23768,6287.088
23769,9122.254
23770,5932.377
23771,9910.739
23772,6255.755
23773,9470.062
23774,10404.34
23775,9683.923
23776,5526.515
23777,6852.9316
23778,12477.2295
23779,8178.3887
23780,7793.3022
23781,3953.0532
23782,9064.336
23783,6015.867
23784,7462.1313
23785,7651.708
23786,9821.168
23787,5688.277
23788,8588.331
23789,2545.3271
23790,10123.2
23791,5982.4155
23792,11035.2
23793,10824.156
23794,7624.4614
23795,13584.288
23796,12061.626
23797,4596.2134
23798,5185.7847
23799,6252.3545
23800,6051.549
23801,6231.9565
23802,13949.6
23803,10164.173
23804,13667.616
23805,5096.963
23806,6986.5137
23807,11457.161
23808,8069.369
23809,10184.774
23810,6317.029
23811,11948.126
23812,12069.475
23813,10344.082
23814,8102.633
23815,6267.718
23816,9372.79
23817,11001.31
23818,10040.477
23819,6098.665
23820,5898.472
23821,13987.314
23822,9592.759
23823,5994.1416
23824,7070.013
23825,7630.922
23826,6469.645
23827,6079.76
23828,5184.2764
23829,9946.602
23830,4636.4297
23831,13402.385
23832,9975.815
23833,8357.6455
23834,5799.0107
23835,6418.7944
23836,10475.674
23837,9872.427
23838,4833.601
23839,12637.209
23840,7601.704
23841,9677.497
23842,4983.069
23843,7073.8984
23844,11975.655
23845,10172.115
23846,9215.194
23847,6948.2817
23848,11601.672
23849,11499.298
23850,5453.0493
23851,10565.247
23852,6569.1426
23853,5540.6235
23854,7681.6377
23855,4266.237
23856,7502.188
23857,9570.652
23858,5522.921
23859,10497.388
23860,9881.8
23861,9131.498
23862,8364.16
23863,10088.626
23864,5311.0444
23865,7322.194
23866,6261.366
23867,9740.308
23868,7943.947
23869,12006.294
23870,6730.7246
23871,5945.3657
23872,7009.662
23873,7806.2544
23874,14211.298
23875,7704.1196
23876,9961.611
23877,9999.936
23878,7419.1455
23879,6349.2256
23880,6808.582
23881,7930.365
23882,8206.495
23883,4407.2896
23884,9614.596
23885,12856.619
23886,13568.167
23887,7347.386
23888,5145.4453
23889,7711.0225
23890,5849.537
23891,6174.4927
23892,7003.1997
23893,5936.8994
23894,5846.993
23895,6312.921
23896,13158.931
23897,10347.17
23898,9893.862
23899,13824.307
23900,6823.802
23901,8249.572
23902,6745.4614
23903,7986.0796
23904,5125.601
23905,10453.915
23906,9501.257
23907,5812.595
23908,6453.9346
23909,8451.53
23910,5767.2544
23911,7012.7383
23912,12936.286
23913,5951.9707
23914,7209.5176
23915,7944.265
23916,5243.4526
23917,6546.906
23918,5935.603
23919,12600.249
23920,5888.3984
23921,5382.4487
23922,11065.428
23923,6134.5273
23924,10577.962
23925,6005.948
23926,7697.759
23927,6128.194
23928,10150.9
23929,10456.099
23930,5920.7485
23931,9863.552
23932,8935.203
23933,4932.873
23934,13259.413
23935,6321.4106
23936,7173.4243
23937,7199.0933
23938,6511.8364
23939,7379.588
23940,5557.381
23941,6197.2324
23942,6899.5435
23943,4127.85
23944,6505.734
23945,8155.6274
23946,11166.847
23947,6758.87
23948,8322.938
23949,9922.543
23950,7728.4067
23951,5686.747
23952,5748.4604
23953,11508.832
23954,7554.9307
23955,6460.1426
23956,10387.206
23957,9800.47
23958,5701.776
23959,5151.1074
23960,7473.4565
23961,8932.161
23962,7627.0796
23963,6836.649
23964,8050.796
23965,10414.427
23966,9986.888
23967,10562.708
23968,4468.9663
23969,11445.519
23970,7601.182
23971,9364.507
23972,12489.386
23973,11056.714
23974,11904.243
23975,8498.583
23976,6284.216
23977,4423.1123
23978,6941.737
23979,4960.684
23980,9695.188
23981,5448.198
23982,5507.0347
23983,7974.3047
23984,6203.442
23985,8492.506
23986,6276.159
23987,9202.318
23988,5526.863
23989,7437.2974
23990,5435.6836
23991,8715.618
23992,5669.805
23993,11196.697
23994,5449.0664
23995,7435.503
23996,7604.663
23997,7130.659
23998,5723.9487
23999,5078.4585
24000,6736.383
24001,4779.5596
24002,7177.1333
24003,7182.6943
24004,7067.377
24005,10808.837
24006,8489.615
24007,9628.591
24008,7217.8706
24009,5822.4834
24010,10715.9
24011,4277.328
24012,6921.189
24013,8574.729
24014,9345.689
24015,6093.7397
24016,4180.222
24017,4744.0356
24018,9678.393
24019,5831.4316
24020,6488.667
24021,9228.22
24022,6071.1772
24023,8537.882
24024,12458.37
24025,9463.164
24026,9648.539
24027,6759.3022
24028,5951.5903
24029,9365.829
24030,6975.221
24031,6834.504
24032,5908.112
24033,9318.239
24034,11733.415
24035,6145.403
24036,7404.4834
24037,12743.792
24038,6119.4146
24039,5502.587
24040,5446.3174
24041,6878.937
24042,5875.203
24043,6955.894
24044,6534.366
24045,4274.3467
24046,7286.6064
24047,5452.4873
24048,12087.63
24049,9161.071
24050,13473.451
24051,8120.2876
24052,4941.694
24053,12121.977
24054,8382.121
24055,5354.454
24056,12070.338
24057,9804.35
24058,9939.678
24059,7298.4033
24060,7518.112
24061,9616.595
24062,5574.9277
24063,6400.789
24064,4700.581
24065,6062.104
24066,5848.2485
24067,11362.442
24068,5060.982
24069,4428.335
24070,8054.974
24071,8194.927
24072,5844.3003
24073,7405.3096
24074,5380.1494
24075,10616.551
24076,9674.442
24077,8959.481
24078,5819.7793
24079,4451.2505
24080,7191.2563
24081,5406.014
24082,8106.4204
24083,9426.429
24084,5928.6885
24085,6890.573
24086,4903.5757
24087,12325.845
24088,4152.1333
24089,7491.6553
24090,9079.703
24091,9747.231
24092,5041.6895
24093,7542.0356
24094,6231.326
24095,7456.2334
24096,8866.667
24097,5133.572
24098,7108.0537
24099,9384.768
24100,6628.268
24101,5791.073
24102,8989.912
24103,9318.0
24104,9906.723
24105,9177.88
24106,6097.426
24107,4183.537
24108,9049.857
24109,7455.785
24110,8911.22
24111,8823.036
24112,4169.8315
24113,8864.705
24114,9085.715
24115,8412.437
24116,5351.86
24117,9626.268
24118,3772.0054
24119,9936.73
24120,9813.48
24121,5873.5
24122,11595.853
24123,3612.7285
24124,8354.513
24125,8550.807
24126,6374.6025
24127,9236.9375
24128,8108.825
24129,5080.857
24130,11515.365
24131,5003.8643
24132,5443.674
24133,4496.242
24134,5556.5645
24135,9077.547
24136,5493.3994
24137,9818.91
24138,12054.438
24139,9325.868
24140,4551.4937
24141,9653.896
24142,9444.094
24143,4032.2937
24144,4657.405
24145,9767.594
24146,5899.0234
24147,9566.874
24148,7159.227
24149,6737.957
24150,5804.9766
24151,7636.4478
24152,7627.0215
24153,5438.66
24154,5299.3296
24155,4839.3633
24156,9996.074
24157,9996.989
24158,5850.709
24159,9045.482
24160,9147.407
24161,4119.1846
24162,9970.518
24163,3612.7458
24164,5465.0464
24165,4104.1743
24166,5786.8
24167,6793.6426
24168,6608.7925
24169,11250.155
24170,26219.963
24171,7921.3545
24172,6059.7627
24173,9076.109
24174,9840.633
24175,12103.538
24176,6330.4253
24177,9459.744
24178,6996.3965
24179,5938.004
24180,4303.739
24181,9592.576
24182,5247.5005
24183,4988.709
24184,9623.091
24185,6589.4814
24186,5094.382
24187,9571.072
24188,6992.307
24189,4124.701
24190,9964.414
24191,9734.577
24192,10234.563
24193,7261.463
24194,6069.3823
24195,12342.573
24196,7800.8135
24197,7867.5024
24198,6733.0166
24199,10713.734
24200,5852.0874
24201,6912.9883
24202,12042.901
24203,5371.3755
24204,6833.389
24205,8455.529
24206,4150.288
24207,5498.5474
24208,11610.405
24209,7378.0186
24210,6825.1753
24211,8690.566
24212,8048.761
24213,5790.549
24214,7605.294
24215,13259.882
24216,4439.2505
24217,6040.563
24218,4799.0117
24219,10626.216
24220,5325.5376
24221,5691.6094
24222,6500.226
24223,9994.52
24224,5165.011
24225,15373.825
24226,12115.677
24227,5088.6655
24228,6829.239
24229,5507.2446
24230,9623.128
24231,12545.077
24232,4830.4575
24233,4337.675
24234,7094.0537
24235,6396.474
24236,9537.574
24237,5125.215
24238,5736.328
24239,4535.545
24240,7187.375
24241,4448.339
24242,6323.383
24243,9783.574
24244,12155.655
24245,5861.305
24246,11933.72
24247,7584.2793
24248,9722.098
24249,5117.804
24250,5590.749
24251,10054.794
24252,4863.83
24253,8413.359
24254,5775.115
24255,5590.85
24256,6054.938
24257,4758.4707
24258,6672.741
24259,12579.224
24260,7197.219
24261,6054.465
24262,10165.511
24263,9158.267
24264,5770.611
24265,5473.738
24266,9566.116
24267,12226.814
24268,8106.6216
24269,9577.236
24270,7718.035
24271,7005.311
24272,9822.048
24273,5856.644
24274,6001.178
24275,8505.087
24276,11789.243
24277,5564.924
24278,6584.2104
24279,3985.6008
24280,6637.6504
24281,5640.3916
24282,4840.3926
24283,7360.917
24284,7410.998
24285,5206.125
24286,13530.679
24287,4671.919
24288,7768.6035
24289,11883.54
24290,6401.296
24291,6217.606
24292,5199.7725
24293,6623.446
24294,10024.707
24295,5291.6826
24296,7701.6216
24297,9724.23
24298,7516.5776
24299,6243.0107
24300,5442.049
24301,9444.337
24302,7549.9385
24303,11240.717
24304,11551.842
24305,7270.958
24306,9687.415
24307,4626.653
24308,7362.6934
24309,5695.21
24310,9738.357
24311,6985.7476
24312,13385.649
24313,12612.14
24314,10281.172
24315,6029.056
24316,6643.1924
24317,7056.2363
24318,6177.261
24319,9624.651
24320,10141.804
24321,4839.5757
24322,9232.851
24323,6821.778
24324,6585.7744
24325,9500.984
24326,7593.9575
24327,9799.815
24328,9434.38
24329,12421.98
24330,10157.699
24331,4429.995
24332,11919.08
24333,9772.066
24334,12053.795
24335,6127.399
24336,5668.475
24337,9838.794
24338,5054.0205
24339,6468.0225
24340,6989.633
24341,11277.593
24342,7509.4473
24343,4340.22
24344,6891.7563
24345,4973.6567
24346,4973.1826
24347,10168.585
24348,6755.435
24349,5376.8813
24350,5788.257
24351,12657.92
24352,6330.2017
24353,9799.638
24354,5404.6685
24355,8095.132
24356,7114.375
24357,6933.3135
24358,7693.582
24359,9647.058
24360,12459.713
24361,6214.6235
24362,7931.205
24363,4013.023
24364,5974.6772
24365,8859.583
24366,5386.136
24367,7419.209
24368,5850.7983
24369,5256.9893
24370,6696.3315
24371,10358.032
24372,8019.9634
24373,6045.399
24374,9504.71
24375,9129.382
24376,10031.747
24377,12604.756
24378,9906.033
24379,6690.3813
24380,10118.991
24381,6979.0674
24382,6413.8857
24383,9941.536
24384,7799.013
24385,5521.9834
24386,10313.159
24387,7679.821
24388,13713.996
24389,6069.6255
24390,5984.1045
24391,7734.3945
24392,10160.228
24393,9586.019
24394,13435.737
24395,7742.8164
24396,7163.7217
24397,9812.666
24398,4188.6445
24399,9819.416
24400,9825.571
24401,6868.958
24402,24272.402
24403,6794.55
24404,4832.799
24405,11974.033
24406,6667.435
24407,6939.44
24408,4786.997
24409,13120.383
24410,6291.797
24411,5167.761
24412,9418.062
24413,7413.7764
24414,6953.148
24415,5980.316
24416,7788.487
24417,11524.7705
24418,10339.437
24419,13891.13
24420,9941.489
24421,4438.1753
24422,8867.902
24423,13415.007
24424,6327.081
24425,7478.883
24426,5850.2793
24427,6666.6147
24428,5745.0786
24429,10783.249
24430,8678.87
24431,6767.921
24432,9587.637
24433,4541.2593
24434,5197.972
24435,6179.7544
24436,6700.887
24437,7691.08
24438,4951.409
24439,9345.395
24440,8680.418
24441,7354.622
24442,9239.132
24443,7401.433
24444,7455.97
24445,6705.382
24446,5284.006
24447,11092.869
24448,6256.805
24449,6479.8164
24450,12747.487
24451,6124.571
24452,10122.959
24453,10231.664
24454,5415.924
24455,4592.2866
24456,9856.799
24457,4818.1387
24458,7710.2725
24459,4366.0522
24460,9167.399
24461,12536.334
24462,7490.884
24463,8134.52
24464,5976.558
24465,6542.3984
24466,8118.0728
24467,6054.02
24468,13264.865
24469,10981.622
24470,9237.114
24471,9896.127
24472,5665.5723
24473,6045.601
24474,5252.1973
24475,5915.296
24476,5359.911
24477,8082.271
24478,9112.453
24479,9705.208
24480,7631.7876
24481,10606.289
24482,9324.658
24483,5366.577
24484,10271.293
24485,5627.8486
24486,5985.8403
24487,6970.499
24488,3960.0203
24489,7826.5474
24490,8005.4424
24491,14584.189
24492,5529.695
24493,6385.8916
24494,5632.6978
24495,5586.2446
24496,5221.0537
24497,9514.959
24498,7787.7964
24499,8827.202
24500,9931.766
24501,5284.8877
24502,11445.77
24503,5270.1885
24504,10044.806
24505,7442.2075
24506,10404.776
24507,5108.9517
24508,6288.953
24509,6898.32
24510,5203.32
24511,6853.99
24512,11052.096
24513,7167.1597
24514,5371.4937
24515,10286.38
24516,6198.391
24517,4387.675
24518,8473.056
24519,6575.2983
24520,6011.1177
24521,4741.0005
24522,5445.019
24523,12073.239
24524,5747.1504
24525,5577.848
24526,7585.451
24527,10052.55
24528,5360.949
24529,7648.4897
24530,8428.482
24531,10109.345
24532,4511.8853
24533,10940.548
24534,5727.209
24535,8269.944
24536,13971.702
24537,5865.9585
24538,6358.971
24539,7310.1143
24540,9777.996
24541,5891.393
24542,8009.7046
24543,7427.812
24544,7736.18
24545,9893.353
24546,4665.4795
24547,5054.884
24548,7945.8867
24549,4416.1016
24550,12805.711
24551,6233.9717
24552,6537.851
24553,7124.4253
24554,10245.961
24555,10478.142
24556,8212.501
24557,4395.102
24558,6788.759
24559,4844.2866
24560,6141.688
24561,7546.2095
24562,9615.312
24563,13501.095
24564,8091.666
24565,11727.978
24566,11043.202
24567,7960.5728
24568,10082.037
24569,13807.335
24570,6900.3203
24571,6561.3403
24572,5322.0186
24573,7576.0303
24574,7055.772
24575,8746.204
24576,5358.2397
24577,11145.481
24578,10231.674
24579,10153.9795
24580,5123.651
24581,8768.13
24582,4492.469
24583,13937.577
24584,9304.261
24585,10233.304
24586,9521.25
24587,6246.495
24588,5975.657
24589,4230.5947
24590,6170.601
24591,4878.918
24592,4692.343
24593,10492.252
24594,11278.723
24595,10730.536
24596,13227.066
24597,12156.907
24598,2661.544
24599,9963.986
24600,4543.946
24601,14453.004
24602,7168.055
24603,8792.776
24604,13049.286
24605,9013.823
24606,7856.854
24607,11006.61
24608,9705.708
24609,11298.694
24610,4561.26
24611,6044.6206
24612,7563.6475
24613,10801.798
24614,12862.408
24615,10815.55
24616,7349.1943
24617,6214.0723
24618,6889.272
24619,5866.6914
24620,7905.1646
24621,9782.072
24622,5621.7324
24623,4872.788
24624,6374.797
24625,9245.929
24626,6015.569
24627,10051.227
24628,6342.059
24629,9605.009
24630,10549.801
24631,9820.783
24632,5600.7676
24633,6947.937
24634,12652.972
24635,8293.049
24636,7901.9307
24637,4007.9233
24638,9191.94
24639,6098.7173
24640,7565.646
24641,7758.4
24642,9956.919
24643,5767.3477
24644,8709.228
24645,2580.277
24646,10264.584
24647,6065.713
24648,11192.544
24649,10973.571
24650,7729.8076
24651,13770.577
24652,12229.532
24653,4660.76
24654,5258.609
24655,6339.61
24656,6136.6987
24657,6319.0654
24658,14144.863
24659,10305.136
24660,13854.955
24661,5168.1606
24662,7084.3574
24663,11616.996
24664,8180.0737
24665,10328.21
24666,6405.107
24667,12112.269
24668,12242.579
24669,10488.24
24670,8216.959
24671,6355.3877
24672,9502.616
24673,11153.51
24674,10183.997
24675,6185.7046
24676,5983.711
24677,14179.996
24678,9723.721
24679,6078.455
24680,7168.896
24681,7737.1543
24682,6560.9585
24683,6164.248
24684,5257.155
24685,10086.365
24686,4702.8774
24687,13585.973
24688,10117.824
24689,8474.139
24690,5879.2505
24691,6508.291
24692,10620.318
24693,10009.621
24694,4899.527
24695,12808.08
24696,7707.6694
24697,9809.139
24698,5052.5024
24699,7174.6147
24700,12141.241
24701,10314.576
24702,9343.042
24703,7043.554
24704,11761.549
24705,11654.995
24706,5529.0513
24707,10712.783
24708,6660.4688
24709,5615.8047
24710,7787.098
24711,4326.1665
24712,7608.1235
24713,9704.145
24714,5599.763
24715,10643.783
24716,10021.237
24717,9257.108
24718,8480.364
24719,10231.41
24720,5384.6567
24721,7425.0493
24722,6349.2803
24723,9876.91
24724,8057.533
24725,12167.114
24726,6824.264
24727,6026.3716
24728,7108.3657
24729,7918.7705
24730,14398.796
24731,7808.473
24732,10101.287
24733,10138.554
24734,7523.994
24735,6437.9614
24736,6903.9146
24737,8039.8
24738,8320.033
24739,4468.6763
24740,9748.05
24741,13037.194
24742,13756.243
24743,7451.811
24744,5216.753
24745,7817.2812
24746,5932.286
24747,6260.405
24748,7100.823
24749,6019.4546
24750,5928.304
24751,6401.5156
24752,13341.754
24753,10490.691
24754,10027.251
24755,14006.2705
24756,6918.338
24757,8363.921
24758,6839.2188
24759,8097.526
24760,5199.45
24761,10599.119
24762,9637.052
24763,5893.675
24764,6543.522
24765,8568.522
24766,5847.819
24767,7110.2505
24768,13120.445
24769,6034.309
24770,7310.1006
24771,8054.1753
24772,5317.0054
24773,6637.2515
24774,6019.8623
24775,12774.519
24776,5970.376
24777,5458.763
24778,11218.61
24779,6221.7705
24780,10725.859
24781,6088.6094
24782,7804.5347
24783,6213.349
24784,10293.319
24785,10602.102
24786,6003.022
24787,9999.145
24788,9059.547
24789,5002.0557
24790,13445.172
24791,6408.975
24792,7273.7466
24793,7299.329
24794,6602.5425
24795,7482.2505
24796,5633.681
24797,6283.209
24798,6994.8687
24799,4185.461
24800,6595.65
24801,8268.557
24802,11322.751
24803,6852.899
24804,8439.753
24805,10060.674
24806,7833.904
24807,5765.1206
24808,5828.379
24809,11668.832
24810,7659.711
24811,6548.573
24812,10533.0
24813,9938.664
24814,5781.1943
24815,5223.6045
24816,7577.107
24817,9057.163
24818,7733.8267
24819,6930.9663
24820,8162.7017
24821,10558.195
24822,10126.87
24823,10710.679
24824,4528.848
24825,11605.523
24826,7706.4346
24827,9495.83
24828,12657.1
24829,11209.434
24830,12073.78
24831,8616.1455
24832,6371.0586
24833,4484.6597
24834,7038.3965
24835,5030.708
24836,9829.433
24837,5524.8916
24838,5583.5225
24839,8085.517
24840,6290.255
24841,8611.561
24842,6363.291
24843,9330.45
24844,5603.8296
24845,7541.4893
24846,5510.96
24847,8837.725
24848,5748.6797
24849,11351.416
24850,5524.5703
24851,7539.166
24852,7710.287
24853,7231.9355
24854,5803.2993
24855,5147.9194
24856,6830.8413
24857,4845.2104
24858,7277.584
24859,7281.993
24860,7165.478
24861,10957.758
24862,8609.45
24863,9762.751
24864,7319.589
24865,5902.485
24866,10864.805
24867,4335.8755
24868,7017.4956
24869,8689.033
24870,9475.564
24871,6178.428
24872,4238.5645
24873,4809.754
24874,9814.032
24875,5912.7007
24876,6580.324
24877,9358.382
24878,6156.3154
24879,8659.199
24880,12629.786
24881,9594.772
24882,9780.663
24883,6853.337
24884,6033.434
24885,9497.116
24886,7072.421
24887,6929.5186
24888,5990.575
24889,9450.05
24890,11893.303
24891,6231.089
24892,7509.476
24893,12918.975
24894,6203.549
24895,5580.11
24896,5522.6367
24897,6974.822
24898,5956.2925
24899,7054.4326
24900,6625.632
24901,4336.1733
24902,7387.891
24903,5526.657
24904,12259.942
24905,9289.249
24906,13658.716
24907,8233.387
24908,5011.1104
24909,12286.034
24910,8499.069
24911,5428.704
24912,12240.489
24913,9940.199
24914,10077.855
24915,7399.217
24916,7623.3633
24917,9746.153
24918,5652.8657
24919,6489.9854
24920,4766.7705
24921,6146.1826
24922,5930.7305
24923,11519.693
24924,5129.3574
24925,4489.055
24926,8166.0034
24927,8310.12
24928,5925.805
24929,7506.626
24930,5460.768
24931,10767.987
24932,9813.013
24933,9084.181
24934,5901.3364
24935,4513.3354
24936,7290.8125
24937,5482.6577
24938,8218.66
24939,9557.17
24940,6012.4023
24941,6988.473
24942,4972.3047
24943,12495.414
24944,4209.8906
24945,7595.9565
24946,9203.88
24947,9882.695
24948,5113.178
24949,7642.7144
24950,6316.4385
24951,7560.777
24952,8989.269
24953,5205.057
24954,7207.1113
24955,9515.177
24956,6720.6978
24957,5873.0015
24958,9116.209
24959,9450.311
24960,10045.707
24961,9305.051
24962,6181.3047
24963,4243.532
24964,9174.388
24965,7559.428
24966,9036.316
24967,8946.135
24968,4228.331
24969,8987.151
24970,9212.083
24971,8528.172
24972,5425.158
24973,9761.121
24974,3823.5425
24975,10074.703
24976,9949.751
24977,5955.378
24978,11763.052
24979,3664.9766
24980,8470.526
24981,8669.446
24982,6463.397
24983,9364.668
24984,8221.286
24985,5152.0166
24986,11675.879
24987,5073.9556
24988,5519.2188
24989,4559.4023
24990,5634.982
24991,9204.398
24992,5569.4004
24993,9956.909
24994,12222.1045
24995,9455.522
24996,4615.4126
24997,9787.317
24998,9575.025
24999,4087.5107
25000,4722.635
25001,9904.645
25002,5980.259
25003,9699.545
25004,7258.6934
25005,6832.7183
25006,5886.3037
25007,7742.3438
25008,7735.811
25009,5513.531
25010,5373.2617
25011,4907.286
25012,10133.913
25013,10135.827
25014,5932.0767
25015,9175.998
25016,9274.615
25017,4176.133
25018,10109.75
25019,3663.6309
25020,5541.7017
25021,4160.9473
25022,5867.2563
25023,6888.635
25024,6702.3574
25025,11409.562
25026,26598.742
25027,8031.53
25028,6144.2075
25029,9203.283
25030,9979.146
25031,12274.591
25032,6418.421
25033,9591.634
25034,7094.5547
25035,6021.0913
25036,4362.302
25037,9725.242
25038,5322.2773
25039,5057.3145
25040,9756.216
25041,6681.4727
25042,5164.578
25043,9706.181
25044,7090.773
25045,4184.02
25046,10103.812
25047,9868.492
25048,10376.344
25049,7362.6724
25050,6153.292
25051,12511.251
25052,7909.2524
25053,7977.72
25054,6827.5586
25055,10862.961
25056,5933.3047
25057,7007.71
25058,12216.476
25059,5444.941
25060,6927.1
25061,8578.736
25062,4207.4614
25063,5576.2417
25064,11772.805
25065,7480.4883
25066,6923.6587
25067,8812.691
25068,8158.3584
25069,5871.0522
25070,7711.7437
25071,13445.646
25072,4500.0864
25073,6124.051
25074,4866.828
25075,10773.227
25076,5399.433
25077,5771.4478
25078,6591.0405
25079,10134.165
25080,5238.1035
25081,15589.574
25082,12284.147
25083,5160.4365
25084,6923.467
25085,5583.4746
25086,9757.565
25087,12720.174
25088,4898.069
25089,4398.5913
25090,7192.23
25091,6485.697
25092,9670.891
25093,5197.2334
25094,5816.577
25095,4599.1343
25096,7288.4067
25097,4512.0186
25098,6413.898
25099,9919.601
25100,12324.764
25101,5943.058
25102,12109.08
25103,7692.012
25104,9860.457
25105,5190.6543
25106,5667.664
25107,10194.328
25108,4931.8945
25109,8531.508
25110,5855.812
25111,5668.07
25112,6140.1475
25113,4824.1904
25114,6765.41
25115,12754.76
25116,7297.8184
25117,6138.502
25118,10307.033
25119,9289.275
25120,5850.586
25121,5552.925
25122,9699.046
25123,12397.434
25124,8216.466
25125,9712.663
25126,7826.6445
25127,7103.093
25128,9957.508
25129,5938.0776
25130,6084.5923
25131,8623.882
25132,11947.853
25133,5642.431
25134,6677.6753
25135,4041.9558
25136,6728.2275
25137,5718.9717
25138,4906.5234
25139,7463.448
25140,7513.732
25141,5278.429
25142,13723.81
25143,4736.2
25144,7878.0977
25145,12048.714
25146,6491.9854
25147,6303.655
25148,5273.13
25149,6715.879
25150,10165.113
25151,5365.712
25152,7806.634
25153,9858.83
25154,7620.339
25155,6329.9966
25156,5516.1665
25157,9576.679
25158,7655.2993
25159,11397.337
25160,11716.764
25161,7372.5454
25162,9821.982
25163,4692.231
25164,7465.171
25165,5774.702
25166,9875.355
25167,7084.128
25168,13573.099
25169,12784.94
25170,10421.134
25171,6113.015
25172,6735.014
25173,7154.5786
25174,6263.3555
25175,9757.789
25176,10283.1045
25177,4905.6343
25178,9360.658
25179,6916.029
25180,6678.0767
25181,9632.394
25182,7699.947
25183,9935.943
25184,9566.372
25185,12596.079
25186,10299.574
25187,4492.5938
25188,12085.07
25189,9907.498
25190,12221.404
25191,6212.8867
25192,5746.6514
25193,9973.9795
25194,5126.2466
25195,6557.987
25196,7087.676
25197,11434.498
25198,7615.086
25199,4400.0728
25200,6987.9067
25201,5041.4536
25202,5041.016
25203,10310.71
25204,6848.9976
25205,5451.889
25206,5868.2134
25207,12835.46
25208,6418.1577
25209,9937.849
25210,5480.1113
25211,8205.666
25212,7213.1904
25213,7030.365
25214,7801.007
25215,9781.494
25216,12628.582
25217,6304.28
25218,8042.3843
25219,4069.1174
25220,6060.41
25221,8984.349
25222,5461.008
25223,7521.0596
25224,5930.968
25225,5330.259
25226,6790.19
25227,10502.194
25228,8130.7734
25229,6131.246
25230,9637.145
25231,9255.758
25232,10170.359
25233,12780.125
25234,10043.762
25235,6782.448
25236,10257.352
25237,7076.0513
25238,6501.9746
25239,10082.076
25240,7907.94
25241,5601.7666
25242,10455.132
25243,7786.6377
25244,13904.782
25245,6154.0845
25246,6068.653
25247,7841.903
25248,10301.785
25249,9720.03
25250,13619.366
25251,7851.026
25252,7263.354
25253,9947.199
25254,4248.133
25255,9957.593
25256,9960.88
25257,6964.943
25258,24613.047
25259,6888.7397
25260,4899.111
25261,12136.969
25262,6759.2637
25263,7035.9736
25264,4855.1577
25265,13311.555
25266,6380.2354
25267,5240.8022
25268,9548.506
25269,7518.105
25270,7049.563
25271,6064.7236
25272,7896.9653
25273,11684.991
25274,10484.71
25275,14083.507
25276,10079.239
25277,4499.3613
25278,8992.21
25279,13601.206
25280,6414.663
25281,7584.742
25282,5931.296
25283,6759.0894
25284,5826.3447
25285,10929.597
25286,8800.042
25287,6861.4536
25288,9721.05
25289,4604.564
25290,5270.2236
25291,6265.9487
25292,6794.226
25293,7797.704
25294,5020.5884
25295,9476.612
25296,8798.548
25297,7456.823
25298,9367.205
25299,7504.543
25300,7559.854
25301,6799.1787
25302,5357.4683
25303,11246.508
25304,6343.572
25305,6569.3936
25306,12926.444
25307,6210.132
25308,10263.83
25309,10373.791
25310,5490.5283
25311,4658.88
25312,9994.835
25313,4885.4795
25314,7816.9385
25315,4425.826
25316,9295.16
25317,12713.83
25318,7594.544
25319,8247.856
25320,6059.248
25321,6634.568
25322,8229.83
25323,6137.864
25324,13441.107
25325,11134.687
25326,9368.107
25327,10032.732
25328,5744.509
25329,6130.0005
25330,5324.964
25331,5997.3213
25332,5434.615
25333,8194.942
25334,9239.616
25335,9840.286
25336,7738.217
25337,10754.942
25338,9452.159
25339,5444.531
25340,10414.348
25341,5706.0034
25342,6068.977
25343,7067.9834
25344,4013.624
25345,7939.4243
25346,8115.5024
25347,14784.289
25348,5607.3154
25349,6476.307
25350,5709.635
25351,5662.914
25352,5294.9844
25353,9649.358
25354,7895.783
25355,8950.053
25356,10068.594
25357,5358.4854
25358,11601.849
25359,5344.254
25360,10183.842
25361,7544.475
25362,10550.998
25363,5180.267
25364,6376.7007
25365,6993.1006
25366,5275.852
25367,6950.3896
25368,11204.367
25369,7268.1567
25370,5446.25
25371,10429.297
25372,6284.9414
25373,4448.9116
25374,8587.995
25375,6666.2207
25376,6095.856
25377,4807.2954
25378,5521.8887
25379,12242.906
25380,5827.5674
25381,5656.253
25382,7692.056
25383,10193.511
25384,5435.611
25385,7754.4937
25386,8546.273
25387,10250.027
25388,4574.5845
25389,11093.177
25390,5806.716
25391,8385.928
25392,14164.425
25393,5947.76
25394,6447.794
25395,7409.5205
25396,9912.403
25397,5974.563
25398,8122.302
25399,7530.147
25400,7846.003
25401,10031.929
25402,4728.531
25403,5125.4985
25404,8056.2266
25405,4478.128
25406,12983.069
25407,6320.9824
25408,6627.452
25409,7222.216
25410,10388.1875
25411,10625.628
25412,8327.949
25413,4457.4756
25414,6883.2754
25415,4911.1445
25416,6226.365
25417,7650.8687
25418,9749.397
25419,13692.667
25420,8204.108
25421,11892.1455
25422,11188.798
25423,8072.6255
25424,10221.715
25425,13997.751
25426,6996.6035
25427,6653.167
25428,5396.5913
25429,7682.759
25430,7155.384
25431,8870.211
25432,5432.0654
25433,11298.08
25434,10370.655
25435,10294.762
25436,5195.241
25437,8892.252
25438,4555.4463
25439,14134.951
25440,9434.479
25441,10376.156
25442,9653.326
25443,6333.3604
25444,6059.838
25445,4289.1523
25446,6257.157
25447,4946.7637
25448,4757.8486
25449,10638.182
25450,11434.76
25451,10880.599
25452,13401.988
25453,12327.644
25454,2698.5562
25455,10106.279
25456,4609.1255
25457,14656.657
25458,7267.443
25459,8915.334
25460,13235.875
25461,9137.414
25462,7966.3525
25463,11159.809
25464,9840.624
25465,11456.155
25466,4624.473
25467,6127.533
25468,7670.7725
25469,10953.756
25470,13038.749
25471,10964.793
25472,7449.1816
25473,6301.5146
25474,6984.635
25475,5944.4473
25476,8015.459
25477,9917.094
25478,5700.3564
25479,4937.1753
25480,6463.7363
25481,9376.546
25482,6098.7056
25483,10189.001
25484,6430.02
25485,9733.398
25486,10696.285
25487,9955.19
25488,5684.312
25489,7044.7837
25490,12827.615
25491,8409.011
25492,8008.9863
25493,4063.3884
25494,9319.315
25495,6185.28
25496,7671.614
25497,7866.2344
25498,10094.758
25499,5848.3267
25500,8829.426
25501,2616.5627
25502,10407.416
25503,6150.657
25504,11347.422
25505,11126.873
25506,7839.1284
25507,13965.547
25508,12399.207
25509,4724.1484
25510,5331.7134
25511,6427.0586
25512,6221.7646
25513,6406.066
25514,14348.43
25515,10448.5625
25516,14052.245
25517,5241.5376
25518,7183.818
25519,11777.566
25520,8293.935
25521,10471.907
25522,6495.0137
25523,12285.155
25524,12411.405
25525,10634.042
25526,8330.221
25527,6443.982
25528,9635.205
25529,11309.605
25530,10327.56
25531,6271.019
25532,6065.1807
25533,14377.868
25534,9860.015
25535,6162.361
25536,7268.5034
25537,7845.0376
25538,6653.1353
25539,6249.362
25540,5330.239
25541,10228.591
25542,4766.4023
25543,13771.392
25544,10258.115
25545,8589.994
25546,5961.6465
25547,6597.997
25548,10769.086
25549,10149.951
25550,4968.5073
25551,12983.366
25552,7815.8276
25553,9948.755
25554,5124.301
25555,7274.607
25556,12310.161
25557,10457.296
25558,9471.986
25559,7143.0894
25560,11926.255
25561,11814.04
25562,5604.1606
25563,10861.334
25564,6753.5923
25565,5696.2314
25566,7895.0977
25567,4385.717
25568,7713.45
25569,9838.906
25570,5677.7935
25571,10792.386
25572,10157.05
25573,9384.804
25574,8597.568
25575,10374.474
25576,5458.8726
25577,7527.9424
25578,6438.5693
25579,10015.446
25580,8170.2026
25581,12345.869
25582,6919.0044
25583,6110.1294
25584,7206.245
25585,8024.5234
25586,14599.066
25587,7916.8374
25588,10240.031
25589,10281.388
25590,7630.063
25591,6527.3706
25592,6999.6
25593,8152.369
25594,8436.461
25595,4530.464
25596,9883.893
25597,13218.592
25598,13946.34
25599,7552.7617
25600,5290.633
25601,7926.7505
25602,6014.14
25603,6347.712
25604,7199.9175
25605,6102.9653
25606,6008.4697
25607,6489.1
25608,13523.918
25609,10636.974
25610,10168.73
25611,14202.41
25612,7016.853
25613,8478.86
25614,6934.861
25615,8209.689
25616,5272.325
25617,10746.616
25618,9770.557
25619,5975.452
25620,6634.055
25621,8688.784
25622,5928.6265
25623,7209.1533
25624,13303.863
25625,6118.662
25626,7412.5884
25627,8167.234
25628,5391.7188
25629,6730.6284
25630,6102.767
25631,12954.053
25632,6054.222
25633,5532.8706
25634,11376.171
25635,6308.448
25636,10875.95
25637,6174.3633
25638,7912.6704
25639,6299.988
25640,10436.681
25641,10749.414
25642,6085.9795
25643,10139.066
25644,9185.85
25645,5070.98
25646,13632.036
25647,6498.5337
25648,7375.8022
25649,7400.5225
25650,6693.9814
25651,7586.891
25652,5716.457
25653,6370.2627
25654,7092.403
25655,4243.953
25656,6688.4165
25657,8383.225
25658,11478.784
25659,6948.1626
25660,8557.366
25661,10200.669
25662,7942.583
25663,5845.9727
25664,5910.316
25665,11833.347
25666,7766.7217
25667,6640.4937
25668,10679.292
25669,10072.531
25670,5861.579
25671,5296.1665
25672,7683.169
25673,9183.187
25674,7841.6113
25675,7026.9863
25676,8278.041
25677,10705.849
25678,10268.139
25679,10859.014
25680,4596.3447
25681,11766.956
25682,7817.274
25683,9626.892
25684,12837.48
25685,11368.253
25686,12239.766
25687,8736.383
25688,6459.5083
25689,4547.909
25690,7135.3467
25691,5099.6426
25692,9967.113
25693,5600.73
25694,5661.71
25695,8198.093
25696,6377.8623
25697,8730.128
25698,6451.676
25699,9461.341
25700,5681.8945
25701,7645.266
25702,5588.4297
25703,8960.14
25704,5828.8184
25705,11510.775
25706,5601.3604
25707,7643.618
25708,7817.7065
25709,7328.971
25710,5884.463
25711,5219.56
25712,6925.184
25713,4913.3096
25714,7378.8
25715,7383.735
25716,7265.0864
25717,11111.962
25718,8728.362
25719,9900.347
25720,7421.1978
25721,5984.955
25722,11020.423
25723,4397.639
25724,7115.461
25725,8812.75
25726,9607.474
25727,6262.818
25728,4296.8965
25729,4876.5776
25730,9950.473
25731,5995.6055
25732,6675.9688
25733,9490.777
25734,6241.992
25735,8777.761
25736,12810.938
25737,9727.078
25738,9915.618
25739,6949.3555
25740,6118.9185
25741,9628.545
25742,7171.146
25743,7026.5776
25744,6075.383
25745,9578.387
25746,12060.925
25747,6317.2876
25748,7612.7983
25749,13100.177
25750,6291.341
25751,5656.2363
25752,5600.137
25753,7071.908
25754,6039.2266
25755,7153.3843
25756,6717.9805
25757,4394.4897
25758,7490.441
25759,5602.611
25760,12434.213
25761,9418.224
25762,13847.795
25763,8346.437
25764,5079.432
25765,12461.389
25766,8617.058
25767,5504.225
25768,12410.281
25769,10079.432
25770,10218.869
25771,7502.188
25772,7728.6797
25773,9886.193
25774,5732.0566
25775,6580.2363
25776,4831.439
25777,6232.182
25778,6013.085
25779,11679.309
25780,5203.166
25781,4552.792
25782,8280.513
25783,8424.384
25784,6008.447
25785,7610.7
25786,5538.0293
25787,10917.084
25788,9944.068
25789,9210.766
25790,5983.1514
25791,4575.6797
25792,7394.4053
25793,5558.144
25794,8333.3125
25795,9691.353
25796,6096.3096
25797,7083.9995
25798,5041.117
25799,12668.972
25800,4269.3877
25801,7702.0034
25802,9333.726
25803,10021.026
25804,5183.2427
25805,7749.9834
25806,6404.936
25807,7665.8574
25808,9116.287
25809,5278.0215
25810,7307.34
25811,9648.953
25812,6813.838
25813,5954.2534
25814,9242.684
25815,9580.434
25816,10185.202
25817,9435.954
25818,6269.5234
25819,4301.9697
25820,9303.036
25821,7663.496
25822,9156.8
25823,9070.52
25824,4287.275
25825,9112.818
25826,9340.066
25827,8647.463
25828,5500.6245
25829,9893.569
25830,3878.306
25831,10215.303
25832,10089.127
25833,6039.036
25834,11918.432
25835,3715.2324
25836,8589.896
25837,8792.524
25838,6554.0093
25839,9495.214
25840,8335.721
25841,5222.7275
25842,11840.628
25843,5144.714
25844,5596.0684
25845,4622.299
25846,5712.315
25847,9333.146
25848,5646.5605
25849,10094.488
25850,12397.953
25851,9587.253
25852,4678.3853
25853,9925.099
25854,9709.468
25855,4146.0537
25856,4788.3667
25857,10042.401
25858,6063.7754
25859,9835.595
25860,7359.443
25861,6927.3574
25862,5967.7456
25863,7849.1016
25864,7843.2417
25865,5589.736
25866,5447.954
25867,4976.718
25868,10275.545
25869,10276.662
25870,6014.3984
25871,9303.1875
25872,9404.911
25873,4234.329
25874,10250.75
25875,3714.219
25876,5618.666
25877,4219.0483
25878,5949.666
25879,6984.4614
25880,6793.999
25881,11566.593
25882,26960.357
25883,8143.727
25884,6229.389
25885,9331.937
25886,10118.847
25887,12446.541
25888,6506.15
25889,9725.863
25890,7192.0723
25891,6104.7466
25892,4422.927
25893,9861.247
25894,5396.7715
25895,5128.5845
25896,9892.871
25897,6774.457
25898,5236.325
25899,9838.794
25900,7189.809
25901,4242.0913
25902,10243.997
25903,10002.912
25904,10523.01
25905,7464.8506
25906,6239.421
25907,12690.304
25908,8017.21
25909,8088.8574
25910,6922.0474
25911,11014.843
25912,6015.953
25913,7108.108
25914,12388.344
25915,5518.808
25916,7024.132
25917,8696.412
25918,4266.0537
25919,5651.868
25920,11939.173
25921,7584.974
25922,7020.8833
25923,8936.941
25924,8273.463
25925,5953.6567
25926,7819.2427
25927,13630.802
25928,4562.67
25929,6209.5635
25930,4934.3457
25931,10922.7295
25932,5474.7144
25933,5850.67
25934,6682.0845
25935,10274.722
25936,5310.1177
25937,15804.643
25938,12454.426
25939,5230.839
25940,7020.0864
25941,5662.52
25942,9893.324
25943,12896.705
25944,4963.7275
25945,4459.457
25946,7292.9683
25947,6576.2393
25948,9805.098
25949,5268.0977
25950,5897.859
25951,4662.574
25952,7390.2383
25953,4573.1226
25954,6504.2017
25955,10057.259
25956,12494.7705
25957,6025.6587
25958,12267.3
25959,7798.418
25960,9999.307
25961,5263.306
25962,5747.885
25963,10335.867
25964,4999.6084
25965,8650.978
25966,5937.2676
25967,5747.3145
25968,6224.4473
25969,4889.428
25970,6859.589
25971,12934.3125
25972,7398.871
25973,6223.723
25974,10450.964
25975,9417.801
25976,5932.2466
25977,5625.782
25978,9835.21
25979,12568.227
25980,8333.32
25981,9847.778
25982,7934.844
25983,7201.3184
25984,10095.614
25985,6021.821
25986,6167.3647
25987,8745.671
25988,12110.663
25989,5720.5645
25990,6768.9863
25991,4097.384
25992,6824.4595
25993,5799.636
25994,4977.1733
25995,7566.873
25996,7617.432
25997,5349.8594
25998,13914.652
25999,4803.3994
26000,7986.0796
26001,12216.51
26002,6580.7637
26003,6392.028
26004,5344.8657
26005,6810.8296
26006,10306.315
26007,5438.754
26008,7916.981
26009,9996.351
26010,7727.0947
26011,6417.992
26012,5592.44
26013,9709.801
26014,7761.005
26015,11560.792
26016,11878.996
26017,7474.3833
26018,9958.447
26019,4756.6777
26020,7568.988
26021,5855.812
26022,10011.292
26023,7182.66
26024,13761.964
26025,12962.716
26026,10570.882
26027,6197.853
26028,6829.219
26029,7254.2983
26030,6351.255
26031,9894.107
26032,10425.796
26033,4977.349
26034,9491.203
26035,7014.752
26036,6771.0786
26037,9765.907
26038,7806.1353
26039,10073.877
26040,9698.703
26041,12771.181
26042,10443.123
26043,4554.0776
26044,12252.952
26045,10044.979
26046,12393.945
26047,6299.5435
26048,5828.9683
26049,10114.254
26050,5198.458
26051,6648.9673
26052,7185.7573
26053,11595.134
26054,7720.531
26055,4463.879
26056,7085.5537
26057,5112.203
26058,5112.915
26059,10453.716
26060,6944.4985
26061,5529.1567
26062,5950.5913
26063,13014.373
26064,6507.453
26065,10074.348
26066,5555.7803
26067,8319.771
26068,7313.504
26069,7128.5376
26070,7908.4375
26071,9916.564
26072,12807.494
26073,6389.0596
26074,8154.313
26075,4124.4136
26076,6143.9204
26077,9108.482
26078,5537.5435
26079,7626.236
26080,6014.123
26081,5404.7046
26082,6885.2188
26083,10648.484
26084,8243.751
26085,6214.9673
26086,9772.225
26087,9385.001
26088,10312.274
26089,12958.711
26090,10182.891
26091,6877.067
26092,10398.209
26093,7175.162
26094,6592.744
26095,10222.982
26096,8017.118
26097,5676.721
26098,10600.362
26099,7896.9204
26100,14099.675
26101,6239.891
26102,6151.608
26103,7950.3213
26104,10444.776
26105,9856.122
26106,13810.153
26107,7960.003
26108,7364.4775
26109,10083.364
26110,4304.8184
26111,10096.462
26112,10100.912
26113,7061.7505
26114,24952.592
26115,6985.028
26116,4967.8345
26117,12305.7705
26118,6853.9775
26119,7133.6797
26120,4921.34
26121,13489.034
26122,6468.985
26123,5312.3164
26124,9681.254
26125,7622.1343
26126,7147.8667
26127,6147.3906
26128,8006.6646
26129,11847.09
26130,10630.209
26131,14281.082
26132,10219.093
26133,4561.934
26134,9116.1045
26135,13788.148
26136,6504.9087
26137,7689.5913
26138,6014.7256
26139,6853.5327
26140,5909.081
26141,11086.545
26142,8923.748
26143,6957.4067
26144,9856.743
26145,4667.8296
26146,5344.2236
26147,6352.8784
26148,6889.029
26149,7906.0166
26150,5090.1465
26151,9608.701
26152,8924.165
26153,7561.123
26154,9498.837
26155,7608.5156
26156,7665.024
26157,6894.3994
26158,5434.1646
26159,11401.458
26160,6433.247
26161,6661.161
26162,13102.113
26163,6296.5156
26164,10404.528
26165,10518.394
26166,5566.909
26167,4720.5854
26168,10135.045
26169,4954.3477
26170,7926.108
26171,4488.1987
26172,9424.325
26173,12898.378
26174,7700.7476
26175,8362.932
26176,6141.108
26177,6726.059
26178,8345.14
26179,6223.4917
26180,13626.798
26181,11289.732
26182,9498.059
26183,10173.047
26184,5823.6943
26185,6214.1196
26186,5399.418
26187,6078.994
26188,5511.5747
26189,8309.264
26190,9364.927
26191,9977.357
26192,7846.2197
26193,10903.921
26194,9584.738
26195,5519.8403
26196,10559.072
26197,5785.9497
26198,6153.8145
26199,7167.228
26200,4070.3752
26201,8047.6943
26202,8228.127
26203,14992.338
26204,5685.706
26205,6565.8667
26206,5789.0356
26207,5745.084
26208,5367.785
26209,9785.151
26210,8005.626
26211,9074.093
26212,10210.081
26213,5435.5073
26214,11768.427
26215,5418.6006
26216,10329.737
26217,7649.9126
26218,10696.9375
26219,5250.6445
26220,6465.8267
26221,7091.2866
26222,5349.1753
26223,7046.027
26224,11361.598
26225,7369.586
26226,5521.2725
26227,10576.7
26228,6372.1953
26229,4511.403
26230,8709.843
26231,6760.1855
26232,6179.5244
26233,4873.9175
26234,5596.629
26235,12413.074
26236,5906.0664
26237,5734.9497
26238,7798.522
26239,10334.664
26240,5511.517
26241,7863.4062
26242,8665.173
26243,10394.748
26244,4637.8716
26245,11249.232
26246,5887.489
26247,8502.41
26248,14362.628
26249,6030.3906
26250,6536.8345
26251,7512.5063
26252,10051.274
26253,6057.8037
26254,8234.243
26255,7637.73
26256,7953.8027
26257,10174.289
26258,4796.5454
26259,5197.437
26260,8168.2544
26261,4540.315
26262,13165.923
26263,6408.6147
26264,6719.7617
26265,7322.976
26266,10532.528
26267,10774.727
26268,8444.013
26269,4519.272
26270,6979.54
26271,4981.3296
26272,6313.9507
26273,7756.506
26274,9885.09
26275,13877.266
26276,8320.478
26277,12057.21
26278,11344.11
26279,8186.818
26280,10364.188
26281,14188.641
26282,7093.5327
26283,6746.2915
26284,5472.631
26285,7789.156
26286,7254.2983
26287,8993.583
26288,5507.9907
26289,11456.473
26290,10517.37
26291,10436.103
26292,5267.2837
26293,9014.77
26294,4619.7334
26295,14330.364
26296,9562.367
26297,10520.31
26298,9788.362
26299,6421.7275
26300,6144.7407
26301,4349.5747
26302,6343.124
26303,5015.969
26304,4822.4517
26305,10786.788
26306,11594.039
26307,11031.317
26308,13591.778
26309,12499.717
26310,2736.374
26311,10242.463
26312,4671.041
26313,14862.598
26314,7368.2363
26315,9039.195
26316,13418.846
26317,9268.0625
26318,8078.0557
26319,11314.989
26320,9976.7295
26321,11615.667
26322,4689.233
26323,6213.551
26324,7778.2866
26325,11105.626
26326,13218.289
26327,11118.651
26328,7554.2676
26329,6389.3887
26330,7081.9116
26331,6029.321
26332,8126.7886
26333,10058.007
26334,5779.1875
26335,5006.2324
26336,6553.872
26337,9508.899
26338,6184.271
26339,10332.033
26340,6517.951
26341,9870.525
26342,10844.906
26343,10091.437
26344,5763.394
26345,7142.5034
26346,13008.454
26347,8525.424
26348,8123.7427
26349,4121.126
26350,9449.536
26351,6270.69
26352,7777.908
26353,7975.2856
26354,10236.926
26355,5929.746
26356,8953.484
26357,2652.8271
26358,10552.639
26359,6235.756
26360,11503.258
26361,11284.587
26362,7944.841
26363,14160.211
26364,12576.572
26365,4790.578
26366,5405.736
26367,6516.677
26368,6308.551
26369,6496.0176
26370,14551.622
26371,10594.025
26372,14245.102
26373,5315.7427
26374,7282.764
26375,11941.541
26376,8409.677
26377,10616.339
26378,6585.8057
26379,12453.582
26380,12581.995
26381,10781.717
26382,8445.229
26383,6532.3096
26384,9769.485
26385,11467.688
26386,10470.739
26387,6357.8555
26388,6150.4463
26389,14582.159
26390,9997.762
26391,6248.7417
26392,7370.0986
26393,7953.909
26394,6744.8564
26395,6336.043
26396,5404.328
26397,10369.676
26398,4832.527
26399,13965.467
26400,10400.837
26401,8709.801
26402,6044.3726
26403,6691.109
26404,10917.646
26405,10290.0205
26406,5037.988
26407,13167.719
26408,7923.8403
26409,10089.531
26410,5195.2607
26411,7374.9297
26412,12480.824
26413,10603.0625
26414,9607.564
26415,7241.4746
26416,12090.213
26417,11979.813
26418,5682.095
26419,11012.112
26420,6847.071
26421,5774.405
26422,8007.0386
26423,4446.9897
26424,7818.743
26425,9974.731
26426,5757.295
26427,10941.08
26428,10302.364
26429,9517.882
26430,8717.289
26431,10516.939
26432,5534.264
26433,7632.152
26434,6527.128
26435,10155.045
26436,8281.343
26437,12512.802
26438,7016.0967
26439,6195.3413
26440,7308.3926
26441,8136.685
26442,14809.07
26443,8028.926
26444,10382.789
26445,10421.084
26446,7736.2983
26447,6617.5796
26448,7099.164
26449,8265.127
26450,8553.254
26451,4592.9395
26452,10021.342
26453,13402.32
26454,14139.94
26455,7661.238
26456,5363.3022
26457,8036.319
26458,6098.2866
26459,6435.776
26460,7298.7515
26461,6188.366
26462,6093.478
26463,6581.2026
26464,13716.952
26465,10784.998
26466,10313.779
26467,14401.309
26468,7113.7983
26469,8598.076
26470,7030.667
26471,8324.819
26472,5345.5947
26473,10896.259
26474,9904.465
26475,6058.734
26476,6726.123
26477,8809.347
26478,6011.347
26479,7308.3784
26480,13488.275
26481,6203.46
26482,7513.6533
26483,8279.376
26484,5466.1826
26485,6823.841
26486,6187.3394
26487,13128.606
26488,6138.057
26489,5611.917
26490,11535.987
26491,6396.5044
26492,11026.731
26493,6260.261
26494,8024.118
26495,6388.487
26496,10581.13
26497,10899.928
26498,6171.384
26499,10281.555
26500,9313.823
26501,5141.6772
26502,13823.199
26503,6588.6016
26504,7477.8486
26505,7505.7886
26506,6788.2666
26507,7692.518
26508,5791.6753
26509,6459.81
26510,7190.694
26511,4302.4126
26512,6780.967
26513,8503.311
26514,11641.253
26515,7045.644
26516,8676.71
26517,10343.164
26518,8055.827
26519,5927.2017
26520,5991.5923
26521,11999.299
26522,7874.319
26523,6733.4727
26524,10827.895
26525,10216.306
26526,5942.038
26527,5369.3267
26528,7790.2773
26529,9310.786
26530,7951.747
26531,7125.628
26532,8390.977
26533,10856.229
26534,10410.812
26535,11010.285
26536,4658.3643
26537,11930.499
26538,7921.5054
26539,9761.68
26540,13016.148
26541,11527.441
26542,12408.86
26543,8856.837
26544,6549.7285
26545,4611.5093
26546,7235.6406
26547,5170.261
26548,10105.903
26549,5680.28
26550,5739.7163
26551,8311.863
26552,6466.4
26553,8853.399
26554,6541.868
26555,9592.164
26556,5761.047
26557,7751.3657
26558,5666.4644
26559,9085.221
26560,5910.2144
26561,11671.236
26562,5679.429
26563,7750.242
26564,7926.312
26565,7429.4556
26566,5966.516
26567,5291.662
26568,7020.696
26569,4981.163
26570,7481.7725
26571,7486.598
26572,7366.2617
26573,11267.067
26574,8850.04
26575,10037.432
26576,7523.779
26577,6070.963
26578,11171.183
26579,4456.2935
26580,7214.5254
26581,8933.184
26582,9741.032
26583,6351.4365
26584,4358.7285
26585,4943.5654
26586,10089.464
26587,6077.2783
26588,6765.9717
26589,9622.779
26590,6329.2964
26591,8900.831
26592,12987.714
26593,9862.592
26594,10054.161
26595,7046.8267
26596,6204.105
26597,9762.955
26598,7271.291
26599,7123.671
26600,6159.199
26601,9713.506
26602,12228.109
26603,6405.223
26604,7718.801
26605,13283.59
26606,6378.13
26607,5737.855
26608,5677.6797
26609,7169.751
26610,6123.87
26611,7252.3955
26612,6811.2324
26613,4458.2705
26614,7595.276
26615,5683.992
26616,12605.802
26617,9549.2705
26618,14045.841
26619,8462.33
26620,5150.9795
26621,12633.714
26622,8736.2
26623,5580.477
26624,12584.924
26625,10219.464
26626,10361.243
26627,7607.4126
26628,7836.1533
26629,10022.164
26630,5811.0044
26631,6669.585
26632,4900.5127
26633,6319.0957
26634,6095.3906
26635,11845.112
26636,5275.671
26637,4616.509
26638,8396.06
26639,8539.364
26640,6091.7173
26641,7717.3726
26642,5613.0894
26643,11068.488
26644,10082.894
26645,9338.882
26646,6066.4424
26647,4640.1196
26648,7496.0654
26649,5635.697
26650,8449.232
26651,9825.721
26652,6181.069
26653,7184.64
26654,5110.799
26655,12848.112
26656,4328.4326
26657,7809.017
26658,9463.588
26659,10160.228
26660,5256.879
26661,7859.477
26662,6493.4097
26663,7773.0435
26664,9242.031
26665,5350.793
26666,7408.305
26667,9782.763
26668,6909.8374
26669,6036.635
26670,9372.209
26671,9713.062
26672,10327.344
26673,9565.469
26674,6354.903
26675,4362.705
26676,9432.067
26677,7771.227
26678,9288.443
26679,9196.176
26680,4346.7417
26681,9239.713
26682,9469.655
26683,8766.248
26684,5576.183
26685,10032.99
26686,3932.1575
26687,10357.015
26688,10228.337
26689,6122.871
26690,12083.318
26691,3767.665
26692,8708.779
26693,8914.6455
26694,6645.0303
26695,9627.296
26696,8452.029
26697,5295.055
26698,12004.13
26699,5215.927
26700,5674.285
26701,4685.808
26702,5792.3716
26703,9463.209
26704,5724.1396
26705,10235.227
26706,12569.93
26707,9720.513
26708,4745.3164
26709,10064.062
26710,9842.792
26711,4204.485
26712,4854.2314
26713,10181.754
26714,6148.346
26715,9972.135
26716,7462.0317
26717,7023.6763
26718,6050.8853
26719,7958.333
26720,7949.442
26721,5668.7886
26722,5523.595
26723,5045.432
26724,10418.769
26725,10420.508
26726,6098.3916
26727,9433.174
26728,9534.163
26729,4293.84
26730,10393.36
26731,3765.1858
26732,5697.291
26733,4277.6304
26734,6032.2026
26735,7081.858
26736,6888.8774
26737,11728.145
26738,27338.305
26739,8256.813
26740,6316.9985
26741,9461.341
26742,10258.634
26743,12618.035
26744,6599.401
26745,9860.927
26746,7292.6626
26747,6189.606
26748,4484.711
26749,9998.839
26750,5471.2847
26751,5197.6055
26752,10030.608
26753,6868.84
26754,5308.5884
26755,9977.253
26756,7289.547
26757,4302.388
26758,10387.077
26759,10145.161
26760,10670.241
26761,7568.2446
26762,6327.1895
26763,12870.053
26764,8130.122
26765,8202.02
26766,7018.138
26767,11168.221
26768,6099.229
26769,7206.8706
26770,12556.772
26771,5598.871
26772,7122.36
26773,8815.776
26774,4325.1147
26775,5732.8823
26776,12103.653
26777,7690.2515
26778,7116.2754
26779,9059.288
26780,8388.712
26781,6036.3354
26782,7927.832
26783,13822.382
26784,4628.1577
26785,6296.93
26786,5003.325
26787,11077.793
26788,5550.8486
26789,5933.865
26790,6775.8203
26791,10418.579
26792,5387.102
26793,16025.077
26794,12629.533
26795,5304.2856
26796,7118.5225
26797,5740.001
26798,10030.7705
26799,13078.629
26800,5035.48
26801,4520.958
26802,7393.869
26803,6668.1665
26804,9941.793
26805,5342.6436
26806,5979.4546
26807,4727.182
26808,7490.762
26809,4638.619
26810,6594.109
26811,10197.692
26812,12668.754
26813,6109.3545
26814,12441.865
26815,7908.181
26816,10136.272
26817,5336.8574
26818,5826.3945
26819,10479.821
26820,5070.1577
26821,8770.396
26822,6020.4365
26823,5828.3457
26824,6311.867
26825,4958.2856
26826,6954.6733
26827,13112.102
26828,7503.097
26829,6310.9644
26830,10596.582
26831,9550.974
26832,6014.777
26833,5706.613
26834,9973.161
26835,12744.546
26836,8448.218
26837,9983.192
26838,8045.254
26839,7301.829
26840,10236.4375
26841,6105.061
26842,6253.53
26843,8867.445
26844,12282.776
26845,5802.242
26846,6864.5435
26847,4155.751
26848,6918.661
26849,5878.3647
26850,5044.773
26851,7672.5215
26852,7726.019
26853,5426.773
26854,14104.154
26855,4869.396
26856,8097.186
26857,12385.91
26858,6673.696
26859,6481.226
26860,5419.8047
26861,6902.229
26862,10449.918
26863,5515.467
26864,8027.7617
26865,10134.783
26866,7834.367
26867,6507.4717
26868,5672.629
26869,9845.252
26870,7869.739
26871,11715.69
26872,12043.51
26873,7578.0317
26874,10098.013
26875,4822.194
26876,7674.8047
26877,5936.3223
26878,10151.259
26879,7283.0977
26880,13955.454
26881,13146.851
26882,10716.811
26883,6283.5024
26884,6924.048
26885,7354.825
26886,6438.502
26887,10032.465
26888,10570.841
26889,5044.595
26890,9622.99
26891,7109.3486
26892,6861.722
26893,9902.122
26894,7915.5767
26895,10214.484
26896,9833.381
26897,12949.025
26898,10588.408
26899,4618.0503
26900,12424.362
26901,10185.018
26902,12560.617
26903,6387.049
26904,5910.93
26905,10254.007
26906,5270.0728
26907,6741.7114
26908,7286.155
26909,11755.212
26910,7827.667
26911,4524.5215
26912,7183.215
26913,5184.993
26914,5183.4897
26915,10599.331
26916,7041.613
26917,5605.2085
26918,6033.3364
26919,13193.339
26920,6597.8525
26921,10218.83
26922,5633.332
26923,8438.425
26924,7415.707
26925,7226.109
26926,8017.9287
26927,10054.41
26928,12990.501
26929,6481.3867
26930,8266.057
26931,4183.497
26932,6228.8423
26933,9236.074
26934,5614.8564
26935,7733.996
26936,6096.844
26937,5479.8027
26938,6980.705
26939,10795.639
26940,8358.984
26941,6303.0054
26942,9907.365
26943,9515.921
26944,10457.187
26945,13138.553
26946,10324.94
26947,6972.9595
26948,10544.349
26949,7274.35
26950,6684.4556
26951,10363.368
26952,8128.486
26953,5755.8784
26954,10747.159
26955,8007.0234
26956,14295.377
26957,6326.8516
26958,6237.7905
26959,8060.877
26960,10590.974
26961,9992.651
26962,14003.88
26963,8070.6084
26964,7466.3457
26965,10226.981
26966,4367.1396
26967,10237.268
26968,10240.734
26969,7159.924
26970,25301.26
26971,7081.905
26972,5037.3057
26973,12479.253
26974,6949.5015
26975,7233.4463
26976,4990.784
26977,13673.601
26978,6558.2554
26979,5387.4565
26980,9817.31
26981,7728.171
26982,7247.472
26983,6234.703
26984,8118.7695
26985,12013.75
26986,10778.159
26987,14488.64
26988,10363.111
26989,4626.4673
26990,9244.8
26991,13980.9795
26992,6595.518
26993,7796.1646
26994,6098.845
26995,6949.3755
26996,5989.095
26997,11239.881
26998,9048.079
26999,7053.2485
27000,9994.177
27001,4733.7114
27002,5417.9546
27003,6441.96
27004,6985.101
27005,8016.7207
27006,5161.2437
27007,9742.464
27008,9046.768
27009,7665.9307
27010,9629.646
27011,7714.3843
27012,7772.1836
27013,6989.9995
27014,5508.1694
27015,11565.82
27016,6522.062
27017,6753.8374
27018,13285.8955
27019,6384.0767
27020,10551.068
27021,10664.727
27022,5644.3687
27023,4791.0625
27024,10275.535
27025,5022.346
27026,8036.8633
27027,4551.1724
27028,9555.174
27029,13070.86
27030,7809.6724
27031,8478.957
27032,6226.7754
27033,6818.844
27034,8461.628
27035,6309.917
27036,13824.293
27037,11447.079
27038,9630.63
27039,10313.14
27040,5905.2725
27041,6301.19
27042,5475.6177
27043,6165.677
27044,5589.9062
27045,8424.914
27046,9497.47
27047,10116.241
27048,7955.1987
27049,11055.163
27050,9722.673
27051,5597.1147
27052,10706.399
27053,5866.798
27054,6239.3315
27055,7265.0723
27056,4128.2437
27057,8160.3193
27058,8342.386
27059,15200.486
27060,5765.076
27061,6658.3726
27062,5869.753
27063,5823.411
27064,5443.9126
27065,9920.253
27066,8118.104
27067,9201.432
27068,10352.136
27069,5508.674
27070,11932.24
27071,5494.851
27072,10468.782
27073,7756.9126
27074,10846.158
27075,5324.984
27076,6555.923
27077,7189.658
27078,5423.7095
27079,7143.539
27080,11523.418
27081,7472.0664
27082,5599.138
27083,10722.331
27084,6460.6357
27085,4573.79
27086,8831.868
27087,6853.8076
27088,6266.959
27089,4940.8174
27090,5677.696
27091,12584.528
27092,5987.102
27093,5814.797
27094,7908.2944
27095,10478.642
27096,5587.7637
27097,7971.346
27098,8786.321
27099,10538.809
27100,4703.097
27101,11405.265
27102,5969.613
27103,8621.398
27104,14561.882
27105,6114.893
27106,6626.5044
27107,7617.432
27108,10191.227
27109,6141.887
27110,8349.542
27111,7743.2744
27112,8065.914
27113,10316.18
27114,4865.088
27115,5269.2134
27116,8282.156
27117,4603.949
27118,13351.161
27119,6497.325
27120,6812.2266
27121,7425.4106
27122,10678.875
27123,10923.073
27124,8561.669
27125,4582.629
27126,7077.644
27127,5048.3545
27128,6400.9053
27129,7863.5337
27130,10022.633
27131,14072.35
27132,8435.102
27133,12225.695
27134,11505.111
27135,8297.63
27136,10507.435
27137,14385.412
27138,7192.2095
27139,6839.03
27140,5548.4243
27141,7897.749
27142,7355.0986
27143,9117.695
27144,5585.195
27145,11614.891
27146,10663.943
27147,10580.515
27148,5341.11
27149,9140.107
27150,4683.9937
27151,14525.457
27152,9697.02
27153,10667.28
27154,9924.814
27155,6511.781
27156,6229.0625
27157,4411.386
27158,6432.6274
27159,5085.463
27160,4890.5293
27161,10935.259
27162,11756.7705
27163,11184.7
27164,13776.449
27165,12674.676
27166,2774.5034
27167,10387.107
27168,4737.131
27169,15068.083
27170,7471.4463
27171,9165.537
27172,13602.451
27173,9396.053
27174,8190.9336
27175,11471.211
27176,10115.421
27177,11778.117
27178,4754.1377
27179,6298.7144
27180,7886.36
27181,11260.966
27182,13405.938
27183,11273.915
27184,7657.3516
27185,6478.321
27186,7180.9956
27187,6115.109
27188,8240.08
27189,10196.749
27190,5859.678
27191,5078.5845
27192,6645.48
27193,9640.996
27194,6270.1694
27195,10475.534
27196,6610.3374
27197,10004.448
27198,10996.254
27199,10235.754
27200,5843.832
27201,7242.338
27202,13186.193
27203,8647.142
27204,8234.612
27205,4178.0137
27206,9580.744
27207,6357.6187
27208,7884.1187
27209,8087.638
27210,10378.402
27211,6011.416
27212,9077.763
27213,2690.4177
27214,10700.05
27215,6321.839
27216,11662.356
27217,11440.737
27218,8057.018
27219,14353.426
27220,12747.135
27221,4857.905
27222,5479.735
27223,6607.463
27224,6395.9736
27225,6586.7227
27226,14753.694
27227,10741.83
27228,14443.221
27229,5386.871
27230,7384.362
27231,12108.318
27232,8525.342
27233,10765.122
27234,6677.1343
27235,12626.98
27236,12758.507
27237,10932.276
27238,8563.6455
27239,6623.9893
27240,9904.843
27241,11626.0625
27242,10615.569
27243,6445.6787
27244,6235.5776
27245,14780.003
27246,10137.48
27247,6335.463
27248,7471.7456
27249,8064.491
27250,6837.523
27251,6424.5273
27252,5479.019
27253,10513.539
27254,4899.896
27255,14157.969
27256,10544.721
27257,8830.976
27258,6128.925
27259,6783.3994
27260,11070.716
27261,10434.202
27262,5107.792
27263,13344.834
27264,8034.472
27265,10227.928
27266,5267.8613
27267,7477.2495
27268,12655.18
27269,10750.266
27270,9744.3125
27271,7342.475
27272,12256.015
27273,12151.436
27274,5763.064
27275,11166.389
27276,6942.346
27277,5855.047
27278,8119.645
27279,4509.2173
27280,7930.35
27281,10114.929
27282,5837.0244
27283,11094.414
27284,10444.696
27285,9648.732
27286,8838.003
27287,10665.561
27288,5612.511
27289,7738.9995
27290,6617.8506
27291,10295.469
27292,8396.444
27293,12689.819
27294,7113.8936
27295,6282.7236
27296,7409.959
27297,8252.224
27298,15008.661
27299,8140.1704
27300,10527.045
27301,10566.245
27302,7843.04
27303,6710.27
27304,7196.4917
27305,8380.7705
27306,8672.126
27307,4656.245
27308,10162.467
27309,13588.732
27310,14334.82
27311,7765.8994
27312,5438.219
27313,8148.8706
27314,6182.9087
27315,6526.1006
27316,7401.659
27317,6276.015
27318,6177.839
27319,6671.869
27320,13905.645
27321,10934.644
27322,10455.281
27323,14610.475
27324,7212.64
27325,8717.605
27326,7128.891
27327,8440.18
27328,5418.4453
27329,11047.827
27330,10045.304
27331,6142.7954
27332,6820.353
27333,8930.943
27334,6094.8096
27335,7410.4395
27336,13673.705
27337,6290.5786
27338,7620.1284
27339,8393.882
27340,5540.354
27341,6919.7104
27342,6274.196
27343,13317.459
27344,6223.967
27345,5687.5503
27346,11695.383
27347,6485.9937
27348,11180.979
27349,6346.9004
27350,8134.5977
27351,6476.7207
27352,10728.99
27353,11051.505
27354,6257.044
27355,10424.861
27356,9443.427
27357,5212.7188
27358,14015.237
27359,6681.651
27360,7582.1816
27361,7608.6753
27362,6881.4043
27363,7799.1396
27364,5874.2056
27365,6549.3037
27366,7291.32
27367,4360.808
27368,6875.08
27369,8617.994
27370,11802.215
27371,7143.4775
27372,8796.383
27373,10487.7
27374,8166.3228
27375,6009.8335
27376,6076.7505
27377,12167.114
27378,7984.7925
27379,6827.07
27380,10979.214
27381,10359.405
27382,6025.4976
27383,5444.0635
27384,7898.216
27385,9440.7705
27386,8060.5156
27387,7225.289
27388,8508.097
27389,11007.555
27390,10555.698
27391,11164.004
27392,4721.7925
27393,8496.833
27394,5646.49
27395,6889.0615
27396,9187.515
27397,8208.969
27398,8839.217
27399,6249.8267
27400,4621.717
27401,3253.467
27402,5154.4937
27403,3647.694
27404,7130.8223
27405,4045.1768
27406,4050.2156
27407,5864.979
27408,4562.896
27409,6245.959
27410,4659.4175
27411,6832.001
27412,4102.8438
27413,5521.52
27414,4035.8416
27415,6410.9136
27416,4170.4404
27417,8312.656
27418,4044.5786
27419,5468.9834
27420,5645.6074
27421,5292.6313
27422,4249.5474
27423,3734.8296
27424,5000.8584
27425,3548.0344
27426,5279.235
27427,5282.635
27428,5197.546
27429,7948.0693
27430,6245.399
27431,7083.0938
27432,5309.292
27433,4282.2476
27434,7887.067
27435,3174.8684
27436,5090.5933
27437,6302.939
27438,6936.283
27439,4481.602
27440,3103.5103
27441,3488.6394
27442,7119.704
27443,4288.7104
27444,4818.966
27445,6852.592
27446,4506.865
27447,6277.3325
27448,9165.117
27449,7023.9844
27450,7096.727
27451,4971.5176
27452,4418.849
27453,6888.8774
27454,5130.1206
27455,5027.6904
27456,4386.4863
27457,6918.5884
27458,8714.288
27459,4562.439
27460,5446.3745
27461,9466.64
27462,4500.8335
27463,4084.9539
27464,4043.595
27465,5107.2656
27466,4361.815
27467,5117.2524
27468,4806.094
27469,3144.338
27470,5409.403
27471,4009.7437
27472,8979.534
27473,6738.1245
27474,9907.573
27475,5971.646
27476,3669.213
27477,8994.938
27478,6165.383
27479,3937.3147
27480,8960.644
27481,7211.4365
27482,7310.2607
27483,5415.97
27484,5530.924
27485,7138.553
27486,4139.6123
27487,4707.5225
27488,3490.1606
27489,4459.0234
27490,4342.1914
27491,8436.075
27492,3722.9204
27493,3287.3767
27494,5924.85
27495,6028.602
27496,4298.401
27497,5496.224
27498,3960.4358
27499,7883.382
27500,7117.735
27501,6589.2866
27502,4280.373
27503,3304.6514
27504,5339.729
27505,3976.4563
27506,5962.1016
27507,6997.057
27508,4401.6934
27509,5116.33
27510,3606.7058
27511,9151.055
27512,3053.7124
27513,5510.25
27514,6738.992
27515,7236.4756
27516,3743.6936
27517,5543.7637
27518,4582.109
27519,5535.9536
27520,6520.9673
27521,3811.187
27522,5277.4424
27523,6969.4487
27524,4875.215
27525,4259.6045
27526,6612.103
27527,6920.225
27528,7355.0215
27529,6749.0396
27530,4484.095
27531,3105.9094
27532,6657.4326
27533,5535.9536
27534,6554.4097
27535,6489.521
27536,3067.2627
27537,6519.089
27538,6679.988
27539,6185.5864
27540,3935.3284
27541,7080.2163
27542,2774.551
27543,7376.8506
27544,7218.304
27545,4319.705
27546,8609.253
27547,2682.6326
27548,6202.164
27549,6288.329
27550,4732.4473
27551,6791.971
27552,5964.337
27553,3736.4119
27554,8468.087
27555,3714.4033
27556,4040.8264
27557,3306.9502
27558,4125.6807
27559,6676.7583
27560,4038.8494
27561,7288.8306
27562,8950.206
27563,6859.3467
27564,3347.332
27565,7166.6333
27566,7009.4814
27567,2992.724
27568,3424.6506
27569,7184.4277
27570,4338.225
27571,7102.7334
27572,5315.2715
27573,5003.349
27574,4310.0693
27575,5668.805
27576,5663.503
27577,4037.2856
27578,3897.5508
27579,3593.2131
27580,7420.6245
27581,7353.051
27582,4343.3306
27583,6654.925
27584,6727.9775
27585,3058.027
27586,7402.358
27587,2681.9785
27588,4057.3926
27589,3018.9707
27590,4296.8022
27591,5044.09
27592,4860.171
27593,8352.099
27594,19294.5
27595,5825.839
27596,4456.948
27597,6676.3955
27598,7307.8486
27599,8985.763
27600,4699.317
27601,7023.187
27602,5194.765
27603,4367.2646
27604,3164.4756
27605,7054.756
27606,3860.3455
27607,3669.0693
27608,7076.9893
27609,4846.63
27610,3746.18
27611,7106.2437
27612,5143.345
27613,3034.673
27614,7398.6733
27615,7228.315
27616,7599.689
27617,5340.509
27618,4505.6533
27619,9077.105
27620,5737.844
27621,5787.799
27622,4999.122
27623,7879.8184
27624,4344.9385
27625,5132.803
27626,8942.202
27627,3986.7644
27628,5025.3125
27629,6279.2427
27630,3080.4702
27631,4044.4204
27632,8621.447
27633,5477.6187
27634,5070.491
27635,6392.1074
27636,5973.0474
27637,4258.6416
27638,5594.0454
27639,9751.974
27640,3264.4324
27641,4484.151
27642,3529.956
27643,7885.7207
27644,3953.0833
27645,4225.3555
27646,4780.572
27647,7351.62
27648,3835.4111
27649,11414.623
27650,8997.074
27651,3777.9905
27652,5069.655
27653,4049.5781
27654,7078.0557
27655,9315.645
27656,3551.4275
27657,3220.3833
27658,5217.126
27659,4704.8516
27660,7080.493
27661,3770.1384
27662,4218.646
27663,3367.1309
27664,5338.5225
27665,3273.3352
27666,4652.01
27667,7264.892
27668,8939.201
27669,4311.332
27670,8865.678
27671,5579.104
27672,7220.7695
27673,3765.4084
27674,4111.0903
27675,7395.576
27676,3577.1868
27677,6246.0063
27678,4286.801
27679,4150.3154
27680,4495.4785
27681,3498.5776
27682,4906.846
27683,9339.941
27684,5343.2144
27685,4494.5654
27686,7546.9365
27687,6737.0317
27688,4283.1997
27689,4064.6172
27690,7103.892
27691,8994.552
27692,6017.7954
27693,7110.8813
27694,5730.2144
27695,5200.7793
27696,7291.7236
27697,4347.7163
27698,4412.4634
27699,6253.124
27700,8747.823
27701,4093.3872
27702,4888.724
27703,2931.995
27704,4883.36
27705,4148.8037
27706,3592.819
27707,5464.452
27708,5502.865
27709,3827.9292
27710,9954.754
27711,3467.898
27712,5713.497
27713,8740.525
27714,4752.827
27715,4615.954
27716,3825.0894
27717,4872.5693
27718,7373.8257
27719,3928.7908
27720,5717.1987
27721,7218.442
27722,5527.933
27723,4592.151
27724,4001.9216
27725,6945.6113
27726,5604.2944
27727,8269.4
27728,8494.961
27729,5346.528
27730,7193.122
27731,3403.2927
27732,5465.6562
27733,4188.5605
27734,7231.473
27735,5186.2744
27736,9846.041
27737,9362.238
27738,7632.5015
27739,4433.8677
27740,4931.993
27741,5190.6294
27742,4544.015
27743,7079.6357
27744,7529.4434
27745,3559.7883
27746,6853.4546
27747,5017.117
27748,4843.4595
27749,7054.5674
27750,5637.643
27751,7275.384
27752,7003.113
27753,9138.103
27754,7541.446
27755,3258.8906
27756,8766.566
27757,7255.98
27758,8950.317
27759,4506.646
27760,4209.577
27761,7237.801
27762,3717.8276
27763,4802.3
27764,5140.9907
27765,8295.003
27766,5524.0747
27767,3193.2239
27768,5069.0986
27769,3691.8586
27770,3657.7014
27771,7548.8223
27772,4968.896
27773,3955.407
27774,4256.944
27775,9306.755
27776,4698.842
27777,7276.196
27778,3974.7385
27779,6006.7163
27780,5282.0405
27781,5146.8833
27782,5712.0425
27783,7161.515
27784,9251.318
27785,4571.0337
27786,5833.162
27787,2979.931
27788,4437.5444
27789,6577.839
27790,3961.5845
27791,5456.4414
27792,4301.379
27793,3866.0574
27794,4925.7354
27795,7614.2725
27796,5953.617
27797,4488.0146
27798,6991.3335
27799,6714.329
27800,7378.18
27801,9357.989
27802,7284.8276
27803,4920.861
27804,7512.5996
27805,5182.323
27806,4717.079
27807,7313.148
27808,5735.382
27809,4062.6829
27810,7654.4814
27811,5650.1704
27812,10182.744
27813,4506.332
27814,4402.1553
27815,5741.3643
27816,7472.765
27817,7117.728
27818,9880.057
27819,5748.757
27820,5268.2383
27821,7217.065
27822,3080.6877
27823,7291.4033
27824,7226.2124
27825,5100.0073
27826,18022.588
27827,5043.6855
27828,3586.371
27829,8887.937
27830,4903.159
27831,5152.0063
27832,3554.1116
27833,9740.038
27834,4627.297
27835,3837.131
27836,6924.246
27837,5452.7217
27838,5112.1104
27839,4398.1553
27840,5728.1377
27841,8555.775
27842,7605.3955
27843,10218.401
27844,7379.637
27845,3295.2732
27846,6522.827
27847,9954.346
27848,4653.439
27849,5500.672
27850,4343.6704
27851,4903.2715
27852,4227.081
27853,8002.8774
27854,6384.1494
27855,4976.4473
27856,7051.1836
27857,3340.4387
27858,3859.134
27859,4588.67
27860,4928.1274
27861,5656.798
27862,3641.6863
27863,6938.599
27864,6383.784
27865,5409.7383
27866,6861.663
27867,5494.353
27868,5535.7847
27869,4932.2847
27870,3886.8281
27871,8232.79
27872,4602.6406
27873,4809.4604
27874,9464.337
27875,4547.779
27876,7514.721
27877,7596.051
27878,3983.0393
27879,3378.4822
27880,7252.3403
27881,3543.6743
27882,5670.0107
27883,3210.595
27884,6741.6084
27885,9309.747
27886,5561.6924
27887,6038.685
27888,4435.691
27889,4811.7363
27890,5970.1367
27891,4452.3843
27892,9752.578
27893,8075.0513
27894,6794.336
27895,7346.251
27896,4205.985
27897,4487.878
27898,3899.2463
27899,4393.3877
27900,3980.726
27901,6000.955
27902,6697.705
27903,7205.7983
27904,5666.291
27905,7801.282
27906,6921.2617
27907,3949.4272
27908,7554.4116
27909,4139.8257
27910,4402.722
27911,5126.9897
27912,2912.8945
27913,5813.726
27914,5943.0527
27915,10827.915
27916,4066.9792
27917,4741.896
27918,4143.4644
27919,4108.581
27920,3840.0386
27921,7063.2124
27922,5782.2476
27923,6553.9097
27924,7371.512
27925,3923.9292
27926,8501.566
27927,3913.0293
27928,7388.4336
27929,5524.6597
27930,7652.5254
27931,3792.2346
27932,4669.219
27933,5120.1724
27934,3826.834
27935,5042.2715
27936,8208.961
27937,5321.024
27938,3950.5464
27939,7637.118
27940,4558.9717
27941,3227.3462
27942,6231.7603
27943,4881.376
27944,4421.4883
27945,3486.6365
27946,4041.4932
27947,8966.184
27948,4226.436
27949,4102.9844
27950,5579.1836
27951,7463.9536
27952,3980.0654
27953,5678.519
27954,6199.136
27955,7504.428
27956,3318.1272
27957,8122.077
27958,4251.907
27959,6082.329
27960,10373.178
27961,4354.847
27962,4677.8496
27963,5425.981
27964,7257.073
27965,4334.052
27966,5947.5215
27967,5514.5986
27968,5743.637
27969,7274.468
27970,3464.3005
27971,3752.4282
27972,5845.9785
27973,3248.0928
27974,9508.255
27975,4627.681
27976,4853.0923
27977,5288.5034
27978,7535.2983
27979,7708.662
27980,6098.4673
27981,3233.9385
27982,4993.17
27983,3562.7983
27984,4517.4966
27985,5550.2188
27986,7071.645
27987,9928.441
27988,6006.8193
27989,8706.703
27990,8118.5527
27991,5855.505
27992,7484.099
27993,10150.126
27994,5075.2964
27995,4871.7656
27996,3914.5078
27997,5573.418
27998,5190.006
27999,6493.7314
28000,3978.084
28001,8195.834
28002,7596.0796
28003,7539.2886
28004,3803.4294
28005,6509.93
28006,3335.468
28007,10350.082
28008,6840.863
28009,7597.797
28010,7003.093
28011,4594.5737
28012,4395.6763
28013,3140.9053
28014,4539.206
28015,3588.6436
28016,3451.1396
28017,7790.4185
28018,8375.848
28019,7891.4014
28020,9722.172
28021,8940.591
28022,1957.4169
28023,7398.398
28024,3373.751
28025,10631.437
28026,5271.219
28027,6468.164
28028,9599.44
28029,6629.9688
28030,5779.5845
28031,8172.237
28032,7205.5303
28033,8388.399
28034,3385.832
28035,4445.4883
28036,5617.224
28037,8020.5674
28038,9552.723
28039,7955.54
28040,5455.5933
28041,4613.608
28042,5114.2173
28043,4353.4805
28044,5814.6025
28045,7264.2686
28046,4173.413
28047,3581.5334
28048,4732.8174
28049,6801.916
28050,4423.7793
28051,7391.669
28052,4708.636
28053,7059.36
28054,7758.977
28055,7223.5317
28056,4122.585
28057,5110.326
28058,9300.623
28059,6100.643
28060,5866.5234
28061,2976.2803
28062,6761.1978
28063,4528.1743
28064,5617.605
28065,5760.3164
28066,7390.936
28067,4241.9697
28068,6405.6265
28069,1898.077
28070,7549.6074
28071,4503.0493
28072,8307.528
28073,8149.1973
28074,5685.3154
28075,10226.591
28076,9081.7295
28077,3459.446
28078,3867.7617
28079,4662.0537
28080,4555.4683
28081,4647.18
28082,10509.379
28083,7580.1426
28084,10193.628
28085,3802.4824
28086,5210.278
28087,8545.132
28088,6016.0625
28089,7595.218
28090,4711.3364
28091,8992.073
28092,9087.925
28093,7786.474
28094,6099.7646
28095,4673.4746
28096,6989.846
28097,8203.568
28098,7491.7485
28099,4549.0674
28100,4400.4673
28101,10530.269
28102,7221.0244
28103,4470.0576
28104,5272.3555
28105,5743.3906
28106,4870.7017
28107,4533.7236
28108,3901.6836
28109,7488.2837
28110,3490.6301
28111,9987.573
28112,7509.548
28113,6231.142
28114,4324.5986
28115,4830.905
28116,7813.197
28117,7430.5967
28118,3637.891
28119,9505.027
28120,5722.207
28121,7215.936
28122,3750.7175
28123,5325.2637
28124,9013.771
28125,7586.616
28126,6872.0444
28127,5182.3823
28128,8651.282
28129,8571.4
28130,4102.6675
28131,7878.3906
28132,4944.509
28133,4170.5557
28134,5781.6025
28135,3211.845
28136,5648.101
28137,7204.74
28138,4118.831
28139,7900.8604
28140,7440.1353
28141,6872.608
28142,6236.0713
28143,7595.971
28144,3997.0078
28145,5460.268
28146,4713.629
28147,7333.4604
28148,5921.1665
28149,9039.359
28150,5065.614
28151,4473.6064
28152,5228.3496
28153,5876.6045
28154,10590.822
28155,5742.9087
28156,7498.776
28157,7525.5376
28158,5587.3906
28159,4778.7437
28160,5079.282
28161,5913.682
28162,6176.183
28163,3286.2542
28164,7238.2427
28165,9588.131
28166,10115.749
28167,5480.9214
28168,3837.3435
28169,5803.659
28170,4363.0547
28171,4647.5435
28172,5271.4653
28173,4427.7603
28174,4401.542
28175,4707.442
28176,9903.917
28177,7788.2417
28178,7375.2183
28179,10305.863
28180,5137.672
28181,6151.027
28182,5077.6206
28183,6012.2534
28184,3859.2407
28185,7868.4253
28186,7086.851
28187,4375.4873
28188,4857.849
28189,6302.5425
28190,4341.939
28191,5229.4473
28192,9646.727
28193,4479.9824
28194,5377.025
28195,5925.24
28196,3947.2917
28197,4881.9346
28198,4468.544
28199,9479.623
28200,4391.481
28201,4014.2903
28202,8251.311
28203,4617.6934
28204,7888.045
28205,4520.5093
28206,5741.0903
28207,4570.724
28208,7570.995
28209,7871.15
28210,4415.558
28211,7425.5806
28212,6663.2646
28213,3677.865
28214,9982.583
28215,4714.0786
28216,5400.299
28217,5419.464
28218,4901.691
28219,5553.55
28220,4145.5356
28221,4665.0923
28222,5145.2046
28223,3107.409
28224,4896.5693
28225,6139.866
28226,8404.376
28227,5088.515
28228,6266.7974
28229,7399.5273
28230,5762.3164
28231,4240.5215
28232,4327.3594
28233,8584.834
28234,5634.165
28235,4863.5474
28236,7746.7095
28237,7309.773
28238,4291.592
28239,3841.35
28240,5625.5405
28241,6662.3877
28242,5687.078
28243,5098.0713
28244,6058.225
28245,7840.0107
28246,7448.1304
28247,7877.9697
28248,3363.8945
28249,8616.589
28250,5721.8687
28251,6984.968
28252,9313.565
28253,8322.383
28254,8959.892
28255,6334.8647
28256,4685.692
28257,2228.242
28258,5226.2856
28259,3698.7395
28260,7230.0664
28261,4100.7227
28262,2774.2786
28263,5946.4604
28264,3125.6162
28265,6333.493
28266,4723.896
28267,6927.3574
28268,4160.312
28269,5598.172
28270,4091.3845
28271,6500.6416
28272,2856.1968
28273,8428.933
28274,4101.5483
28275,3745.7512
28276,5723.337
28277,5365.891
28278,4308.068
28279,2558.048
28280,5070.501
28281,3597.164
28282,5352.34
28283,3618.4263
28284,5270.309
28285,8058.1016
28286,6331.832
28287,7179.879
28288,3636.028
28289,2933.506
28290,7994.112
28291,3219.4097
28292,3486.9524
28293,6390.961
28294,7034.927
28295,4543.5034
28296,3146.3242
28297,3537.4597
28298,7218.366
28299,4348.998
28300,4887.4604
28301,6945.8696
28302,4570.8115
28303,4300.5703
28304,9291.261
28305,7122.523
28306,7193.479
28307,3405.6375
28308,4479.7046
28309,6985.3145
28310,5202.079
28311,3443.4773
28312,4447.3037
28313,7015.0996
28314,8830.663
28315,4625.664
28316,3729.717
28317,9595.349
28318,4564.1367
28319,4142.243
28320,4099.8896
28321,5178.3555
28322,4422.2183
28323,3505.2822
28324,3291.748
28325,3188.4236
28326,5485.833
28327,4066.8667
28328,9100.511
28329,4615.9497
28330,10047.183
28331,6055.816
28332,3719.5908
28333,9126.7
28334,4223.373
28335,2697.3516
28336,9090.291
28337,7311.53
28338,7412.5107
28339,5494.0386
28340,5606.3154
28341,7238.236
28342,4196.667
28343,3223.9612
28344,3538.2292
28345,3053.7097
28346,4402.945
28347,8555.229
28348,2549.4878
28349,3332.6787
28350,4058.217
28351,4129.8154
28352,2943.865
28353,5573.5776
28354,4014.7307
28355,7992.8843
28356,7213.5894
28357,4514.4336
28358,2931.8608
28359,3350.594
28360,5413.6562
28361,2724.5037
28362,6045.7163
28363,7095.637
28364,4462.8276
28365,5187.838
28366,2470.3506
28367,9276.633
28368,3096.3508
28369,3773.2615
28370,6835.293
28371,7337.2314
28372,3796.0386
28373,3798.7336
28374,3139.584
28375,5612.9717
28376,6614.1465
28377,3864.1624
28378,5350.099
28379,7064.6675
28380,3338.4285
28381,2917.2886
28382,6703.6553
28383,7014.5713
28384,7457.8477
28385,6844.962
28386,3072.0916
28387,3150.5232
28388,4557.9062
28389,5612.431
28390,4487.026
28391,6580.1045
28392,3110.3037
28393,6609.492
28394,4577.2163
28395,4237.699
28396,2695.866
28397,7177.216
28398,2813.4216
28399,7480.267
28400,7318.514
28401,4380.273
28402,8729.503
28403,2720.1611
28404,6288.845
28405,4307.6035
28406,4798.307
28407,6888.687
28408,6046.2812
28409,3788.2432
28410,8589.068
28411,3766.9785
28412,4097.837
28413,2265.523
28414,4183.0063
28415,6769.5283
28416,2766.8855
28417,7389.082
28418,9073.002
28419,6953.977
28420,3394.373
28421,7266.0913
28422,7108.535
28423,3034.129
28424,3472.8176
28425,7283.7783
28426,2971.911
28427,7201.4697
28428,5389.086
28429,5072.997
28430,4370.186
28431,5748.0054
28432,5742.662
28433,4093.4966
28434,2670.349
28435,3643.2742
28436,7524.4897
28437,7454.4556
28438,4404.041
28439,6748.1387
28440,6821.7583
28441,3100.3823
28442,7505.7812
28443,2719.4397
28444,4113.7617
28445,3060.8262
28446,4356.0103
28447,5113.705
28448,3330.076
28449,8471.537
28450,19557.412
28451,3992.5454
28452,4519.0654
28453,6769.4316
28454,7408.065
28455,9111.55
28456,4765.3564
28457,7121.0146
28458,5267.2183
28459,2991.5823
28460,2167.93
28461,7153.3096
28462,2644.5513
28463,3720.0627
28464,7175.9766
28465,3319.0645
28466,2566.09
28467,7205.104
28468,3523.6174
28469,2078.912
28470,7499.77
28471,7329.279
28472,7702.6797
28473,5415.6655
28474,4568.693
28475,9203.67
28476,3929.754
28477,5867.0664
28478,5067.851
28479,7990.59
28480,4405.293
28481,5203.484
28482,9069.767
28483,4042.0986
28484,3443.001
28485,6367.7114
28486,3123.8037
28487,4099.3853
28488,8742.102
28489,5553.846
28490,5140.2207
28491,6482.6787
28492,6056.4805
28493,2917.1772
28494,5671.5903
28495,9887.674
28496,3310.1443
28497,4547.0806
28498,3578.9548
28499,7997.7725
28500,4008.868
28501,4284.0005
28502,4847.24
28503,7454.2563
28504,3888.7305
28505,11572.993
28506,9117.565
28507,3830.3801
28508,5139.809
28509,4106.3203
28510,7176.709
28511,9443.337
28512,2433.317
28513,3265.7341
28514,5289.936
28515,3223.8506
28516,7180.297
28517,3822.2554
28518,2889.9373
28519,3414.134
28520,5411.3794
28521,3317.9976
28522,4717.2095
28523,7364.7373
28524,9062.987
28525,4370.9277
28526,8989.509
28527,5657.5747
28528,7318.3535
28529,3818.1738
28530,2816.4373
28531,7499.598
28532,3626.6023
28533,6333.1367
28534,4348.0977
28535,4208.3687
28536,4557.789
28537,3546.5862
28538,4975.996
28539,9469.908
28540,5417.8975
28541,4557.415
28542,7652.868
28543,4614.448
28544,4343.7866
28545,4121.248
28546,7202.3213
28547,9120.627
28548,6100.591
28549,7210.996
28550,5810.2725
28551,5273.1504
28552,7393.347
28553,4408.6353
28554,4473.952
28555,4285.149
28556,8870.736
28557,4149.397
28558,4956.328
28559,2972.6792
28560,3343.6204
28561,4207.1406
28562,3643.8997
28563,5541.1045
28564,5578.7954
28565,2622.0579
28566,6816.0415
28567,3516.4014
28568,5793.25
28569,8864.773
28570,4818.543
28571,4680.9834
28572,2619.6514
28573,4939.093
28574,7476.0303
28575,3983.3167
28576,5797.656
28577,7318.9956
28578,3786.3535
28579,3145.385
28580,2741.2104
28581,4760.0728
28582,5683.0547
28583,8384.288
28584,8616.063
28585,3662.8445
28586,7292.871
28587,3450.409
28588,5542.1196
28589,4247.602
28590,7330.705
28591,5259.246
28592,9985.545
28593,9495.006
28594,7739.937
28595,4496.1777
28596,4999.761
28597,5260.7764
28598,4606.027
28599,7177.647
28600,7634.5034
28601,2438.3691
28602,6948.7324
28603,5087.326
28604,4911.384
28605,7152.293
28606,5715.945
28607,7376.5547
28608,7100.268
28609,9264.28
28610,7646.9434
28611,2232.2178
28612,8888.581
28613,7356.474
28614,9072.094
28615,3087.5283
28616,4267.7183
28617,7336.8677
28618,2546.8232
28619,4868.7275
28620,5212.4604
28621,8409.3955
28622,3783.4111
28623,3236.361
28624,3472.314
28625,3744.04
28626,3708.7986
28627,7654.2993
28628,3403.8088
28629,4010.1223
28630,2916.1921
28631,6379.5356
28632,4764.97
28633,7375.0776
28634,4030.2402
28635,6091.549
28636,5355.2812
28637,5219.6743
28638,5790.8247
28639,7262.6196
28640,9378.45
28641,3131.448
28642,3996.333
28643,3020.584
28644,4498.9663
28645,6669.782
28646,2713.6836
28647,5532.6123
28648,4362.797
28649,3920.3074
28650,3374.7039
28651,7725.245
28652,6036.554
28653,4550.9253
28654,7089.082
28655,6807.8354
28656,7480.909
28657,9490.316
28658,7386.8696
28659,3370.6018
28660,7613.3066
28661,5254.848
28662,4781.863
28663,7416.8813
28664,3927.8762
28665,2782.4502
28666,7764.5444
28667,3870.8362
28668,10324.113
28669,4568.885
28670,3015.5884
28671,5821.523
28672,7576.5356
28673,7216.7417
28674,10017.596
28675,5827.973
28676,5342.2153
28677,7316.9995
28678,2110.2803
28679,7391.6196
28680,7328.202
28681,5170.7
28682,18270.172
28683,5115.271
28684,3637.2595
28685,9011.305
28686,4971.1333
28687,5224.222
28688,3604.0474
28689,9878.615
28690,3170.3647
28691,3890.1404
28692,4743.1626
28693,5529.373
28694,3502.6716
28695,4459.436
28696,5807.8677
28697,8672.631
28698,7711.3535
28699,10357.449
28700,7484.9775
28701,3340.2378
28702,6613.478
28703,10096.654
28704,3187.636
28705,5577.3003
28706,4404.2007
28707,4971.6694
28708,4284.0986
28709,8114.953
28710,6473.4844
28711,5046.6646
28712,4831.5405
28713,3386.7075
28714,3912.4956
28715,4652.041
28716,4996.9814
28717,3875.5728
28718,3692.3235
28719,7035.913
28720,4372.2246
28721,3706.602
28722,6953.977
28723,5571.3877
28724,5612.217
28725,3378.1309
28726,2662.702
28727,8345.872
28728,4665.8486
28729,4877.0845
28730,9597.115
28731,4611.1177
28732,7619.7285
28733,7701.4087
28734,2728.2854
28735,3424.729
28736,7353.212
28737,2427.9727
28738,3884.3484
28739,2199.2207
28740,4617.667
28741,9431.249
28742,5640.0903
28743,6123.636
28744,4496.169
28745,4877.922
28746,4088.911
28747,4514.3516
28748,6682.2754
28749,8189.2856
28750,4656.565
28751,7448.841
28752,4263.7344
28753,4550.795
28754,3953.7886
28755,4453.2637
28756,4036.8735
28757,6084.615
28758,4592.3394
28759,7305.8345
28760,5744.591
28761,7911.131
28762,7018.667
28763,4004.255
28764,7659.243
28765,2834.8381
28766,3015.4158
28767,3511.973
28768,2952.9924
28769,5893.692
28770,6025.348
28771,10977.937
28772,2785.9724
28773,4808.3916
28774,4198.986
28775,4166.1025
28776,2630.8179
28777,7164.665
28778,5862.0264
28779,6643.04
28780,7475.146
28781,3979.2832
28782,8618.258
28783,3967.1475
28784,5060.2144
28785,5599.95
28786,7759.073
28787,3844.9907
28788,4734.2124
28789,5191.991
28790,2621.6228
28791,3454.015
28792,8319.256
28793,5395.68
28794,2706.1306
28795,7740.601
28796,3122.4631
28797,2210.897
28798,4270.194
28799,4949.1753
28800,4483.389
28801,2388.2954
28802,4097.274
28803,9090.586
28804,2894.3132
28805,4159.574
28806,5657.553
28807,7565.769
28808,4035.422
28809,5756.988
28810,6285.9062
28811,7610.1265
28812,3364.7034
28813,8235.869
28814,4311.213
28815,6167.9297
28816,10518.814
28817,4415.9204
28818,3203.5674
28819,5501.695
28820,7360.4185
28821,2968.5332
28822,6029.505
28823,5591.277
28824,5824.8164
28825,4986.1733
28826,3511.1523
28827,3804.9753
28828,5924.9404
28829,2224.7083
28830,9643.24
28831,4691.752
28832,4920.4478
28833,5362.049
28834,7641.315
28835,7812.921
28836,6181.3696
28837,3279.5083
28838,5062.295
28839,3611.9946
28840,4580.217
28841,3801.6084
28842,7170.7153
28843,10066.164
28844,6088.679
28845,8829.316
28846,5560.074
28847,5936.9336
28848,7588.5557
28849,10296.805
28850,3477.3657
28851,4938.937
28852,3969.3276
28853,3818.079
28854,5262.1714
28855,6582.8477
28856,4032.9438
28857,8309.581
28858,7701.541
28859,7642.474
28860,3856.9958
28861,6601.2515
28862,3382.2488
28863,10491.151
28864,4685.7363
28865,7703.7744
28866,7101.094
28867,4658.8975
28868,4456.8545
28869,3184.9001
28870,3109.3425
28871,2458.2178
28872,2364.0212
28873,7899.9336
28874,8489.729
28875,8001.87
28876,9858.21
28877,9068.841
28878,1340.6671
28879,7499.498
28880,3420.8728
28881,10781.439
28882,3611.0989
28883,6557.367
28884,9734.587
28885,6721.6914
28886,3959.3706
28887,8286.257
28888,7306.392
28889,8506.888
28890,3433.499
28891,4507.1963
28892,5693.412
28893,8133.147
28894,9682.122
28895,5448.4165
28896,5531.2246
28897,4677.198
28898,5185.7993
28899,4416.371
28900,5895.8735
28901,7364.5474
28902,4231.8174
28903,2454.1123
28904,4798.458
28905,6898.0566
28906,4486.2983
28907,7494.0923
28908,4774.3423
28909,4837.051
28910,5317.8677
28911,7321.4395
28912,4177.6353
28913,5181.058
28914,9432.076
28915,6185.5986
28916,5947.005
28917,3017.0042
28918,6854.886
28919,4591.231
28920,5695.074
28921,5840.455
28922,7494.1284
28923,4300.4062
28924,6494.202
28925,1300.0099
28926,7654.8687
28927,4565.055
28928,8420.046
28929,8263.046
28930,3894.3396
28931,10369.369
28932,9207.489
28933,3507.5903
28934,3921.321
28935,3193.766
28936,4619.1167
28937,3183.6973
28938,10644.261
28939,7685.866
28940,10335.719
28941,3855.414
28942,3569.793
28943,8664.528
28944,4121.185
28945,5203.6973
28946,3227.0044
28947,9117.887
28948,9212.637
28949,7895.2485
28950,6184.814
28951,3201.5815
28952,7086.358
28953,8318.073
28954,7596.3115
28955,4611.584
28956,3014.0757
28957,10679.496
28958,7319.491
28959,3062.5405
28960,3611.6328
28961,5823.2944
28962,4938.136
28963,4596.902
28964,3956.9429
28965,7593.1606
28966,3538.7793
28967,10131.526
28968,7612.987
28969,6318.5596
28970,2962.6711
28971,4899.1904
28972,7920.123
28973,7536.4556
28974,3687.9868
28975,9641.346
28976,5801.988
28977,4943.212
28978,3803.7632
28979,5400.453
28980,9139.087
28981,7692.122
28982,6971.7754
28983,5253.801
28984,8769.869
28985,8687.889
28986,4159.582
28987,5398.0737
28988,5013.845
28989,4227.831
28990,5860.5557
28991,3256.4854
28992,5726.5044
28993,7305.061
28994,4175.5435
28995,8012.0884
28996,7541.1797
28997,6968.518
28998,6323.642
28999,7703.51
29000,4052.8745
29001,3740.759
29002,4779.3594
29003,7434.2476
29004,4058.426
29005,9164.549
29006,5136.06
29007,4536.648
29008,5301.099
29009,5958.509
29010,10740.642
29011,3935.2983
29012,7603.626
29013,7635.2246
29014,5663.919
29015,4846.033
29016,5148.705
29017,4051.2627
29018,6262.3037
29019,2250.9668
29020,7338.764
29021,9722.497
29022,10255.718
29023,3752.6108
29024,3890.8752
29025,5884.9565
29026,2988.8408
29027,4712.2354
29028,5345.233
29029,4489.231
29030,4461.1465
29031,3224.878
29032,10043.694
29033,7897.1914
29034,7479.147
29035,10450.895
29036,5208.474
29037,4214.097
29038,5148.1157
29039,6094.914
29040,3913.3503
29041,7978.9604
29042,4853.8286
29043,4435.7373
29044,4925.839
29045,4316.809
29046,4401.9033
29047,5302.0044
29048,9783.8545
29049,4542.3594
29050,5451.562
29051,4057.6636
29052,4001.1467
29053,4949.7607
29054,4530.4253
29055,9617.283
29056,4452.2783
29057,2749.6653
29058,8368.382
29059,4683.886
29060,7999.9395
29061,4583.6567
29062,5821.1562
29063,4633.7725
29064,7676.401
29065,7980.468
29066,3024.4736
29067,7528.2007
29068,4564.894
29069,3728.824
29070,10121.81
29071,4779.897
29072,5475.0327
29073,5494.2847
29074,4970.1377
29075,5632.338
29076,4203.402
29077,4729.428
29078,3525.1338
29079,3150.364
29080,4965.082
29081,6225.249
29082,8524.302
29083,5158.96
29084,6353.054
29085,7502.3027
29086,3947.514
29087,2904.5808
29088,4386.52
29089,8702.66
29090,5712.0806
29091,4930.168
29092,7854.7334
29093,5006.3994
29094,4351.359
29095,2631.4468
29096,5703.685
29097,6754.1724
29098,3894.1353
29099,3491.8857
29100,6144.067
29101,7950.0786
29102,7551.84
29103,7987.0317
29104,3411.2627
29105,8736.667
29106,5801.7715
29107,7145.917
29108,9531.235
29109,8438.264
29110,9088.367
29111,6484.6826
29112,4795.9595
29113,3375.7212
29114,5299.694
29115,3786.1514
29116,7400.177
29117,4159.471
29118,4202.4316
29119,6085.9795
29120,4734.7593
29121,6481.189
29122,4790.295
29123,7023.9443
29124,4218.0747
29125,5676.418
29126,4148.665
29127,6653.224
29128,4326.9424
29129,8544.187
29130,4158.7847
29131,5674.9185
29132,5803.8086
29133,5441.961
29134,4368.0894
29135,3874.7485
29136,5140.7603
29137,3647.7185
29138,5477.608
29139,5480.8745
29140,5393.704
29141,8246.731
29142,6480.713
29143,7346.8813
29144,5508.737
29145,4444.725
29146,8181.143
29147,3262.7417
29148,5282.373
29149,6540.134
29150,7133.986
29151,4651.5796
29152,3190.578
29153,3620.733
29154,7387.581
29155,4451.2295
29156,4952.0894
29157,7043.924
29158,4633.887
29159,6514.9927
29160,9508.056
29161,7221.8506
29162,7361.8086
29163,5159.0386
29164,4542.364
29165,7147.887
29166,5323.735
29167,5216.066
29168,4509.983
29169,7112.075
29170,8949.805
29171,4689.497
29172,5653.7715
29173,9728.415
29174,4670.974
29175,4200.7803
29176,4157.325
29177,5250.369
29178,4483.877
29179,5309.211
29180,4987.3057
29181,3264.7686
29182,5561.427
29183,4160.884
29184,9229.761
29185,6992.807
29186,10279.545
29187,6195.885
29188,3772.1243
29189,9251.406
29190,6397.3467
29191,4085.78
29192,9211.187
29193,7483.221
29194,7586.8047
29195,5570.936
29196,5739.1743
29197,7338.9814
29198,4255.701
29199,4884.04
29200,3587.7124
29201,4626.697
29202,4463.7427
29203,8672.416
29204,3862.7212
29205,3379.8877
29206,6149.49
29207,6254.311
29208,4461.1675
29209,5650.801
29210,4109.5767
29211,8107.2554
29212,7384.031
29213,6837.875
29214,4441.7583
29215,3397.2854
29216,5488.984
29217,4126.543
29218,6187.103
29219,7194.673
29220,4526.257
29221,5259.9736
29222,3742.2153
29223,9409.999
29224,3168.3572
29225,5718.1313
29226,6928.7256
29227,7439.277
29228,3848.987
29229,5757.1523
29230,4754.4233
29231,5691.224
29232,6766.1655
29233,3917.9373
29234,5424.366
29235,7165.7036
29236,5059.592
29237,4419.182
29238,6861.192
29239,7113.0317
29240,7562.111
29241,7003.6606
29242,4654.158
29243,3192.499
29244,6906.18
29245,5690.263
29246,6801.105
29247,6734.128
29248,3182.185
29249,6766.1587
29250,6932.381
29251,6423.2837
29252,4083.4111
29253,7345.7676
29254,2878.9138
29255,7584.5903
29256,7489.519
29257,4483.4277
29258,8848.25
29259,2758.0803
29260,6376.427
29261,6527.638
29262,4865.19
29263,7047.983
29264,6189.511
29265,3877.7546
29266,8787.578
29267,3819.2266
29268,4154.3716
29269,3431.5835
29270,4241.61
29271,6929.3335
29272,4192.858
29273,7493.1846
29274,9202.204
29275,7118.6245
29276,3473.4536
29277,7367.491
29278,7208.4106
29279,3077.8823
29280,3554.4949
29281,7456.02
29282,4501.4517
29283,7302.6577
29284,5464.207
29285,5142.9575
29286,4430.798
29287,5828.3564
29288,5822.3335
29289,4150.9766
29290,4044.679
29291,3694.152
29292,7628.8765
29293,7630.0117
29294,4465.6978
29295,6905.278
29296,6982.25
29297,3143.762
29298,7610.199
29299,2756.652
29300,4170.969
29301,3132.404
29302,4418.6006
29303,5185.32
29304,5044.2485
29305,8587.635
29306,20020.156
29307,6046.3853
29308,4625.324
29309,6928.23
29310,7512.3706
29311,9240.833
29312,4830.149
29313,7219.7227
29314,5340.794
29315,4531.886
29316,3284.1323
29317,7321.4883
29318,4007.0708
29319,3807.6294
29320,7344.6255
29321,5029.547
29322,3887.944
29323,7304.3853
29324,5337.2495
29325,3150.1536
29326,7603.1763
29327,7428.067
29328,7813.1294
29329,5542.701
29330,4633.3037
29331,9421.7
29332,5952.2827
29333,6005.2666
29334,5138.5786
29335,8176.8677
29336,4466.43
29337,5276.6523
29338,9195.799
29339,4100.7935
29340,5215.832
29341,6456.798
29342,3166.955
29343,4196.171
29344,8861.907
29345,5631.167
29346,5211.769
29347,6633.606
29348,6142.86
29349,4419.81
29350,5804.9824
29351,10119.898
29352,3387.1436
29353,4610.0576
29354,3663.5051
29355,8107.874
29356,4064.4583
29357,4344.0435
29358,4961.0107
29359,7628.833
29360,3942.5012
29361,11734.903
29362,9244.685
29363,3884.048
29364,5211.958
29365,4201.582
29366,7344.9966
29367,9579.355
29368,3686.418
29369,3310.836
29370,5414.333
29371,4881.8228
29372,7279.4653
29373,3911.7979
29374,4378.648
29375,3461.3672
29376,5485.273
29377,3395.9536
29378,4827.8228
29379,7467.799
29380,9273.917
29381,4473.184
29382,9116.131
29383,5790.0625
29384,7421.516
29385,3907.2927
29386,4267.2134
29387,7674.1753
29388,3711.0564
29389,6421.3843
29390,4407.7476
29391,4266.9365
29392,4621.8623
29393,3630.6245
29394,5092.356
29395,9602.938
29396,5493.415
29397,4620.782
29398,7758.5107
29399,6994.061
29400,4404.4526
29401,4179.417
29402,7301.3833
29403,9331.963
29404,6184.047
29405,7310.8604
29406,5891.14
29407,5346.788
29408,7496.5947
29409,4470.535
29410,4578.3604
29411,6492.623
29412,8993.951
29413,4248.0806
29414,5026.065
29415,3043.1965
29416,5067.8223
29417,4304.97
29418,3694.656
29419,5618.2104
29420,5656.657
29421,3972.1382
29422,10329.166
29423,3564.9436
29424,5929.113
29425,9069.6455
29426,4886.0107
29427,4745.5835
29428,3970.407
29429,5055.245
29430,7651.6274
29431,4038.7993
29432,5877.2827
29433,7422.359
29434,5736.788
29435,4764.6655
29436,4152.7314
29437,7209.215
29438,5761.4976
29439,8582.673
29440,8818.021
29441,5550.256
29442,7395.075
29443,3531.556
29444,5619.379
29445,4345.498
29446,7432.5317
29447,5332.471
29448,10215.828
29449,9624.927
29450,7847.0356
29451,4601.078
29452,5070.1865
29453,5384.7544
29454,4714.7715
29455,7346.657
29456,7740.8228
29457,3693.4897
29458,7046.0605
29459,5205.7725
29460,5025.9067
29461,7251.1436
29462,5795.7593
29463,7479.204
29464,7199.828
29465,9482.3
29466,7753.022
29467,3381.3003
29468,9097.317
29469,7458.2744
29470,9197.457
29471,4677.033
29472,4327.4297
29473,7508.1084
29474,3857.7427
29475,4936.9966
29476,5334.4907
29477,8607.988
29478,5732.166
29479,3311.9636
29480,5260.2095
29481,3795.2349
29482,3795.756
29483,7761.39
29484,5155.472
29485,4104.1313
29486,4417.787
29487,9660.805
29488,4831.232
29489,7480.1387
29490,4125.008
29491,6179.937
29492,5430.009
29493,5292.0913
29494,5871.6235
29495,7362.3843
29496,9507.639
29497,4743.4204
29498,6052.8306
29499,3061.676
29500,4561.8037
29501,6762.6426
29502,4111.145
29503,5661.6396
29504,4464.1475
29505,4012.4717
29506,5110.9404
29507,7905.511
29508,6120.8975
29509,4614.3647
29510,7254.1323
29511,6966.471
29512,7657.1763
29513,9622.402
29514,7560.373
29515,5105.4634
29516,7721.1567
29517,5326.95
29518,4893.357
29519,7588.7007
29520,5951.4595
29521,4215.987
29522,7870.069
29523,5864.2686
29524,10463.811
29525,4632.111
29526,4568.6274
29527,5903.583
29528,7754.8413
29529,7316.86
29530,10252.061
29531,5910.0957
29532,5467.3716
29533,7490.048
29534,3197.1772
29535,7496.137
29536,7499.7485
29537,5243.1177
29538,18526.955
29539,5185.7153
29540,3687.0476
29541,9137.475
29542,5088.0977
29543,5296.404
29544,3654.0535
29545,10014.635
29546,4803.2896
29547,3944.3484
29548,7189.267
29549,5658.94
29550,5306.7705
29551,4565.652
29552,5944.7593
29553,8795.158
29554,7892.1763
29555,10602.425
29556,7587.2095
29557,3387.0273
29558,6768.431
29559,10237.922
29560,4828.6885
29561,5708.578
29562,4465.3784
29563,5087.855
29564,4385.943
29565,8226.77
29566,6625.3286
29567,5164.8193
29568,7317.572
29569,3466.1682
29570,3967.03
29571,4716.8496
29572,5114.8027
29573,5869.8706
29574,3779.371
29575,7133.3325
29576,6622.1
29577,5613.336
29578,7052.327
29579,5648.8394
29580,5691.1587
29581,5117.848
29582,4034.0864
29583,8469.186
29584,4775.0894
29585,4945.528
29586,9725.224
29587,4674.83
29588,7725.857
29589,7809.002
29590,4133.24
29591,3505.523
29592,7525.1855
29593,3677.9036
29594,5884.895
29595,3331.7058
29596,6996.97
29597,9574.725
29598,5717.068
29599,6208.6455
29600,4559.272
29601,4993.4365
29602,6195.7607
29603,4620.0684
29604,10121.202
29605,8382.297
29606,7050.834
29607,7553.043
29608,4323.2915
29609,4614.083
29610,4008.5771
29611,4515.0967
29612,4091.3533
29613,6168.3706
29614,6955.33
29615,7408.1216
29616,5825.222
29617,8096.2285
29618,7115.0537
29619,4099.131
29620,7838.889
29621,4295.2695
29622,4568.815
29623,5320.547
29624,3021.1055
29625,5974.7627
29626,6107.234
29627,11130.375
29628,4221.154
29629,4874.885
29630,4299.061
29631,4263.6816
29632,3984.453
29633,7263.853
29634,5943.2397
29635,6737.167
29636,7578.2417
29637,4033.6287
29638,8737.225
29639,4022.7197
29640,7664.9146
29641,5679.597
29642,7942.0225
29643,3898.551
29644,4800.266
29645,5263.331
29646,3971.4753
29647,5232.4956
29648,8435.094
29649,5470.9346
29650,4099.827
29651,7850.1797
29652,4730.9805
29653,3348.7183
29654,6467.9297
29655,5018.022
29656,4588.915
29657,3617.6118
29658,4155.2437
29659,9220.346
29660,4385.2856
29661,4257.2847
29662,5789.582
29663,7672.7114
29664,4091.5952
29665,5837.0913
29666,6432.9526
29667,7717.6963
29668,3443.7566
29669,8349.9
29670,4370.761
29671,6311.7104
29672,10662.621
29673,4477.069
29674,4854.343
29675,5578.0024
29676,7461.505
29677,4497.752
29678,6113.353
29679,5669.173
29680,5904.5347
29681,7550.4497
29682,3562.02
29683,3858.0225
29684,6062.237
29685,3370.936
29686,9780.384
29687,4757.0635
29688,4989.6895
29689,5437.089
29690,7819.9663
29691,7999.6953
29692,6267.5205
29693,3354.9597
29694,5181.7056
29695,3696.856
29696,4686.97
29697,5758.8496
29698,7339.5693
29699,10306.395
29700,6175.594
29701,8951.914
29702,8427.743
29703,6076.5767
29704,7693.8906
29705,10539.572
29706,5266.691
29707,5008.7876
29708,4061.9429
29709,5782.766
29710,5385.9
29711,6675.695
29712,4089.4219
29713,8506.198
29714,7807.557
29715,7748.749
29716,3911.1113
29717,6691.9194
29718,3429.1848
29719,10638.009
29720,7097.7964
29721,7810.9614
29722,7266.729
29723,4767.8027
29724,4561.5903
29725,3229.305
29726,4709.804
29727,3723.8333
29728,3581.783
29729,8010.4224
29730,8610.937
29731,8188.8013
29732,10090.416
29733,9277.756
29734,2031.4064
29735,7605.57
29736,3468.8542
29737,11032.875
29738,5470.7363
29739,6711.2236
29740,9960.851
29741,6879.0024
29742,5996.555
29743,8400.93
29744,7407.959
29745,8625.001
29746,3480.8274
29747,4613.0884
29748,5773.5566
29749,8245.6
29750,9817.721
29751,8254.515
29752,5606.8237
29753,4743.515
29754,5257.7866
29755,4475.9883
29756,6032.8013
29757,7466.923
29758,4290.5273
29759,3717.2495
29760,4866.1646
29761,7059.528
29762,4590.907
29763,7671.2993
29764,4839.64
29765,7326.9165
29766,8051.134
29767,7492.806
29768,4276.8223
29769,5303.153
29770,9650.546
29771,6328.143
29772,6030.333
29773,3058.9287
29774,7015.321
29775,4655.215
29776,5774.4375
29777,5921.5845
29778,7599.696
29779,4401.559
29780,6646.5957
29781,1969.1952
29782,7834.24
29783,4629.836
29784,8540.879
29785,8378.029
29786,5899.5522
29787,10508.356
29788,9335.266
29789,3556.7673
29790,4013.4402
29791,4838.5923
29792,4683.3994
29793,4822.8335
29794,10800.314
29795,7866.3315
29796,10579.243
29797,3944.7131
29798,5408.748
29799,8867.31
29800,6243.5884
29801,7882.8853
29802,4888.5376
29803,9246.766
29804,9341.028
29805,8005.672
29806,6269.3086
29807,4850.2466
29808,7253.551
29809,8512.869
29810,7772.176
29811,4719.604
29812,4565.9175
29813,10827.543
29814,7423.973
29815,4638.9336
29816,5471.086
29817,5905.064
29818,5006.939
29819,4703.833
29820,4012.2422
29821,7698.7354
29822,3589.4104
29823,10366.442
29824,7719.802
29825,6467.208
29826,4486.7095
29827,4966.8867
29828,8105.9253
29829,7639.6025
29830,3739.639
29831,9775.385
29832,5883.043
29833,7489.605
29834,3857.1355
29835,5475.252
29836,9265.358
29837,7872.3813
29838,7131.2373
29839,5377.0454
29840,8975.313
29841,8895.501
29842,4218.7305
29843,8176.8213
29844,5083.5327
29845,4286.7104
29846,5943.54
29847,3301.8972
29848,5805.68
29849,7406.299
29850,4273.499
29851,8123.4097
29852,7649.409
29853,7067.2153
29854,6472.583
29855,7813.517
29856,4108.938
29857,5665.6265
29858,4845.9966
29859,7539.087
29860,6147.93
29861,9290.711
29862,5208.136
29863,4600.253
29864,5425.3545
29865,6042.62
29866,10993.14
29867,5959.975
29868,7708.133
29869,7735.206
29870,5744.629
29871,4912.963
29872,5268.354
29873,6136.6987
29874,6351.2666
29875,3409.6294
29876,7440.7954
29877,9949.817
29878,10499.09
29879,5684.8926
29880,3982.0972
29881,5967.3643
29882,4527.0903
29883,4778.443
29884,5419.655
29885,4594.368
29886,4523.3003
29887,4885.2935
29888,10183.91
29889,8006.7715
29890,7655.3066
29891,10693.704
29892,5280.101
29893,6384.0645
29894,5218.9277
29895,6180.9272
29896,3967.8816
29897,8089.3896
29898,7358.2563
29899,4498.3696
29900,4993.6797
29901,6539.784
29902,4463.083
29903,5426.385
29904,10011.378
29905,4605.3374
29906,5579.753
29907,6147.1323
29908,4057.7253
29909,5066.4155
29910,4593.6406
29911,9751.946
29912,4557.428
29913,4165.3276
29914,8563.294
29915,4748.7354
29916,8186.521
29917,4647.8496
29918,5957.639
29919,4742.1265
29920,7856.007
29921,8092.021
29922,4581.694
29923,7632.96
29924,6914.4785
29925,3816.6626
29926,10263.116
29927,4891.8354
29928,5552.1196
29929,5570.7446
29930,5038.877
29931,5709.994
29932,4301.547
29933,4795.3833
29934,5338.9043
29935,3194.1987
29936,5034.03
29937,6308.232
29938,8640.728
29939,5230.6543
29940,6440.5654
29941,7678.2534
29942,5979.2036
29943,4400.069
29944,4448.0293
29945,8907.413
29946,5846.843
29947,4998.693
29948,8039.57
29949,7584.757
29950,4412.0806
29951,3986.0154
29952,5783.2407
29953,6912.9883
29954,5901.798
29955,5290.471
29956,6231.219
29957,8061.1533
29958,7729.166
29959,8175.0586
29960,3457.7468
29961,8857.572
29962,5879.604
29963,7247.624
29964,9661.303
29965,8555.759
29966,9213.762
29967,6574.402
29968,4863.2085
29969,3423.197
29970,5372.472
29971,3838.1013
29972,7502.732
29973,4216.2886
29974,4261.913
29975,6169.618
29976,4801.0356
29977,6572.7593
29978,4856.3525
29979,7121.674
29980,4277.1445
29981,5755.527
29982,4206.362
29983,6745.6997
29984,4387.148
29985,8662.206
29986,4216.373
29987,5754.122
29988,5885.271
29989,5517.503
29990,4429.45
29991,3929.7915
29992,5213.067
29993,3697.6355
29994,5554.196
29995,5557.4976
29996,5468.874
29997,8364.145
29998,6570.9097
29999,7451.6616
30000,5586.1753
30001,4505.2104
30002,8293.895
30003,3309.4749
30004,5355.8486
30005,6633.3843
30006,7232.9355
30007,4715.5986
30008,3234.7097
30009,3671.009
30010,7490.255
30011,4511.8076
30012,5023.549
30013,7143.273
30014,4698.5327
30015,6605.9946
30016,9641.833
30017,7321.7676
30018,7464.409
30019,5231.223
30020,4605.9434
30021,7249.0483
30022,5398.12
30023,5289.0786
30024,4573.262
30025,7211.6562
30026,9080.378
30027,4755.4077
30028,5729.8916
30029,9857.617
30030,4736.0015
30031,4260.0674
30032,4215.1543
30033,5323.1104
30034,4546.456
30035,5384.996
30036,5056.842
30037,3309.7908
30038,5639.6006
30039,4218.3604
30040,9362.819
30041,7089.461
30042,10425.478
30043,6282.6396
30044,3825.4834
30045,9379.452
30046,6488.067
30047,4143.638
30048,9340.663
30049,7587.5933
30050,7691.6523
30051,5646.884
30052,5818.0254
30053,7440.696
30054,4314.4585
30055,4953.2983
30056,3637.832
30057,4691.9043
30058,4526.2354
30059,8792.793
30060,3916.3118
30061,3426.618
30062,6233.597
30063,6341.031
30064,4522.847
30065,5729.586
30066,4163.345
30067,8217.508
30068,7487.8765
30069,6933.4062
30070,4503.7837
30071,3444.6042
30072,5565.476
30073,4184.192
30074,6273.1006
30075,7293.782
30076,4588.6436
30077,5333.4375
30078,3795.0503
30079,9536.919
30080,3212.2769
30081,5798.01
30082,7025.579
30083,7543.043
30084,3901.557
30085,5834.347
30086,4821.0903
30087,5770.738
30088,6861.5127
30089,3972.7332
30090,5500.3047
30091,7263.4097
30092,5129.651
30093,4481.431
30094,6956.1396
30095,7211.2163
30096,7667.1885
30097,7101.3516
30098,4718.186
30099,3239.144
30100,7003.3535
30101,5769.8457
30102,6893.9785
30103,6827.35
30104,3227.0938
30105,6859.5757
30106,7030.419
30107,6507.7573
30108,4140.422
30109,7448.855
30110,2918.466
30111,7689.4155
30112,7594.566
30113,4545.6626
30114,8970.932
30115,2796.4854
30116,6465.117
30117,6617.8696
30118,4932.8257
30119,7147.9214
30120,6275.3687
30121,3930.9536
30122,8911.984
30123,3871.6375
30124,4212.8755
30125,3479.7185
30126,4301.03
30127,7025.5454
30128,4250.804
30129,7598.319
30130,9332.07
30131,7217.093
30132,3523.3486
30133,7470.285
30134,7307.995
30135,3121.093
30136,3603.267
30137,7558.9165
30138,4564.8115
30139,7404.208
30140,5540.1055
30141,5215.245
30142,4492.281
30143,5909.825
30144,5903.3916
30145,4208.3726
30146,4100.985
30147,3745.5547
30148,7734.8228
30149,7735.5015
30150,4527.578
30151,7003.133
30152,7080.2705
30153,3187.6025
30154,7716.283
30155,2795.3892
30156,4229.1704
30157,3176.3347
30158,4478.6577
30159,5257.235
30160,5115.1006
30161,8706.985
30162,20292.764
30163,6130.4155
30164,4689.81
30165,7024.735
30166,7616.11
30167,9365.088
30168,4898.1157
30169,7321.0063
30170,5413.76
30171,4595.49
30172,3329.9011
30173,7422.748
30174,4062.1792
30175,3861.1814
30176,7447.1
30177,5099.633
30178,3941.625
30179,7407.3936
30180,5412.0454
30181,3193.568
30182,7710.2505
30183,7532.884
30184,7916.2183
30185,5620.156
30186,4696.4937
30187,9557.407
30188,6036.18
30189,6089.899
30190,5210.5464
30191,8291.0
30192,4528.1226
30193,5348.089
30194,9327.487
30195,4155.4893
30196,5288.342
30197,6543.2847
30198,3210.9226
30199,4255.0234
30200,8987.691
30201,5709.3516
30202,5283.31
30203,6725.0264
30204,6227.9634
30205,4481.675
30206,5885.8154
30207,10262.068
30208,3435.2224
30209,4674.3037
30210,3714.18
30211,8223.482
30212,4121.055
30213,4405.1714
30214,5030.698
30215,7734.6973
30216,3997.9268
30217,11897.841
30218,9373.147
30219,3938.468
30220,5285.306
30221,4260.8926
30222,7447.3486
30223,9714.757
30224,3737.7808
30225,3357.4282
30226,5489.4653
30227,4950.172
30228,7380.869
30229,3966.383
30230,4439.221
30231,3510.1074
30232,5561.2305
30233,3444.466
30234,4895.663
30235,7571.0386
30236,9407.675
30237,4535.8604
30238,9241.062
30239,5870.643
30240,7524.468
30241,3961.6753
30242,4326.489
30243,7781.485
30244,3763.5771
30245,6511.1597
30246,4468.8765
30247,4326.6123
30248,4685.549
30249,3682.197
30250,5163.6963
30251,9734.986
30252,5569.682
30253,4685.5757
30254,7867.0747
30255,7088.7646
30256,4465.0586
30257,4236.4585
30258,7402.2944
30259,9461.124
30260,6271.539
30261,7413.1045
30262,5973.2354
30263,5421.4077
30264,7598.6235
30265,4532.6514
30266,4643.2056
30267,6583.4507
30268,9120.522
30269,4307.3364
30270,5095.4023
30271,3084.434
30272,5134.85
30273,4364.508
30274,3744.84
30275,5696.845
30276,5735.568
30277,4028.5605
30278,10472.317
30279,3615.7937
30280,6012.156
30281,9195.746
30282,4954.702
30283,4811.9014
30284,4023.6946
30285,5129.054
30286,7758.496
30287,4095.1328
30288,5960.072
30289,7525.76
30290,5816.694
30291,4831.5083
30292,4211.0635
30293,7308.3716
30294,5841.586
30295,8702.552
30296,8940.506
30297,5627.1133
30298,7497.6816
30299,3580.7205
30300,5697.3726
30301,4406.6885
30302,7535.162
30303,5406.478
30304,10359.652
30305,9763.197
30306,7957.2554
30307,4664.923
30308,5140.5938
30309,5460.0234
30310,4780.212
30311,7447.8604
30312,7848.585
30313,3745.7512
30314,7143.5117
30315,5279.4263
30316,5096.083
30317,7352.8403
30318,5876.3184
30319,7583.4043
30320,7300.415
30321,9613.238
30322,7861.636
30323,3428.3572
30324,9224.075
30325,7561.758
30326,9326.98
30327,4741.8325
30328,4388.2817
30329,7613.161
30330,3912.7905
30331,5005.4014
30332,5408.7324
30333,8728.305
30334,5812.074
30335,3358.4148
30336,5333.6206
30337,3848.7227
30338,3848.5134
30339,7868.958
30340,5228.1055
30341,4162.9404
30342,4478.888
30343,9796.937
30344,4898.4985
30345,7583.845
30346,4182.44
30347,6262.4175
30348,5505.38
30349,5365.538
30350,5953.799
30351,7465.199
30352,9643.673
30353,4809.566
30354,6139.398
30355,3105.7168
30356,4625.3286
30357,6856.4097
30358,4167.6367
30359,5741.3916
30360,4526.0234
30361,4068.0732
30362,5182.961
30363,8012.8677
30364,6206.2417
30365,4678.809
30366,7355.597
30367,7064.351
30368,7762.8857
30369,9755.071
30370,7665.653
30371,5177.254
30372,7827.9062
30373,5401.5195
30374,4962.421
30375,7693.8535
30376,6035.443
30377,4274.2446
30378,7980.6885
30379,5944.005
30380,10613.301
30381,4696.749
30382,4631.373
30383,5983.9106
30384,7862.4688
30385,7419.5273
30386,10394.431
30387,5993.0728
30388,5543.4146
30389,7593.1387
30390,3240.4082
30391,7599.6816
30392,7602.8354
30393,5315.8647
30394,18784.729
30395,5257.862
30396,3739.7388
30397,9263.468
30398,5159.403
30399,5370.2793
30400,3704.8523
30401,10155.567
30402,4869.5356
30403,3999.6355
30404,7287.9272
30405,5737.625
30406,5380.6777
30407,4626.644
30408,6027.5786
30409,8918.932
30410,8002.3965
30411,10749.199
30412,7693.0317
30413,3435.1929
30414,6862.776
30415,10379.402
30416,4895.822
30417,5788.4116
30418,4527.306
30419,5158.527
30420,4446.366
30421,8344.121
30422,6716.7056
30423,5236.73
30424,7418.9473
30425,3514.634
30426,4022.5854
30427,4782.401
30428,5185.859
30429,5951.403
30430,3831.385
30431,7232.825
30432,6715.3535
30433,5691.7236
30434,7148.6167
30435,5727.0176
30436,5770.3467
30437,5188.8325
30438,4088.6768
30439,8583.394
30440,4841.441
30441,5013.7065
30442,9865.48
30443,4739.9736
30444,7833.717
30445,7917.487
30446,4191.0063
30447,3554.4167
30448,7628.6514
30449,3728.4648
30450,5966.4307
30451,3378.6433
30452,7093.7764
30453,9700.933
30454,5798.2534
30455,6295.237
30456,4625.457
30457,5063.884
30458,6282.6694
30459,4684.606
30460,10263.292
30461,8499.037
30462,7149.9736
30463,7658.0527
30464,4384.6084
30465,4678.403
30466,4064.625
30467,4576.618
30468,4149.658
30469,6254.52
30470,7054.096
30471,7511.6685
30472,5906.174
30473,8206.855
30474,7214.7183
30475,4155.656
30476,7948.35
30477,4355.2124
30478,4632.1504
30479,5394.5684
30480,3063.657
30481,6057.717
30482,6194.283
30483,11285.674
30484,4279.536
30485,4942.811
30486,4360.0884
30487,4323.683
30488,4041.1
30489,7365.1094
30490,6027.268
30491,6830.75
30492,7686.284
30493,4090.7874
30494,8857.961
30495,4079.039
30496,7772.2354
30497,5757.7017
30498,8053.0693
30499,3952.6345
30500,4867.4224
30501,5337.713
30502,4026.1208
30503,5303.532
30504,8555.522
30505,5546.826
30506,4157.1743
30507,7960.937
30508,4797.3643
30509,3395.4094
30510,6556.454
30511,5088.117
30512,4652.1787
30513,3668.4324
30514,4211.8384
30515,9347.044
30516,4444.861
30517,4316.7764
30518,5870.4697
30519,7780.6387
30520,4148.475
30521,5917.807
30522,6523.0327
30523,7825.092
30524,3491.1863
30525,8467.175
30526,4431.9604
30527,6400.209
30528,10812.508
30529,4539.3794
30530,4920.6777
30531,5655.546
30532,7566.079
30533,4559.5503
30534,6198.5327
30535,5748.367
30536,5986.782
30537,7656.7305
30538,3611.161
30539,3911.5403
30540,6149.748
30541,3417.523
30542,9910.909
30543,4824.1953
30544,5059.196
30545,5513.536
30546,7929.0117
30547,8111.014
30548,6355.745
30549,3400.8618
30550,5253.9214
30551,3748.7002
30552,4752.587
30553,5838.1216
30554,7441.3984
30555,10450.695
30556,6261.438
30557,9076.932
30558,8542.012
30559,6161.3438
30560,7802.763
30561,10682.44
30562,5340.0093
30563,5077.291
30564,4118.505
30565,5863.7207
30566,5460.862
30567,6770.4067
30568,4146.5166
30569,8625.288
30570,7915.788
30571,7855.925
30572,3965.1914
30573,6785.347
30574,3477.2498
30575,10784.844
30576,7195.4414
30577,7919.466
30578,7368.384
30579,4833.661
30580,4625.1084
30581,3274.4004
30582,4775.3174
30583,3776.2466
30584,3631.3867
30585,8119.9546
30586,8725.35
30587,8304.851
30588,10227.859
30589,9408.922
30590,2059.7515
30591,7712.781
30592,3515.5964
30593,11186.258
30594,5546.5195
30595,6804.33
30596,10100.564
30597,6974.9814
30598,6079.673
30599,8516.816
30600,7510.9375
30601,8743.461
30602,3529.3835
30603,4677.2295
30604,5854.6445
30605,8360.858
30606,9950.415
30607,8369.004
30608,5686.4272
30609,4809.176
30610,5331.571
30611,4537.834
30612,6117.4653
30613,7569.7603
30614,4350.7407
30615,3768.3623
30616,4933.701
30617,7157.548
30618,4655.2324
30619,7777.5303
30620,4907.08
30621,7429.3213
30622,8163.815
30623,7598.5728
30624,4335.983
30625,5376.871
30626,9789.128
30627,6417.533
30628,6115.202
30629,3101.8882
30630,7113.2217
30631,4720.1353
30632,5855.3706
30633,6004.064
30634,7706.045
30635,4462.7764
30636,6739.2686
30637,1996.785
30638,7943.424
30639,4694.1694
30640,8660.207
30641,8494.239
30642,5982.535
30643,10653.31
30644,9464.526
30645,3606.6956
30646,4068.9775
30647,4905.7466
30648,4748.604
30649,4890.1094
30650,10946.956
30651,7975.3086
30652,10723.108
30653,4000.6125
30654,5482.8145
30655,8990.436
30656,6330.1655
30657,7991.7256
30658,4957.572
30659,9378.701
30660,9472.483
30661,8116.362
30662,6358.007
30663,4918.1343
30664,7354.222
30665,8632.201
30666,7880.848
30667,4787.504
30668,4629.204
30669,10977.957
30670,7524.6616
30671,4703.1196
30672,5547.3926
30673,5987.262
30674,5076.8022
30675,4769.9863
30676,4068.5818
30677,7805.889
30678,3639.1753
30679,10514.342
30680,7829.265
30681,6555.4473
30682,4549.71
30683,5036.6763
30684,8217.994
30685,7747.0566
30686,3791.3232
30687,9907.989
30688,5964.8374
30689,7594.1963
30690,3909.884
30691,5551.6587
30692,9395.919
30693,7981.9062
30694,7230.204
30695,5451.3228
30696,9102.464
30697,9018.812
30698,4276.696
30699,8289.925
30700,5154.2974
30701,4345.9414
30702,6025.314
30703,3348.073
30704,5886.2812
30705,7509.039
30706,4333.6094
30707,8236.717
30708,7755.485
30709,7166.1274
30710,6562.755
30711,7917.721
30712,4165.1685
30713,5745.566
30714,4913.525
30715,7643.983
30716,6232.878
30717,9422.869
30718,5281.637
30719,4663.526
30720,5500.2993
30721,6125.827
30722,11146.959
30723,6042.488
30724,7813.927
30725,7846.9385
30726,5823.161
30727,4980.883
30728,5342.2256
30729,6221.7173
30730,6439.3555
30731,3456.1738
30732,7544.475
30733,10089.849
30734,10647.032
30735,5766.9243
30736,4037.4087
30737,6049.979
30738,4590.2983
30739,4845.3354
30740,5494.704
30741,4658.515
30742,4587.6064
30743,4954.187
30744,10322.312
30745,8118.4985
30746,7761.7676
30747,10852.6045
30748,5354.285
30749,6472.7373
30750,5292.0107
30751,6265.9785
30752,4024.6504
30753,8202.316
30754,7457.186
30755,4560.8506
30756,5063.6763
30757,6631.3477
30758,4525.389
30759,5502.587
30760,10152.053
30761,4670.003
30762,5657.2188
30763,6232.307
30764,4114.346
30765,5136.726
30766,4657.9644
30767,9884.317
30768,4620.853
30769,4224.2754
30770,8682.389
30771,4814.1694
30772,8300.765
30773,4712.595
30774,6039.7334
30775,4808.2217
30776,7965.699
30777,8205.142
30778,4645.022
30779,7738.682
30780,7011.3804
30781,3870.1199
30782,10404.865
30783,4959.979
30784,5628.3315
30785,5648.1816
30786,5109.3315
30787,5790.0684
30788,4361.5737
30789,4862.1465
30790,5413.708
30791,3238.974
30792,5104.241
30793,6399.4766
30794,8761.835
30795,5303.1475
30796,6531.0137
30797,7785.613
30798,6063.2607
30799,4461.4443
30800,4508.667
30801,9032.025
30802,5927.5522
30803,5068.5957
30804,8149.609
30805,7689.1
30806,4473.8286
30807,4042.2722
30808,5863.1895
30809,7009.5684
30810,5985.6177
30811,5363.9004
30812,6316.5767
30813,8172.283
30814,7836.721
30815,8288.398
30816,3506.2554
30817,8981.71
30818,5963.893
30819,7347.947
30820,9801.357
30821,8676.776
30822,9343.826
30823,6666.2905
30824,4930.963
30825,3471.3271
30826,5447.31
30827,3891.343
30828,7607.1367
30829,4275.097
30830,4320.834
30831,6256.107
30832,4868.0957
30833,6663.754
30834,4923.927
30835,7221.162
30836,4336.264
30837,5836.0728
30838,4265.6997
30839,6838.873
30840,4448.763
30841,8786.866
30842,4274.987
30843,5834.275
30844,5966.943
30845,5595.481
30846,4491.261
30847,3984.126
30848,5285.382
30849,3749.6694
30850,5631.9995
30851,5634.9336
30852,5545.181
30853,8479.912
30854,6662.394
30855,7555.954
30856,5663.676
30857,4568.6187
30858,8410.158
30859,3355.901
30860,5430.4077
30861,6726.168
30862,7332.6562
30863,4780.7773
30864,3279.5708
30865,3722.2314
30866,7594.5005
30867,4575.6187
30868,5092.774
30869,7242.0337
30870,4764.311
30871,6701.7627
30872,9774.593
30873,7424.4546
30874,7568.6343
30875,5303.9014
30876,4670.5107
30877,7350.05
30878,5473.435
30879,5362.1206
30880,4636.496
30881,7312.4644
30882,9203.608
30883,4821.739
30884,5810.81
30885,9999.821
30886,4801.4893
30887,4318.774
30888,4274.445
30889,5397.7646
30890,4610.062
30891,5460.0337
30892,5127.2734
30893,3353.715
30894,5717.7495
30895,4277.614
30896,9488.669
30897,7188.602
30898,10572.676
30899,6368.7803
30900,3878.439
30901,9514.878
30902,6576.484
30903,4201.2134
30904,9468.184
30905,7692.6357
30906,7799.556
30907,5725.958
30908,5899.0405
30909,7544.259
30910,4374.3105
30911,5022.1543
30912,3687.8635
30913,4756.501
30914,4589.795
30915,8916.091
30916,3970.6228
30917,3474.1362
30918,6320.9404
30919,6430.192
30920,4585.839
30921,5809.1143
30922,4225.7344
30923,8335.538
30924,7590.59
30925,7030.0303
30926,4566.963
30927,3492.6318
30928,5644.3794
30929,4242.383
30930,6360.9062
30931,7395.6396
30932,4653.297
30933,5408.32
30934,3847.7205
30935,9673.87
30936,3259.0522
30937,5878.6284
30938,7124.3774
30939,7648.3076
30940,3956.826
30941,5916.0234
30942,4887.9175
30943,5850.999
30944,6958.084
30945,4027.815
30946,5576.066
30947,7364.8564
30948,5200.908
30949,4543.946
30950,7053.989
30951,7313.776
30952,7773.5103
30953,7201.3047
30954,4784.3354
30955,3284.9282
30956,7098.6494
30957,5849.342
30958,6993.134
30959,6923.1567
30960,3272.1926
30961,6956.0996
30962,7131.3325
30963,6600.918
30964,4198.8853
30965,7553.785
30966,2960.1426
30967,7796.9453
30968,7700.248
30969,4608.7915
30970,9100.476
30971,2833.9187
30972,6555.46
30973,6711.9277
30974,5002.0986
30975,7246.6704
30976,6362.0044
30977,3986.5667
30978,9037.152
30979,3926.1233
30980,4271.1675
30981,3528.1245
30982,4360.3755
30983,7123.0596
30984,4309.4077
30985,7704.1123
30986,9460.971
30987,7317.481
30988,3570.726
30989,7575.6396
30990,7407.7397
30991,3164.2703
30992,3654.538
30993,7664.4756
30994,4628.551
30995,7507.02
30996,5617.203
30997,5287.384
30998,4554.925
30999,5991.5522
31000,5985.8057
31001,4266.713
31002,4158.098
31003,3797.8315
31004,7842.89
31005,7844.2295
31006,4590.592
31007,7099.8345
31008,7177.763
31009,3231.5762
31010,7823.7856
31011,2835.352
31012,4288.3345
31013,3221.5754
31014,4540.917
31015,5330.7266
31016,5186.507
31017,8826.083
31018,20578.637
31019,6214.8843
31020,4754.859
31021,7122.8555
31022,7721.8125
31023,9498.955
31024,4965.2476
31025,7422.6704
31026,5488.5127
31027,4658.96
31028,3375.8406
31029,7526.7505
31030,4118.874
31031,3914.5974
31032,7550.5435
31033,5170.651
31034,3996.4739
31035,7510.171
31036,5488.0103
31037,3238.7578
31038,7819.541
31039,7636.6084
31040,8029.4927
31041,5696.7856
31042,4761.9893
31043,9683.064
31044,6121.213
31045,6173.951
31046,5282.514
31047,8407.0625
31048,4592.129
31049,5424.087
31050,9454.828
31051,4212.9478
31052,5361.2256
31053,6638.005
31054,3255.2832
31055,4313.9893
31056,9111.88
31057,5788.986
31058,5356.262
31059,6821.186
31060,6314.637
31061,4544.1494
31062,5968.2236
31063,10404.667
31064,3482.7239
31065,4739.621
31066,3765.854
31067,8337.859
31068,4178.6436
31069,4466.558
31070,5100.173
31071,7842.4487
31072,4054.7036
31073,12064.088
31074,9505.517
31075,3993.1702
31076,5358.178
31077,4318.436
31078,7550.7812
31079,9843.984
31080,3789.5225
31081,3403.6433
31082,5566.1343
31083,5019.2617
31084,7483.7637
31085,4021.7795
31086,4500.7905
31087,3559.0515
31088,5640.413
31089,3493.2883
31090,4964.6274
31091,7677.148
31092,9537.119
31093,4599.086
31094,9368.1875
31095,5952.7144
31096,7632.363
31097,4016.6995
31098,4386.4487
31099,7888.76
31100,3816.9866
31101,6601.7114
31102,4531.9727
31103,4386.403
31104,4750.8604
31105,3732.4966
31106,5235.3164
31107,9872.39
31108,5647.336
31109,4750.6743
31110,7976.7085
31111,7188.7324
31112,4526.624
31113,4295.5317
31114,7506.4756
31115,9592.713
31116,6357.8794
31117,7515.201
31118,6055.995
31119,5496.4863
31120,7705.075
31121,4595.9634
31122,4708.8433
31123,6670.9272
31124,9246.387
31125,4366.5605
31126,5167.1206
31127,3127.931
31128,5206.989
31129,4425.269
31130,3796.437
31131,5775.71
31132,5815.329
31133,4083.516
31134,10617.584
31135,3665.5115
31136,6095.8096
31137,9323.751
31138,5023.06
31139,4878.071
31140,4081.2498
31141,5195.94
31142,7866.4517
31143,4152.2876
31144,6042.021
31145,7629.248
31146,5896.7847
31147,4898.55
31148,4269.705
31149,7411.0684
31150,5923.0024
31151,8820.041
31152,9067.544
31153,5707.876
31154,7600.0874
31155,3630.448
31156,5777.2256
31157,4469.3496
31158,7641.461
31159,5482.1294
31160,10503.136
31161,9896.995
31162,8067.9917
31163,4730.5835
31164,5212.147
31165,5536.313
31166,4847.7993
31167,7552.1206
31168,7957.4756
31169,3796.9187
31170,7243.2983
31171,5352.1255
31172,5168.116
31173,7454.7256
31174,5959.026
31175,7688.5205
31176,7403.0005
31177,9747.083
31178,7970.7534
31179,3476.6062
31180,9352.483
31181,7667.8906
31182,9456.298
31183,4807.85
31184,4447.8
31185,7720.3687
31186,3965.475
31187,5074.885
31188,5483.949
31189,8849.313
31190,5892.163
31191,3404.845
31192,5407.974
31193,3902.964
31194,3901.7988
31195,7978.869
31196,5300.8364
31197,4219.5596
31198,4541.077
31199,9931.226
31200,4966.527
31201,7688.6084
31202,4240.647
31203,6351.2485
31204,5582.085
31205,5439.6255
31206,6036.7095
31207,7568.9087
31208,9773.921
31209,4879.635
31210,6224.228
31211,3148.8076
31212,4689.8813
31213,6951.961
31214,4225.5654
31215,5820.7285
31216,4589.4272
31217,4124.4375
31218,5255.049
31219,8128.4395
31220,6292.5894
31221,4744.2124
31222,7458.488
31223,7163.0522
31224,7871.8784
31225,9890.616
31226,7773.1323
31227,5248.992
31228,7938.425
31229,5476.098
31230,5031.356
31231,7800.925
31232,6119.777
31233,4334.151
31234,8091.9053
31235,6026.2793
31236,10758.553
31237,4762.4756
31238,4696.543
31239,6068.8267
31240,7972.289
31241,7522.0137
31242,10541.473
31243,6076.0264
31244,5621.0674
31245,7698.361
31246,3287.0913
31247,7706.2437
31248,7709.5005
31249,5389.888
31250,19044.582
31251,5331.2554
31252,3790.571
31253,9392.666
31254,5231.438
31255,5444.702
31256,3756.321
31257,10293.446
31258,4938.056
31259,4055.1987
31260,7389.9277
31261,5817.77
31262,5455.552
31263,4691.2285
31264,6111.709
31265,9039.144
31266,8113.227
31267,10901.134
31268,7800.4043
31269,3482.2256
31270,6958.349
31271,10523.149
31272,4964.395
31273,5867.995
31274,4590.1274
31275,5230.4697
31276,4508.1895
31277,8459.8125
31278,6811.986
31279,5310.427
31280,7522.846
31281,3563.342
31282,4078.4243
31283,4849.164
31284,5258.9
31285,6034.9194
31286,3884.9265
31287,7333.6772
31288,6808.991
31289,5771.426
31290,7249.643
31291,5807.574
31292,5850.636
31293,5262.809
31294,4147.4146
31295,8703.415
31296,4910.489
31297,5084.0273
31298,10002.302
31299,4805.897
31300,7942.992
31301,8027.9917
31302,4249.7583
31303,3602.6414
31304,7734.793
31305,3780.4924
31306,6049.829
31307,3426.1438
31308,7192.9917
31309,9839.554
31310,5878.6562
31311,6383.145
31312,4689.0986
31313,5132.945
31314,6369.5396
31315,4749.5327
31316,10405.272
31317,8617.683
31318,7251.012
31319,7764.211
31320,4445.2764
31321,4743.6963
31322,4121.0317
31323,4643.183
31324,4206.3057
31325,6341.364
31326,7149.4214
31327,7615.718
31328,5987.959
31329,8323.47
31330,7313.3296
31331,4214.479
31332,8059.2007
31333,4415.6846
31334,4697.2417
31335,5469.7607
31336,3106.4575
31337,6142.0513
31338,6281.459
31339,11441.196
31340,4339.674
31341,5011.1626
31342,4419.6455
31343,4382.371
31344,4097.751
31345,7466.802
31346,6111.604
31347,6925.673
31348,7792.2617
31349,4147.8184
31350,8983.629
31351,4136.0127
31352,7883.389
31353,5839.464
31354,8164.033
31355,4008.2598
31356,4935.005
31357,5411.4263
31358,4082.5269
31359,5377.8457
31360,8671.291
31361,5623.7114
31362,4214.9736
31363,8071.786
31364,4863.598
31365,3443.152
31366,6646.78
31367,5158.729
31368,4717.25
31369,3719.4878
31370,4272.109
31371,9474.851
31372,4508.228
31373,4377.1655
31374,5952.521
31375,7886.909
31376,4206.703
31377,6001.436
31378,6613.7617
31379,7932.915
31380,3540.113
31381,8585.31
31382,4493.888
31383,6490.078
31384,10961.771
31385,4602.8604
31386,4989.2324
31387,5735.037
31388,7671.6284
31389,4623.313
31390,6285.115
31391,5828.5234
31392,6071.449
31393,7765.055
31394,3662.5825
31395,3966.0615
31396,6235.673
31397,3464.8557
31398,10048.936
31399,4891.4854
31400,5129.1323
31401,5589.917
31402,8039.156
31403,8223.428
31404,6442.7715
31405,3449.3755
31406,5327.2905
31407,3800.6548
31408,4819.104
31409,5918.8403
31410,7545.051
31411,10595.177
31412,6350.564
31413,9202.678
31414,8661.694
31415,6245.7563
31416,7910.6406
31417,10831.179
31418,5413.92
31419,5148.2144
31420,4176.687
31421,5944.6685
31422,5536.4976
31423,6863.45
31424,4204.304
31425,8745.129
31426,8027.869
31427,7966.406
31428,4020.2146
31429,6880.4854
31430,3524.3638
31431,10934.143
31432,7296.3916
31433,8029.753
31434,7471.2256
31435,4902.5376
31436,4689.5728
31437,3320.236
31438,4842.9097
31439,3828.2651
31440,3681.7053
31441,8235.885
31442,8848.892
31443,8419.781
31444,10372.109
31445,9540.895
31446,2088.3872
31447,7818.012
31448,3564.2498
31449,11344.846
31450,5623.733
31451,6898.879
31452,10243.831
31453,7072.9
31454,6165.0415
31455,8635.603
31456,7615.7466
31457,8864.258
31458,3578.371
31459,4741.4663
31460,5935.3823
31461,8476.37
31462,10094.902
31463,8485.138
31464,5764.961
31465,4876.4053
31466,5405.225
31467,4603.598
31468,6202.241
31469,7677.594
31470,4411.3315
31471,3821.7048
31472,5002.3564
31473,7258.2295
31474,4719.3022
31475,7885.7656
31476,4975.996
31477,7528.3374
31478,8277.781
31479,7704.1123
31480,4397.4966
31481,5451.8584
31482,9926.159
31483,6507.8506
31484,6199.3667
31485,3145.0698
31486,7212.317
31487,4785.8965
31488,5936.509
31489,6087.9014
31490,7812.0938
31491,4525.061
31492,6833.122
31493,2024.6831
31494,8054.675
31495,4759.0786
31496,8782.509
31497,8611.627
31498,6065.117
31499,10805.868
31500,9596.163
31501,3656.7734
31502,4125.567
31503,4973.9697
31504,4814.95
31505,4957.6094
31506,11101.517
31507,8086.1807
31508,10874.1455
31509,4054.568
31510,5558.4253
31511,9115.27
31512,6417.0005
31513,8103.738
31514,5026.257
31515,9505.055
31516,9605.439
31517,8229.642
31518,6447.437
31519,4985.831
31520,7455.7495
31521,8751.411
31522,7991.398
31523,4855.4634
31524,4693.032
31525,11126.331
31526,7630.485
31527,4768.9214
31528,5625.176
31529,6070.8647
31530,5147.6006
31531,4836.0454
31532,4124.8506
31533,7912.972
31534,3690.9043
31535,10656.877
31536,7936.517
31537,6646.5195
31538,4613.119
31539,5107.0366
31540,8333.86
31541,7854.4487
31542,3844.62
31543,10050.488
31544,6047.8096
31545,7700.6445
31546,3964.8284
31547,5628.584
31548,9527.109
31549,8092.1987
31550,7331.9775
31551,5526.9946
31552,9226.847
31553,9140.203
31554,4337.6167
31555,8406.188
31556,5225.817
31557,4406.487
31558,6111.5107
31559,3393.8096
31560,5968.588
31561,7612.849
31562,4393.702
31563,8351.709
31564,7863.4663
31565,7262.121
31566,6653.8335
31567,8029.2705
31568,4224.2153
31569,5825.6943
31570,4982.565
31571,7750.3975
31572,6319.072
31573,9550.601
31574,5353.9634
31575,4728.9365
31576,5578.0503
31577,6212.253
31578,11301.885
31579,6127.2354
31580,7925.0195
31581,7954.4326
31582,5903.9434
31583,5050.324
31584,5416.931
31585,6308.918
31586,6529.058
31587,3506.182
31588,7648.5703
31589,10229.127
31590,10793.642
31591,5846.051
31592,4093.8909
31593,6134.352
31594,4653.8696
31595,4912.0254
31596,5570.941
31597,4722.004
31598,4649.477
31599,5022.2837
31600,10467.664
31601,8231.243
31602,7870.992
31603,10990.822
31604,5429.2427
31605,6562.6357
31606,5366.0293
31607,6354.163
31608,4080.3118
31609,8316.923
31610,7563.3735
31611,4623.697
31612,5134.7373
31613,6723.7944
31614,4588.4814
31615,5579.6094
31616,10295.734
31617,4734.7773
31618,5736.7495
31619,6319.4814
31620,4171.98
31621,5208.4844
31622,4722.765
31623,10024.879
31624,4684.579
31625,4281.5576
31626,8803.35
31627,4882.745
31628,8415.654
31629,4777.8594
31630,6123.905
31631,4875.066
31632,8076.769
31633,8319.049
31634,4709.71
31635,7847.619
31636,7108.6978
31637,3924.412
31638,10549.056
31639,5029.1294
31640,5707.5767
31641,5727.542
31642,5180.5044
31643,5871.0073
31644,4420.9316
31645,4930.7183
31646,5488.3296
31647,3283.2178
31648,5175.328
31649,6485.9507
31650,8883.69
31651,5377.107
31652,6620.5845
31653,7893.6143
31654,6146.945
31655,4523.4385
31656,4571.6616
31657,9157.507
31658,6010.3784
31659,5139.1274
31660,8264.055
31661,7796.5513
31662,4535.813
31663,4098.1694
31664,5945.933
31665,7106.82
31666,6068.207
31667,5438.8213
31668,6405.015
31669,8285.411
31670,7946.0684
31671,8404.553
31672,3557.4968
31673,9105.972
31674,6104.9854
31675,7448.8975
31676,9941.167
31677,8881.09
31678,9474.679
31679,6760.695
31680,4999.437
31681,3518.767
31682,5574.003
31683,3945.112
31684,7713.1484
31685,4374.369
31686,4380.6743
31687,6343.8804
31688,4935.2026
31689,6756.949
31690,5039.8047
31691,7390.4424
31692,4438.0396
31693,5972.233
31694,4364.52
31695,6934.6626
31696,4510.7104
31697,8991.962
31698,4375.2954
31699,5914.9346
31700,6106.6626
31701,5726.679
31702,4596.437
31703,4038.2908
31704,5409.4497
31705,3837.9036
31706,5710.359
31707,5713.612
31708,5622.1396
31709,8600.685
31710,6755.01
31711,7660.836
31712,5743.106
31713,4632.3535
31714,8525.31
31715,3402.017
31716,5506.3677
31717,6820.041
31718,7504.4927
31719,4848.137
31720,3357.5146
31721,3774.435
31722,7700.138
31723,4641.93
31724,5161.7017
31725,7343.5186
31726,4875.7637
31727,6792.0356
31728,9910.541
31729,7597.1304
31730,7674.7026
31731,5377.8506
31732,4734.714
31733,7451.818
31734,5549.5146
31735,5437.244
31736,4745.0405
31737,7483.3354
31738,9421.602
31739,4934.2754
31740,5891.1006
31741,10234.865
31742,4869.043
31743,4418.9375
31744,4374.1772
31745,5523.627
31746,4718.0645
31747,5534.227
31748,5198.756
31749,3402.851
31750,5852.266
31751,4336.918
31752,9621.32
31753,7289.13
31754,10717.403
31755,6459.2
31756,3931.9475
31757,9644.647
31758,6668.5225
31759,4258.4424
31760,9691.214
31761,7799.8984
31762,7908.151
31763,5806.245
31764,5980.4355
31765,7721.665
31766,4477.3677
31767,5092.686
31768,3738.9148
31769,4823.1553
31770,4653.2925
31771,9125.717
31772,4025.1072
31773,3523.1504
31774,6407.6855
31775,6520.2207
31776,4649.61
31777,5889.831
31778,4282.489
31779,8528.685
31780,7696.1216
31781,7127.409
31782,4630.3613
31783,3574.26
31784,5776.6304
31785,4301.407
31786,6449.3193
31787,7569.9336
31788,4761.744
31789,5483.1963
31790,3901.6797
31791,9901.197
31792,3302.9463
31793,5960.2876
31794,7223.077
31795,7827.003
31796,4010.463
31797,5998.277
31798,4956.508
31799,5988.244
31800,7054.493
31801,4122.392
31802,5707.4023
31803,7538.066
31804,5273.5425
31805,4607.3584
31806,7151.9106
31807,7483.5566
31808,7955.9653
31809,7299.963
31810,4850.6396
31811,3331.938
31812,7200.563
31813,5986.8506
31814,7088.7104
31815,7019.1826
31816,3317.2505
31817,7053.363
31818,7231.5215
31819,6690.892
31820,4256.785
31821,7657.841
31822,3001.1125
31823,7979.889
31824,7806.7827
31825,4672.427
31826,9307.714
31827,2902.124
31828,6647.293
31829,6803.642
31830,5119.2886
31831,7347.7646
31832,6451.7866
31833,4041.929
31834,9163.15
31835,4018.0754
31836,4371.5034
31837,3577.2654
31838,4462.887
31839,7223.0703
31840,4368.902
31841,7884.9233
31842,9683.684
31843,7419.0107
31844,3619.8245
31845,7680.619
31846,7582.3916
31847,3238.1895
31848,3704.7144
31849,7771.383
31850,4692.4995
31851,7611.2373
31852,5749.014
31853,5361.195
31854,4661.769
31855,6130.989
31856,6127.0483
31857,4326.0923
31858,4215.657
31859,3886.8613
31860,7952.301
31861,7953.378
31862,4654.615
31863,7198.2354
31864,7278.4863
31865,3277.1316
31866,8007.3516
31867,2901.1138
31868,4388.7217
31869,3265.376
31870,4648.6963
31871,5455.5674
31872,5257.977
31873,8952.033
31874,20864.021
31875,6301.6226
31876,4820.5796
31877,7221.424
31878,7830.4897
31879,9722.404
31880,5035.1724
31881,7597.413
31882,5566.7393
31883,4724.3647
31884,3422.6484
31885,7631.235
31886,4176.284
31887,3968.3623
31888,7655.314
31889,5242.6675
31890,4052.9556
31891,7615.122
31892,5563.22
31893,3283.293
31894,7927.0
31895,7815.753
31896,8144.1543
31897,5776.834
31898,4827.883
31899,9820.858
31900,6205.419
31901,6260.4644
31902,5357.0693
31903,8523.83
31904,4656.1963
31905,5552.9775
31906,9587.262
31907,4273.519
31908,5435.9375
31909,6793.4805
31910,3331.4485
31911,4374.732
31912,9241.731
31913,5869.837
31914,5482.3594
31915,6914.8745
31916,6462.5894
31917,4606.9937
31918,6051.2085
31919,10549.247
31920,3530.8384
31921,4850.8525
31922,3818.3486
31923,8529.522
31924,4276.6836
31925,4571.1514
31926,5171.9775
31927,7951.899
31928,4148.772
31929,12346.6
31930,9638.229
31931,4048.1257
31932,5432.6045
31933,4381.009
31934,7656.424
31935,10078.596
31936,3841.9805
31937,3483.9102
31938,5643.6206
31939,5089.1367
31940,7658.966
31941,4078.3972
31942,4564.102
31943,3608.633
31944,5772.0864
31945,3541.5925
31946,5031.994
31947,7856.5464
31948,9669.683
31949,4663.4414
31950,9586.869
31951,6034.9194
31952,7737.4565
31953,4072.624
31954,4446.4087
31955,7999.7407
31956,3868.9019
31957,6693.3687
31958,4637.3184
31959,4447.698
31960,4862.7217
31961,3783.8406
31962,5308.3604
31963,10102.704
31964,5725.942
31965,4862.0117
31966,8087.384
31967,7290.3813
31968,4634.3604
31969,4395.198
31970,7682.4585
31971,9726.8
31972,6507.59
31973,7692.922
31974,6198.7104
31975,5573.3115
31976,7886.864
31977,4703.0566
31978,4771.7656
31979,6766.585
31980,9465.375
31981,4429.15
31982,5287.5503
31983,3171.1936
31984,5278.7563
31985,4487.137
31986,3850.2246
31987,5910.0
31988,5894.816
31989,4138.9805
31990,10765.6455
31991,3716.0122
31992,6180.2197
31993,9453.764
31994,5140.8438
31995,4993.251
31996,4137.086
31997,5268.5347
31998,7975.8716
31999,4248.113
32000,6185.6396
32001,7808.548
32002,5979.2207
32003,4966.5454
32004,4329.0317
32005,7514.2837
32006,6061.9014
32007,8944.574
32008,9192.87
32009,5783.599
32010,7778.91
32011,3681.2065
32012,5912.0977
32013,4531.285
32014,7821.749
32015,5610.317
32016,10649.968
32017,10127.72
32018,8178.3965
32019,4796.3438
32020,5285.3315
32021,5613.159
32022,4914.4814
32023,7657.191
32024,8144.0845
32025,3850.052
32026,7344.366
32027,5427.1665
32028,5239.0483
32029,7629.619
32030,6041.5254
32031,7869.6035
32032,7576.832
32033,9882.875
32034,8157.4946
32035,3525.117
32036,9482.064
32037,7847.567
32038,9677.746
32039,4874.708
32040,4510.0693
32041,7827.503
32042,4022.4663
32043,5194.116
32044,5560.939
32045,8974.038
32046,5974.7397
32047,3451.3372
32048,5483.3374
32049,3994.8313
32050,3957.0222
32051,8089.814
32052,5374.9375
32053,4277.8223
32054,4604.797
32055,10072.032
32056,5035.605
32057,7795.3394
32058,4299.775
32059,6500.685
32060,5713.1484
32061,5567.3237
32062,6119.4614
32063,7747.2266
32064,9913.103
32065,4946.7446
32066,6310.603
32067,3222.9158
32068,4797.6294
32069,7049.0654
32070,4285.341
32071,5901.269
32072,4654.207
32073,4182.4956
32074,5328.0527
32075,8239.153
32076,6440.9404
32077,4856.306
32078,7561.794
32079,7263.008
32080,7981.069
32081,10122.495
32082,7880.908
32083,5321.8564
32084,8123.4404
32085,5605.059
32086,5103.141
32087,7909.0186
32088,6205.543
32089,4395.7266
32090,8281.595
32091,6109.8965
32092,10910.412
32093,4874.1733
32094,4761.7534
32095,6152.535
32096,8082.9575
32097,7627.1523
32098,10685.548
32099,6160.392
32100,5698.965
32101,7807.416
32102,3333.4705
32103,7886.6606
32104,7817.8184
32105,5516.082
32106,19310.441
32107,5455.609
32108,3880.3596
32109,9614.046
32110,5304.023
32111,5572.674
32112,3809.177
32113,10532.859
32114,5005.965
32115,4150.3594
32116,7493.992
32117,5898.618
32118,5532.285
32119,4756.891
32120,6196.3223
32121,9253.691
32122,8227.005
32123,11053.393
32124,7908.332
32125,3530.7205
32126,7055.5024
32127,10772.6
32128,5034.2314
32129,5950.4663
32130,4654.78
32131,5303.4766
32132,4571.8755
32133,8658.671
32134,6904.909
32135,5383.604
32136,7627.1523
32137,3613.218
32138,4135.413
32139,4916.404
32140,5331.088
32141,6118.621
32142,3939.4
32143,7505.1655
32144,6905.6797
32145,5851.217
32146,7350.456
32147,5943.472
32148,5932.3374
32149,5335.631
32150,4204.4287
32151,8905.935
32152,4978.4414
32153,5203.3745
32154,10235.412
32155,4918.749
32156,8051.725
32157,8140.279
32158,4308.084
32159,3653.527
32160,7843.4663
32161,3833.5823
32162,6134.0596
32163,3472.9468
32164,7293.4204
32165,10070.4375
32166,6016.5674
32167,6532.3096
32168,4797.5977
32169,5204.6553
32170,6457.5186
32171,4816.287
32172,10547.708
32173,8737.267
32174,7347.8066
32175,7946.561
32176,4548.4297
32177,4854.963
32178,4178.727
32179,4750.928
32180,4304.9497
32181,6430.1675
32182,7249.4355
32183,7721.429
32184,6071.681
32185,8438.763
32186,7419.3506
32187,4273.613
32188,8171.3794
32189,4477.607
32190,4761.9395
32191,5546.3657
32192,3150.3098
32193,6287.2554
32194,6427.1875
32195,11602.679
32196,4400.0225
32197,5129.8613
32198,4482.0127
32199,4444.6445
32200,4155.6636
32201,7645.7695
32202,6253.553
32203,7022.39
32204,7974.951
32205,4243.67
32206,9194.431
32207,4192.6577
32208,7990.8794
32209,5976.239
32210,8278.775
32211,4102.112
32212,5004.046
32213,5486.2827
32214,4140.0786
32215,5453.3975
32216,8876.169
32217,5757.4546
32218,4273.0176
32219,8262.746
32220,4931.048
32221,3490.6633
32222,6740.7344
32223,5280.751
32224,4783.0215
32225,3771.0737
32226,4371.6035
32227,9608.692
32228,4572.6997
32229,4437.625
32230,6035.938
32231,7996.7886
32232,4265.2153
32233,6141.0493
32234,6705.7847
32235,8043.765
32236,3589.3215
32237,8787.872
32238,4598.805
32239,6579.1694
32240,11219.092
32241,4711.0625
32242,5059.838
32243,5869.1875
32244,7851.6475
32245,4687.5513
32246,6372.9795
32247,5909.0137
32248,6214.0425
32249,7869.529
32250,3711.435
32251,4059.2236
32252,6322.406
32253,3513.6619
32254,10286.675
32255,5005.779
32256,5248.3916
32257,5720.139
32258,8151.0317
32259,8336.619
32260,6594.26
32261,3496.7925
32262,5401.0146
32263,3853.2043
32264,4885.7827
32265,6003.68
32266,7650.066
32267,10741.093
32268,6498.6763
32269,9418.906
32270,8782.141
32271,6331.331
32272,8020.5444
32273,10981.057
32274,5489.675
32275,5269.691
32276,4233.7314
32277,6027.682
32278,5614.0425
32279,7025.7935
32280,4302.4785
32281,8864.654
32282,8139.72
32283,8153.3174
32284,4114.837
32285,7042.573
32286,3609.2803
32287,11191.252
32288,7397.382
32289,8218.189
32290,7575.3076
32291,4968.7207
32292,4754.546
32293,3366.6812
32294,4909.6177
32295,3882.0073
32296,3733.3655
32297,8347.966
32298,9056.86
32299,8536.408
32300,10517.5205
32301,9670.854
32302,2117.4058
32303,8004.641
32304,3614.352
32305,11501.271
32306,5701.8794
32307,6995.7026
32308,10385.413
32309,7171.3647
32310,6250.5596
32311,8838.154
32312,7721.606
32313,9073.98
32314,3628.26
32315,4808.8364
32316,6076.2114
32317,8594.993
32318,10229.098
32319,8603.819
32320,5899.7773
32321,4990.813
32322,5532.549
32323,4709.2295
32324,6288.977
32325,7783.979
32326,4514.33
32327,3873.3665
32328,5072.291
32329,7359.0635
32330,4786.061
32331,7996.102
32332,5045.514
32333,7639.9014
32334,8392.569
32335,7810.4175
32336,4457.2925
32337,5527.601
32338,10066.865
32339,6597.947
32340,6345.708
32341,3188.9558
32342,7311.9067
32343,4853.208
32344,6019.282
32345,6230.75
32346,7921.203
32347,4588.639
32348,6928.375
32349,2052.856
32350,8166.237
32351,4871.1104
32352,8987.983
32353,8813.969
32354,6148.6807
32355,11065.364
32356,9819.866
32357,3707.4507
32358,4184.435
32359,5043.373
32360,4927.037
32361,5026.971
32362,11361.349
32363,8198.859
32364,11025.375
32365,4113.5537
32366,5636.788
32367,9241.5205
32368,6507.788
32369,8215.909
32370,5096.389
32371,9727.729
32372,9737.484
32373,8422.986
32374,6535.1514
32375,5055.3223
32376,7560.762
32377,8873.182
32378,8100.4844
32379,4921.5884
32380,4758.865
32381,11394.152
32382,7810.671
32383,4835.2705
32384,5703.348
32385,6213.1714
32386,5267.8667
32387,4903.5757
32388,4221.5684
32389,8099.681
32390,3775.483
32391,10807.93
32392,8123.8667
32393,6740.7275
32394,4677.8896
32395,5225.852
32396,8450.232
32397,8039.9146
32398,3898.3574
32399,10188.155
32400,6189.4287
32401,7810.209
32402,4019.2446
32403,5760.531
32404,9658.87
32405,8205.212
32406,7433.5527
32407,5603.8936
32408,9357.418
32409,9272.59
32410,4439.1787
32411,8522.415
32412,5348.191
32413,4508.7144
32414,6254.8657
32415,3440.9421
32416,6108.3115
32417,7792.715
32418,4455.065
32419,8467.441
32420,8048.339
32421,7433.978
32422,6746.5874
32423,8142.0186
32424,4324.182
32425,5906.9116
32426,5099.4966
32427,7932.0977
32428,6408.315
32429,9778.191
32430,5480.268
32431,4840.5264
32432,5653.966
32433,6355.6787
32434,11456.909
32435,6213.5625
32436,8110.21
32437,8142.523
32438,6042.6836
32439,5121.1978
32440,5494.961
32441,6396.883
32442,6682.7026
32443,3554.749
32444,7827.809
32445,10371.832
32446,10942.9375
32447,5926.6533
32448,4149.9434
32449,6277.8174
32450,4719.2393
32451,5027.417
32452,5702.657
32453,4789.564
32454,4758.325
32455,5092.322
32456,10615.619
32457,8425.324
32458,7981.0234
32459,11151.276
32460,5555.7114
32461,6654.1504
32462,5491.88
32463,6502.514
32464,4174.731
32465,8511.847
32466,7667.9634
32467,4733.1514
32468,5254.3223
32469,6817.0493
32470,4696.427
32471,5656.361
32472,10437.815
32473,4846.394
32474,5815.895
32475,6406.952
32476,4228.7266
32477,5281.0127
32478,4833.652
32479,10162.884
32480,4750.271
32481,4341.674
32482,8925.51
32483,4996.1426
32484,8532.948
32485,4889.75
32486,6209.611
32487,4942.9995
32488,8188.356
32489,8513.795
32490,4777.372
32491,8032.564
32492,7207.029
32493,3978.3953
32494,10697.193
32495,5099.1367
32496,5841.246
32497,5861.9424
32498,5302.1055
32499,6007.9365
32500,4483.3037
32501,4998.7217
32502,5564.9824
32503,3329.4915
32504,5247.235
32505,6581.065
32506,9006.613
32507,5503.4375
32508,6776.9517
32509,8004.0986
32510,6232.4263
32511,4586.959
32512,4680.2466
32513,9284.041
32514,6094.0537
32515,5259.888
32516,8379.275
32517,7909.2144
32518,4599.13
32519,4155.5605
32520,6083.925
32521,7205.2417
32522,6152.083
32523,5513.9727
32524,6555.729
32525,8480.162
32526,8056.5034
32527,8520.984
32528,3603.9785
32529,9233.186
32530,6188.502
32531,7553.3525
32532,10074.482
32533,9004.303
32534,9604.643
32535,6854.206
32536,5069.321
32537,3568.305
32538,5652.343
32539,4000.2346
32540,7820.2646
32541,4437.316
32542,4441.83
32543,6432.2407
32544,5003.888
32545,6850.5137
32546,5110.1455
32547,7493.6924
32548,4500.082
32549,6055.0884
32550,4426.316
32551,7030.8413
32552,4573.642
32553,9117.1045
32554,4436.0376
32555,5997.7847
32556,6191.8203
32557,5806.6216
32558,4660.4
32559,4095.93
32560,5484.4043
32561,3890.6562
32562,5790.079
32563,5793.355
32564,5700.4326
32565,8719.302
32566,6848.7754
32567,7768.6704
32568,5823.2666
32569,4696.5024
32570,8645.121
32571,3449.257
32572,5582.7876
32573,6915.0195
32574,7609.8726
32575,4915.5596
32576,3403.5881
32577,3826.695
32578,7807.8477
32579,4703.0522
32580,5235.2266
32581,7446.731
32582,4943.4385
32583,6884.9297
32584,10049.817
32585,7703.8257
32586,7780.1196
32587,5453.252
32588,4800.587
32589,7553.5254
32590,5626.6836
32591,5513.2627
32592,4811.6855
32593,7588.6934
32594,9551.329
32595,5003.1104
32596,5973.617
32597,10377.442
32598,4937.0435
32599,4481.025
32600,4434.7134
32601,5600.4204
32602,4784.007
32603,5611.976
32604,5271.114
32605,3447.04
32606,5932.62
32607,4398.0376
32608,9756.803
32609,7389.942
32610,10863.779
32611,6550.2036
32612,3986.7644
32613,9780.169
32614,6760.7466
32615,4318.572
32616,9829.452
32617,7908.551
32618,8018.273
32619,5887.011
32620,6065.7593
32621,7828.287
32622,4539.8643
32623,5162.406
32624,3792.2456
32625,4890.254
32626,4719.158
32627,9252.659
32628,4080.8489
32629,3571.864
32630,6497.2505
32631,6610.249
32632,4714.7085
32633,5971.851
32634,4345.68
32635,8646.655
32636,7803.001
32637,7227.053
32638,4694.7915
32639,3624.3958
32640,5856.8506
32641,4361.9937
32642,6538.4
32643,7675.1855
32644,4828.007
32645,5559.7456
32646,3954.992
32647,10035.3545
32648,3349.14
32649,6043.162
32650,7323.968
32651,7936.4644
32652,4067.9375
32653,6081.7256
32654,5025.6577
32655,6071.9243
32656,7152.5386
32657,4180.0347
32658,5786.6836
32659,7642.911
32660,5347.385
32661,4671.5225
32662,7252.5063
32663,7587.6655
32664,8066.899
32665,7402.132
32666,4918.5425
32667,3375.4766
32668,7299.8584
32669,6072.283
32670,7187.2856
32671,7116.995
32672,3363.1277
32673,7150.9697
32674,7330.2437
32675,6784.124
32676,4316.7104
32677,7764.5
32678,3042.436
32679,8090.971
32680,7916.6035
32681,4738.4683
32682,9443.427
32683,2942.4106
32684,6739.667
32685,6901.538
32686,5190.5405
32687,7449.466
32688,6540.7266
32689,4098.5757
32690,9290.711
32691,4074.252
32692,4432.2563
32693,3627.2666
32694,4524.91
32695,7321.935
32696,4428.1743
32697,7995.4766
32698,9820.109
32699,7522.595
32700,3672.9355
32701,7787.4844
32702,7688.6597
32703,3282.5132
32704,3755.8555
32705,7879.548
32706,4758.3843
32707,7716.7393
32708,5829.2686
32709,5435.129
32710,4726.7627
32711,6216.829
32712,6211.6724
32713,4386.1016
32714,4274.6484
32715,3941.065
32716,8062.9224
32717,8063.7837
32718,4719.6714
32719,7298.2085
32720,7379.3555
32721,3321.592
32722,8118.847
32723,2941.7678
32724,4450.5376
32725,3310.9624
32726,4712.743
32727,5531.7466
32728,5330.869
32729,9071.895
32730,21157.215
32731,6389.7847
32732,4888.2017
32733,7321.635
32734,7939.1973
32735,9856.094
32736,5106.306
32737,7702.8267
32738,5641.586
32739,4790.0757
32740,3471.8833
32741,7737.774
32742,4233.0854
32743,4023.825
32744,7762.4634
32745,5315.4336
32746,4108.142
32747,7721.113
32748,5640.741
32749,3328.3481
32750,8036.5645
32751,7923.3794
32752,8255.617
32753,5857.9014
32754,4895.612
32755,9957.878
32756,6291.677
32757,6347.3545
32758,5431.092
32759,8642.359
32760,4719.7705
32761,5628.294
32762,9718.714
32763,4334.804
32764,5511.5645
32765,6888.904
32766,3378.9333
32767,4436.114
32768,9366.678
32769,5951.766
32770,5558.038
32771,7012.0225
32772,6552.378
32773,4671.4956
32774,6135.634
32775,10697.621
32776,3580.5461
32777,4918.519
32778,3871.3384
32779,8650.276
32780,4336.252
32781,4636.0845
32782,5243.4478
32783,8062.507
32784,4206.4824
32785,12518.066
32786,9777.176
32787,4104.7227
32788,5508.674
32789,4442.3135
32790,7762.804
32791,10221.335
32792,3897.0078
32793,3531.832
32794,5722.4253
32795,5160.21
32796,7765.7812
32797,4135.7603
32798,4627.902
32799,3658.6924
32800,5853.394
32801,3590.061
32802,5100.854
32803,7966.3374
32804,9804.845
32805,4728.3276
32806,9724.871
32807,6120.22
32808,7844.626
32809,4128.6455
32810,4507.966
32811,8110.4883
32812,3924.0977
32813,6787.036
32814,4703.2
32815,4509.5874
32816,4929.585
32817,3837.3801
32818,5382.115
32819,10246.322
32820,5805.9624
32821,4929.8623
32822,8200.04
32823,7391.4575
32824,4698.358
32825,4457.11
32826,7789.475
32827,9861.849
32828,6599.634
32829,7798.098
32830,6285.163
32831,5651.34
32832,7996.6895
32833,4769.0806
32834,4839.128
32835,6861.434
32836,9594.122
32837,4489.338
32838,5362.274
32839,3215.3704
32840,5352.6562
32841,4549.792
32842,3903.437
32843,5993.101
32844,5979.0728
32845,4197.464
32846,10917.938
32847,3767.6829
32848,6264.9746
32849,9584.985
32850,5212.7285
32851,5062.2856
32852,4194.382
32853,5342.669
32854,8087.106
32855,4308.191
32856,6272.2812
32857,7918.6274
32858,6063.064
32859,5036.071
32860,4389.8354
32861,7619.3867
32862,6147.332
32863,9068.677
32864,9320.106
32865,5864.42
32866,7887.5186
32867,3732.7068
32868,5995.291
32869,4593.965
32870,7929.5483
32871,5689.395
32872,10797.462
32873,10270.333
32874,8293.389
32875,4862.759
32876,5358.7456
32877,5692.006
32878,4982.104
32879,7763.7812
32880,8257.152
32881,3906.3162
32882,7446.5107
32883,5503.3325
32884,5311.8755
32885,7735.7744
32886,6125.3364
32887,7978.9604
32888,7681.147
32889,10021.142
32890,8271.428
32891,3574.1714
32892,9615.394
32893,7956.5645
32894,9814.332
32895,4943.221
32896,4574.5933
32897,7935.9194
32898,4077.2769
32899,5266.475
32900,5638.5195
32901,9097.438
32902,6057.1157
32903,3500.3835
32904,5559.5757
32905,4048.3962
32906,4011.4194
32907,8202.708
32908,5448.874
32909,4337.9272
32910,4668.8228
32911,10211.191
32912,5106.004
32913,7906.801
32914,4359.939
32915,6588.0425
32916,5792.902
32917,5645.914
32918,6204.531
32919,7854.9507
32920,10049.809
32921,5015.6865
32922,6398.0483
32923,3268.1401
32924,4866.861
32925,7147.41
32926,4345.473
32927,5983.682
32928,4719.1895
32929,4240.825
32930,5402.4263
32931,8352.171
32932,6530.4033
32933,4923.222
32934,7667.3125
32935,7364.1333
32936,8092.129
32937,10263.898
32938,7990.5366
32939,5395.7266
32940,8235.146
32941,5683.0923
32942,5172.624
32943,8020.0396
32944,6290.8306
32945,4456.098
32946,8396.508
32947,6194.6733
32948,11063.105
32949,4942.2075
32950,4828.6377
32951,6238.79
32952,8195.74
32953,7733.31
32954,10834.981
32955,6246.8765
32956,5778.041
32957,7915.018
32958,3380.094
32959,7996.308
32960,7926.7583
32961,5592.936
32962,19579.36
32963,5532.6333
32964,3932.9941
32965,9746.051
32966,5377.6353
32967,5650.2026
32968,3860.8462
32969,10684.183
32970,5075.737
32971,4207.3735
32972,7595.008
32973,5980.9375
32974,5609.011
32975,4823.459
32976,6282.7056
32977,9384.643
32978,8341.319
32979,11207.499
32980,8019.833
32981,3580.7205
32982,7153.2754
32983,10923.334
32984,5103.2334
32985,6033.06
32986,4718.96
32987,5377.1377
32988,4635.116
32989,8778.489
32990,7001.5835
32991,5458.8
32992,7733.539
32993,3664.0574
32994,4192.35
32995,4984.937
32996,5405.937
32997,6203.614
32998,3994.0576
32999,7609.7275
33000,7001.4766
33001,5932.439
33002,7453.524
33003,6026.9004
33004,6015.448
33005,5409.4185
33006,4262.6
33007,9028.063
33008,5047.329
33009,5275.7812
33010,10381.304
33011,4986.83
33012,8168.091
33013,8253.681
33014,4369.6313
33015,3707.1218
33016,7952.923
33017,3886.8242
33018,6219.409
33019,3521.2285
33020,7393.1216
33021,10204.299
33022,6101.0386
33023,6623.8247
33024,4864.8555
33025,5276.627
33026,6547.274
33027,4883.094
33028,10694.612
33029,8859.287
33030,7452.2163
33031,8057.1025
33032,4613.449
33033,4922.931
33034,4236.555
33035,4818.4097
33036,4366.769
33037,6519.854
33038,7349.706
33039,7829.3022
33040,6156.2803
33041,8555.963
33042,7523.3486
33043,4332.229
33044,8285.774
33045,4539.219
33046,4828.3984
33047,5623.014
33048,3193.696
33049,6375.898
33050,6517.504
33051,11763.826
33052,4460.891
33053,5200.2583
33054,4543.9155
33055,4506.9683
33056,4212.791
33057,7748.9707
33058,6340.668
33059,7119.534
33060,8086.003
33061,4303.714
33062,9323.049
33063,4251.8506
33064,8101.883
33065,6060.0923
33066,8393.802
33067,4159.3203
33068,5073.254
33069,5563.448
33070,4197.0156
33071,5527.48
33072,8999.821
33073,5837.214
33074,4333.188
33075,8375.513
33076,4999.699
33077,3539.3804
33078,6833.9893
33079,5353.458
33080,4849.15
33081,3823.8525
33082,4432.768
33083,9741.497
33084,4635.315
33085,4499.3784
33086,6120.4946
33087,8109.0728
33088,4324.7476
33089,6228.1294
33090,6799.4316
33091,8154.1655
33092,3639.3003
33093,8909.512
33094,4663.228
33095,6671.2393
33096,11376.897
33097,4776.7476
33098,5127.528
33099,5951.0337
33100,7961.5674
33101,4753.2764
33102,6461.8315
33103,5990.524
33104,6300.8833
33105,7982.6143
33106,3764.0188
33107,4115.202
33108,6409.9536
33109,3562.6997
33110,10429.496
33111,5075.2188
33112,5322.9272
33113,5800.471
33114,8264.559
33115,8454.908
33116,6688.1035
33117,3544.063
33118,5476.657
33119,3907.3896
33120,4953.672
33121,6085.318
33122,7756.35
33123,10890.929
33124,6587.0747
33125,9549.78
33126,8903.642
33127,6421.942
33128,8132.86
33129,11133.847
33130,5566.044
33131,5342.404
33132,4293.909
33133,6112.1753
33134,5691.6094
33135,7123.141
33136,4362.185
33137,8987.623
33138,8251.894
33139,8268.375
33140,4172.4897
33141,7140.4463
33142,3658.4377
33143,11353.874
33144,7501.623
33145,8333.065
33146,7679.3667
33147,5039.17
33148,4820.4463
33149,3412.6003
33150,4978.3984
33151,3935.7976
33152,3785.3245
33153,8465.446
33154,9184.851
33155,8655.889
33156,10665.724
33157,9807.033
33158,2146.9668
33159,8114.837
33160,3665.3577
33161,11660.766
33162,5781.487
33163,7092.606
33164,10527.898
33165,7270.937
33166,6338.733
33167,8963.747
33168,7830.161
33169,9201.958
33170,3679.9287
33171,4874.536
33172,6160.1333
33173,8714.263
33174,10374.028
33175,8723.943
33176,5983.5166
33177,5059.9536
33178,5609.022
33179,4775.1167
33180,6376.4756
33181,7892.6733
33182,4577.7095
33183,3929.323
33184,5142.4424
33185,7461.832
33186,4852.2363
33187,8107.271
33188,5116.0713
33189,7744.057
33190,8510.28
33191,7921.324
33192,4519.5264
33193,5604.8076
33194,10204.289
33195,6690.5537
33196,6431.615
33197,3233.5837
33198,7414.215
33199,4919.885
33200,6102.3364
33201,6317.6733
33202,8032.3804
33203,4652.498
33204,7024.38
33205,2081.662
33206,8279.842
33207,4939.182
33208,9112.645
33209,8935.084
33210,6233.7993
33211,11209.273
33212,9957.023
33213,3759.6084
33214,4242.431
33215,5113.486
33216,4996.0522
33217,5097.303
33218,11524.43
33219,8313.061
33220,11177.534
33221,4170.663
33222,5714.1787
33223,9369.367
33224,6598.576
33225,8330.983
33226,5167.081
33227,9867.607
33228,9872.559
33229,8539.779
33230,6627.958
33231,5127.1416
33232,7665.594
33233,8995.941
33234,8214.342
33235,4991.251
33236,4825.3276
33237,11545.222
33238,7918.0757
33239,4902.514
33240,5781.9717
33241,6299.6396
33242,5342.205
33243,4972.063
33244,4281.3657
33245,8213.002
33246,3827.911
33247,10956.984
33248,8236.796
33249,6834.0996
33250,4742.823
33251,5299.537
33252,8566.823
33253,8150.223
33254,3953.1702
33255,10324.438
33256,6276.5723
33257,7916.807
33258,4075.5815
33259,5840.4497
33260,9794.563
33261,8319.525
33262,7537.8647
33263,5681.9434
33264,9484.959
33265,9402.57
33266,4500.2153
33267,8641.362
33268,5423.4766
33269,4573.2056
33270,6341.2246
33271,3490.0073
33272,6194.3423
33273,7901.644
33274,4516.8457
33275,8585.678
33276,8158.786
33277,7537.1675
33278,6839.173
33279,8253.774
33280,4385.6416
33281,5988.8955
33282,5170.103
33283,8041.7017
33284,6498.5957
33285,9911.931
33286,5556.8877
33287,4907.745
33288,5733.954
33289,6444.4736
33290,11616.863
33291,6299.6694
33292,8222.58
33293,8256.908
33294,6125.9263
33295,5191.8325
33296,5569.3687
33297,6485.87
33298,6774.4375
33299,3603.659
33300,7937.8574
33301,10515.977
33302,11094.129
33303,6010.063
33304,4209.1313
33305,6365.173
33306,4785.326
33307,5097.5806
33308,5781.9165
33309,4855.1807
33310,4826.1514
33311,5163.952
33312,10762.546
33313,8541.995
33314,8090.3076
33315,11304.332
33316,5633.112
33317,6746.755
33318,5568.6675
33319,6592.895
33320,4231.8984
33321,8630.811
33322,7774.111
33323,4798.7554
33324,5327.9053
33325,6911.9067
33326,4761.39
33327,5734.9224
33328,10584.693
33329,4913.539
33330,5896.835
33331,6497.0957
33332,4289.889
33333,5354.6533
33334,4901.3076
33335,10304.359
33336,4817.1553
33337,4401.6343
33338,9051.135
33339,5065.0
33340,8652.422
33341,4957.874
33342,6296.828
33343,5012.052
33344,8302.981
33345,8632.885
33346,4842.651
33347,8142.0728
33348,7308.1553
33349,4034.302
33350,10845.455
33351,5170.3105
33352,5922.5615
33353,5944.266
33354,5375.984
33355,6091.7637
33356,4545.112
33357,5068.3735
33358,5642.77
33359,3375.657
33360,5320.5566
33361,6668.7773
33362,9133.833
33363,5580.1255
33364,6872.071
33365,8115.5957
33366,6319.433
33367,4650.386
33368,4743.57
33369,9414.146
33370,6179.4243
33371,5333.112
33372,8496.833
33373,8016.705
33374,4663.4326
33375,4212.8955
33376,6169.4185
33377,7306.3013
33378,6237.0825
33379,5592.1943
33380,6647.033
33381,8597.994
33382,8169.135
33383,8639.8125
33384,3654.7717
33385,8652.372
33386,5747.9507
33387,7014.183
33388,9359.971
33389,8358.147
33390,8998.92
33391,6363.491
33392,4705.691
33393,3312.7568
33394,5246.554
33395,3714.2827
33396,7260.923
33397,4117.5386
33398,4124.355
33399,5971.0254
33400,4645.6953
33401,6359.1226
33402,4744.1353
33403,6957.427
33404,4177.8823
33405,5622.2793
33406,4108.93
33407,6527.557
33408,4245.4634
33409,8462.847
33410,4118.7954
33411,5567.5625
33412,5748.6743
33413,5389.564
33414,4326.4146
33415,3801.3037
33416,5091.744
33417,3613.0076
33418,5374.886
33419,5378.718
33420,5292.2124
33421,8095.657
33422,6358.31
33423,7210.893
33424,5406.602
33425,4359.8184
33426,8026.8047
33427,3233.2104
33428,5183.6978
33429,6419.5474
33430,7062.68
33431,4563.7407
33432,3159.586
33433,3552.0474
33434,7248.689
33435,4367.2646
33436,4905.6245
33437,6978.655
33438,4589.484
33439,6391.3755
33440,9328.92
33441,7151.44
33442,7223.387
33443,5061.9136
33444,4499.1377
33445,7011.655
33446,5223.973
33447,5117.14
33448,4466.3066
33449,7044.347
33450,8871.921
33451,4644.8667
33452,5545.7153
33453,9634.442
33454,4582.7295
33455,4159.987
33456,4117.468
33457,5199.663
33458,4440.8687
33459,5209.4927
33460,4893.7817
33461,3201.3281
33462,5507.4126
33463,4082.5076
33464,9135.471
33465,6861.022
33466,10088.088
33467,6079.174
33468,3735.9734
33469,9165.616
33470,6275.812
33471,4009.6633
33472,9125.212
33473,7342.37
33474,7444.359
33475,5515.9507
33476,5627.693
33477,7267.838
33478,4214.9697
33479,4791.442
33480,3553.186
33481,4539.7866
33482,4420.957
33483,8590.486
33484,3789.9165
33485,3347.38
33486,6033.8945
33487,6135.862
33488,4376.9653
33489,5596.9863
33490,4031.4937
33491,8027.8306
33492,7247.161
33493,6709.9053
33494,4358.895
33495,3364.4338
33496,5436.8657
33497,4049.269
33498,6071.131
33499,7127.504
33500,4483.8555
33501,5210.298
33502,3671.769
33503,9316.392
33504,3109.6775
33505,5610.3115
33506,6861.781
33507,7368.2856
33508,3811.118
33509,5647.2554
33510,4666.2715
33511,5636.761
33512,6640.2275
33513,3880.9075
33514,5372.4517
33515,7094.8794
33516,4964.2437
33517,4336.62
33518,6733.055
33519,7045.711
33520,7488.705
33521,6874.234
33522,4566.484
33523,3161.585
33524,6774.9673
33525,5636.3955
33526,6672.792
33527,6607.431
33528,3122.8591
33529,6637.9287
33530,6803.6094
33531,6299.1587
33532,4007.1167
33533,7207.503
33534,2824.9597
33535,7512.5566
33536,7348.262
33537,4398.755
33538,8768.975
33539,2732.2344
33540,6315.2817
33541,6404.2515
33542,4819.081
33543,6917.9814
33544,6072.214
33545,3805.4834
33546,8625.773
33547,3782.1733
33548,4115.249
33549,3367.5164
33550,4200.4277
33551,6798.083
33552,4113.9146
33553,7422.104
33554,9109.073
33555,6983.3022
33556,3408.5366
33557,7298.1455
33558,7137.525
33559,3048.1794
33560,3486.9658
33561,7315.206
33562,4417.277
33563,7232.915
33564,5411.493
33565,5094.1294
33566,4388.667
33567,5772.389
33568,5766.842
33569,4110.5215
33570,3968.3245
33571,3658.3435
33572,7555.7954
33573,7487.2266
33574,4422.4546
33575,6775.0127
33576,6850.788
33577,3113.9792
33578,7537.6777
33579,2730.9104
33580,4131.265
33581,3073.9414
33582,4374.9614
33583,5135.3057
33584,4948.0522
33585,8503.805
33586,19649.078
33587,5932.4336
33588,4538.704
33589,6797.9014
33590,7440.611
33591,9150.068
33592,4783.4136
33593,7150.7715
33594,5288.7104
33595,4446.9263
33596,3222.5776
33597,7183.5166
33598,3931.3398
33599,3735.706
33600,7205.915
33601,4935.951
33602,3814.8752
33603,7235.2817
33604,5236.77
33605,3090.487
33606,7532.46
33607,7358.242
33608,7737.56
33609,5438.053
33610,4587.169
33611,9246.634
33612,5841.319
33613,5893.0845
33614,5089.952
33615,8022.9775
33616,4423.703
33617,5226.2007
33618,9109.941
33619,4059.5103
33620,5117.887
33621,6394.8086
33622,3136.695
33623,4117.3774
33624,8777.317
33625,5577.348
33626,5157.115
33627,6508.757
33628,6083.774
33629,4336.8267
33630,5695.9053
33631,9929.682
33632,3324.3975
33633,4565.887
33634,3594.3206
33635,8031.8516
33636,4025.234
33637,4303.5127
33638,4867.562
33639,7485.7627
33640,3905.2358
33641,11623.846
33642,9157.053
33643,3846.2048
33644,5161.8594
33645,4123.4106
33646,7207.964
33647,9487.827
33648,3617.239
33649,3279.2017
33650,5312.4634
33651,4789.943
33652,7209.669
33653,3837.4973
33654,4296.2285
33655,3428.7104
33656,5433.5894
33657,3333.3496
33658,4736.2993
33659,7396.1265
33660,9103.575
33661,4389.7935
33662,9026.238
33663,5681.212
33664,7351.985
33665,3834.782
33666,4186.5913
33667,7529.2925
33668,3642.7737
33669,6359.808
33670,4367.248
33671,4225.775
33672,4577.046
33673,3562.0916
33674,4996.2856
33675,9510.404
33676,5440.17
33677,4576.317
33678,7684.364
33679,6861.6045
33680,4361.769
33681,4137.6978
33682,7231.411
33683,9156.581
33684,6125.558
33685,7241.15
33686,5834.8813
33687,5295.8433
33688,7422.812
33689,4427.4307
33690,4494.338
33691,6370.8276
33692,8909.46
33693,4168.2646
33694,4978.118
33695,2984.789
33696,4972.4805
33697,4223.0063
33698,3659.3835
33699,5564.186
33700,5602.8833
33701,3898.0303
33702,10138.516
33703,3531.2224
33704,5817.626
33705,8897.249
33706,4838.823
33707,4699.1465
33708,3894.7559
33709,4960.7646
33710,7509.032
33711,4000.475
33712,5820.801
33713,7350.6387
33714,5627.9023
33715,4675.472
33716,4074.695
33717,7074.418
33718,5706.433
33719,8418.264
33720,8649.74
33721,5445.9385
33722,7323.6885
33723,3465.2427
33724,5565.327
33725,4265.5854
33726,7361.4365
33727,5281.6123
33728,10026.018
33729,9534.882
33730,7766.796
33731,4514.6704
33732,5020.684
33733,5284.0713
33734,4626.5864
33735,7208.039
33736,7666.245
33737,3624.496
33738,6978.2754
33739,5109.6436
33740,4931.772
33741,7182.249
33742,5740.3677
33743,7406.765
33744,7131.938
33745,9304.261
33746,7678.7734
33747,3318.007
33748,8926.455
33749,7384.911
33750,9112.419
33751,4588.118
33752,4285.525
33753,7367.6177
33754,3785.9346
33755,4889.643
33756,5234.343
33757,8446.106
33758,5624.3174
33759,3249.7354
33760,5161.7163
33761,3759.1816
33762,3724.5188
33763,7686.4307
33764,5058.8003
33765,4027.5576
33766,4334.42
33767,9478.61
33768,4784.4175
33769,7407.323
33770,4046.7205
33771,6119.0586
33772,5377.589
33773,5241.1074
33774,5814.081
33775,7292.5234
33776,9422.725
33777,4656.143
33778,5939.913
33779,3033.2058
33780,4516.8887
33781,6697.884
33782,4033.4863
33783,5555.4995
33784,4380.4526
33785,3936.6914
33786,5014.993
33787,7754.331
33788,6061.711
33789,4570.6978
33790,7119.0996
33791,6836.4927
33792,7512.8936
33793,9529.1
33794,7418.289
33795,5009.9106
33796,7647.498
33797,5277.573
33798,4802.0938
33799,7449.331
33800,5839.7197
33801,4136.853
33802,7792.901
33803,5753.5073
33804,10365.859
33805,4587.869
33806,4482.436
33807,5846.3354
33808,7609.125
33809,7246.8364
33810,10056.04
33811,5852.071
33812,5364.356
33813,7347.7295
33814,3136.9915
33815,7425.4956
33816,7357.7935
33817,5192.387
33818,18347.23
33819,5136.5986
33820,3652.304
33821,9050.393
33822,4992.9844
33823,5245.3237
33824,3619.2307
33825,9926.794
33826,4712.1006
33827,3906.6553
33828,7053.3965
33829,5552.4585
33830,5208.976
33831,4478.743
33832,5832.945
33833,8710.191
33834,7744.05
33835,10405.749
33836,7514.1904
33837,3354.771
33838,6641.0444
33839,10140.575
33840,4737.867
33841,5601.414
33842,4422.733
33843,4992.3887
33844,4303.332
33845,8149.4067
33846,6500.4614
33847,5068.591
33848,7179.6943
33849,3400.969
33850,3929.2068
33851,4671.598
33852,5019.08
33853,5759.234
33854,3707.9849
33855,7066.8105
33856,6500.716
33857,5507.9536
33858,6984.275
33859,5594.5576
33860,5637.1807
33861,5020.928
33862,3958.151
33863,8385.048
33864,4685.4233
33865,4896.7886
33866,9638.036
33867,4630.604
33868,7651.9707
33869,7734.2026
33870,4056.3748
33871,3439.8591
33872,7382.1997
33873,3608.1514
33874,5775.06
33875,3269.269
33876,6866.855
33877,9485.701
33878,5664.097
33879,6149.261
33880,4517.91
33881,4899.564
33882,6078.7217
33883,4533.339
33884,9929.208
33885,8224.502
33886,6919.308
33887,7480.3525
33888,4282.701
33889,4569.7827
33890,3970.4412
33891,4472.1304
33892,4052.1516
33893,6109.302
33894,6821.466
33895,7337.176
33896,5769.0864
33897,7944.1284
33898,7046.894
33899,4021.492
33900,7690.5156
33901,4214.7163
33902,4482.4185
33903,5219.8486
33904,2964.3137
33905,5917.5645
33906,6052.461
33907,11025.953
33908,4141.433
33909,4828.449
33910,4217.435
33911,4183.6367
33912,3910.4248
33913,7193.486
33914,5887.691
33915,6671.5894
33916,7507.1704
33917,3995.3762
33918,8651.703
33919,3984.3008
33920,7521.218
33921,5624.5215
33922,7792.5664
33923,3861.3618
33924,4754.4463
33925,5213.609
33926,3896.8035
33927,5134.1055
33928,8354.752
33929,5418.8228
33930,4022.3857
33931,7776.173
33932,4642.0454
33933,3285.9626
33934,6346.428
33935,4969.9624
33936,4502.2075
33937,3550.2454
33938,4114.264
33939,9123.812
33940,4302.8193
33941,4177.2007
33942,5681.038
33943,7598.5073
33944,4052.341
33945,5782.722
33946,6312.084
33947,7641.133
33948,3378.7112
33949,8271.285
33950,4329.0894
33951,6193.3794
33952,10561.963
33953,4434.2905
33954,4762.3213
33955,5525.2026
33956,7390.217
33957,4412.527
33958,6055.337
33959,5614.5835
33960,5848.611
33961,7409.768
33962,3526.0317
33963,3820.8298
33964,5952.351
33965,3306.8115
33966,9678.097
33967,4711.6514
33968,4941.1187
33969,5384.621
33970,7673.063
33971,7848.293
33972,6208.237
33973,3291.1233
33974,5084.0664
33975,3626.7305
33976,4599.7485
33977,5651.3774
33978,7201.387
33979,10113.222
33980,6114.607
33981,8866.574
33982,8270.339
33983,5962.204
33984,7620.993
33985,10338.903
33986,5167.4507
33987,4960.2866
33988,3985.6123
33989,5674.8315
33990,5284.2124
33991,6614.4116
33992,4050.3933
33993,8345.084
33994,7732.6245
33995,7674.3364
33996,3873.1226
33997,6630.2153
33998,3396.1545
33999,10535.794
34000,6961.8677
34001,7735.479
34002,7130.013
34003,4678.4077
34004,4475.16
34005,3197.8972
34006,4621.6377
34007,3653.806
34008,3513.8093
34009,7931.924
34010,8522.236
34011,8036.6333
34012,9903.511
34013,9102.507
34014,1993.3291
34015,7533.1426
34016,3435.147
34017,10826.087
34018,5367.7085
34019,6585.0205
34020,9773.418
34021,6750.578
34022,5883.548
34023,8321.256
34024,7336.6577
34025,8543.315
34026,3447.122
34027,4526.222
34028,5717.166
34029,8166.65
34030,9720.92
34031,8099.851
34032,5553.677
34033,4697.2417
34034,5207.9575
34035,4434.3794
34036,5918.8965
34037,7395.724
34038,4249.8315
34039,3647.3357
34040,4818.805
34041,6926.6704
34042,4504.609
34043,7527.4688
34044,4794.0205
34045,7190.6597
34046,7903.4307
34047,7353.9346
34048,4195.2983
34049,5203.027
34050,9469.412
34051,6212.3535
34052,5972.1245
34053,3029.7932
34054,6883.4785
34055,4611.087
34056,5718.1587
34057,5864.9287
34058,7526.93
34059,4318.7656
34060,6522.597
34061,1932.3849
34062,7687.069
34063,4585.047
34064,8459.151
34065,8296.783
34066,5789.3887
34067,10411.676
34068,9242.745
34069,3522.5488
34070,3937.897
34071,4747.3086
34072,4638.6016
34073,4732.3525
34074,10701.469
34075,7717.9023
34076,10380.363
34077,3870.5557
34078,5304.6807
34079,8698.527
34080,6125.6577
34081,7733.2954
34082,4796.774
34083,9159.429
34084,9253.903
34085,7929.1704
34086,6210.7896
34087,4758.7383
34088,7116.6826
34089,8353.342
34090,7626.0396
34091,4632.61
34092,4479.7173
34093,10721.503
34094,7350.351
34095,4551.0596
34096,5368.3027
34097,5848.594
34098,4958.333
34099,4615.7383
34100,3972.6575
34101,7625.1665
34102,3554.654
34103,10177.152
34104,7647.1626
34105,6344.5034
34106,4402.76
34107,4919.5703
34108,7951.7397
34109,7567.2773
34110,3704.043
34111,9677.524
34112,5826.589
34113,7349.005
34114,3819.875
34115,5422.4316
34116,9179.123
34117,7724.442
34118,6994.5015
34119,5275.8066
34120,8807.372
34121,8730.636
34122,4177.9263
34123,8024.1255
34124,5034.649
34125,4245.176
34126,5888.6904
34127,3270.111
34128,5749.3213
34129,7335.3564
34130,4193.674
34131,8045.085
34132,7576.644
34133,6998.5054
34134,6349.9824
34135,7735.014
34136,4070.3325
34137,5560.748
34138,4799.378
34139,7466.3955
34140,6032.456
34141,9200.317
34142,5158.8125
34143,4555.9287
34144,5323.7603
34145,5985.1035
34146,10786.448
34147,5849.961
34148,7636.062
34149,7661.954
34150,5687.4634
34151,4866.007
34152,5170.616
34153,6021.585
34154,6289.715
34155,3346.141
34156,7367.92
34157,9761.568
34158,10302.886
34159,5577.997
34160,3906.987
34161,5909.7466
34162,4442.127
34163,4732.8535
34164,5367.514
34165,4507.97
34166,4481.021
34167,4793.545
34168,10085.778
34169,7930.736
34170,7511.7397
34171,10492.893
34172,5230.7344
34173,6263.021
34174,5169.2847
34175,6122.299
34176,3929.349
34177,8011.989
34178,7220.625
34179,4455.3926
34180,4946.9478
34181,6416.768
34182,4419.899
34183,5324.4053
34184,9830.015
34185,4561.1816
34186,5473.9937
34187,6030.494
34188,4018.8765
34189,4971.0625
34190,4549.9746
34191,9657.175
34192,4470.8296
34193,4086.7156
34194,8404.77
34195,4703.277
34196,8032.334
34197,4602.768
34198,5845.627
34199,4652.609
34200,7709.2944
34201,8014.3657
34202,4495.993
34203,7560.7554
34204,6784.3115
34205,3745.7332
34206,10162.748
34207,4799.5703
34208,5498.5894
34209,5517.135
34210,4990.737
34211,5656.814
34212,4219.479
34213,4749.2197
34214,5238.3584
34215,3162.9546
34216,4985.7124
34217,6250.5957
34218,8559.489
34219,5180.1143
34220,6380.077
34221,7534.393
34222,5867.861
34223,4317.814
34224,4405.5073
34225,8739.167
34226,5736.487
34227,4950.9746
34228,7887.278
34229,7445.4595
34230,4370.315
34231,3911.5254
34232,5727.5205
34233,6783.71
34234,5791.692
34235,5190.4165
34236,6173.0737
34237,7983.353
34238,7583.8384
34239,8020.4604
34240,3423.8372
34241,8772.822
34242,5826.5337
34243,7111.268
34244,9485.493
34245,8474.761
34246,9124.777
34247,6452.55
34248,4771.338
34249,3358.8826
34250,5320.4453
34251,3766.5618
34252,7362.0894
34253,4176.2407
34254,4180.824
34255,6054.996
34256,4710.788
34257,6450.63
34258,4810.0015
34259,7053.612
34260,4236.329
34261,5700.3457
34262,4166.0586
34263,6618.924
34264,4305.484
34265,8582.697
34266,4175.7266
34267,5645.2627
34268,5828.9014
34269,5464.5303
34270,4387.0684
34271,3856.7014
34272,5162.731
34273,3662.6523
34274,5450.3555
34275,5452.7993
34276,5366.147
34277,8204.922
34278,6446.521
34279,7312.353
34280,5480.331
34281,4421.2607
34282,8134.574
34283,3276.5469
34284,5255.921
34285,6507.627
34286,7162.854
34287,4625.9287
34288,3203.9556
34289,3601.7205
34290,7349.503
34291,4427.127
34292,4972.917
34293,7074.627
34294,4653.5103
34295,6481.2075
34296,9457.137
34297,7252.4165
34298,7323.947
34299,5132.142
34300,4561.638
34301,7112.021
34302,5296.697
34303,5189.164
34304,4529.2803
34305,7141.604
34306,8991.507
34307,4709.6694
34308,5623.8667
34309,9765.786
34310,4645.7354
34311,4217.62
34312,4174.4043
34313,5271.596
34314,4502.3193
34315,5282.4585
34316,4961.484
34317,3245.9802
34318,5583.9165
34319,4138.4004
34320,9272.457
34321,6955.8013
34322,10229.234
34323,6165.8413
34324,3787.795
34325,9287.708
34326,6366.0107
34327,4065.1794
34328,9248.653
34329,7445.204
34330,7548.556
34331,5593.245
34332,5710.577
34333,7370.387
34334,4273.7065
34335,4859.9487
34336,3602.614
34337,4603.1455
34338,4482.564
34339,8709.054
34340,3842.9958
34341,3393.7578
34342,6117.769
34343,6221.895
34344,4437.735
34345,5673.955
34346,4090.1475
34347,8137.624
34348,7345.8936
34349,6802.993
34350,4418.9795
34351,3411.5327
34352,5512.537
34353,4106.113
34354,6155.4346
34355,7223.4834
34356,4544.1885
34357,5282.3477
34358,3723.3325
34359,9445.859
34360,3151.2205
34361,5688.749
34362,6958.535
34363,7471.033
34364,3864.7004
34365,5724.5166
34366,4730.5244
34367,5715.476
34368,6732.4194
34369,3934.7053
34370,5446.733
34371,7194.7896
34372,5033.127
34373,4397.5635
34374,6826.7314
34375,7142.776
34376,7593.5444
34377,6969.209
34378,4629.739
34379,3206.683
34380,6870.963
34381,5714.7017
34382,6764.7393
34383,6699.1167
34384,3165.7046
34385,6731.8096
34386,6898.076
34387,6387.146
34388,4062.8845
34389,7310.0728
34390,2864.4678
34391,7616.2334
34392,7451.562
34393,4459.6655
34394,8889.174
34395,2769.759
34396,6403.2256
34397,6492.282
34398,4885.8384
34399,7012.6846
34400,6156.9497
34401,3857.7576
34402,8743.561
34403,3835.4294
34404,4172.191
34405,3414.398
34406,4259.4136
34407,6892.8013
34408,4169.7285
34409,7526.004
34410,9237.713
34411,7081.527
34412,3456.3816
34413,7400.8047
34414,7236.641
34415,3090.03
34416,3536.4172
34417,7416.7964
34418,4478.7856
34419,7330.6772
34420,5486.5757
34421,5164.583
34422,4449.0645
34423,5852.0205
34424,5847.2275
34425,4168.2925
34426,4023.464
34427,3709.8813
34428,7660.5073
34429,7590.735
34430,4484.647
34431,6870.4844
34432,6945.618
34433,3156.9133
34434,7642.066
34435,2768.6072
34436,4188.8643
34437,3116.6748
34438,4434.616
34439,5206.542
34440,5017.888
34441,8622.163
34442,19917.543
34443,6014.9146
34444,4601.157
34445,6892.736
34446,7543.712
34447,9281.004
34448,4852.0693
34449,7250.902
34450,5362.7495
34451,4508.7656
34452,3267.7974
34453,7283.5215
34454,3986.3728
34455,3787.8708
34456,7307.403
34457,5003.5825
34458,3867.2488
34459,7335.0415
34460,5310.047
34461,3133.8716
34462,7639.471
34463,7459.1567
34464,7845.1123
34465,5513.61
34466,4651.7217
34467,9371.092
34468,5923.799
34469,5975.6743
34470,5160.481
34471,8136.103
34472,4484.959
34473,5298.233
34474,9232.305
34475,4114.837
34476,5187.491
34477,6482.549
34478,3180.091
34479,4175.0894
34480,8900.594
34481,5655.1953
34482,5232.411
34483,6600.7163
34484,6168.0767
34485,4397.635
34486,5775.721
34487,10069.141
34488,3370.428
34489,4629.7695
34490,3644.289
34491,8141.5757
34492,4081.238
34493,4362.6597
34494,4935.386
34495,7588.9756
34496,3960.2017
34497,11784.331
34498,9285.236
34499,3900.355
34500,5234.158
34501,4180.7285
34502,7307.2495
34503,9621.32
34504,3667.4177
34505,3324.5876
34506,5385.756
34507,4857.108
34508,7309.975
34509,3891.7476
34510,4356.0312
34511,3476.563
34512,5509.2886
34513,3378.679
34514,4801.8735
34515,7499.999
34516,9227.489
34517,4450.945
34518,9154.328
34519,5759.827
34520,7454.6543
34521,3887.0208
34522,4244.9937
34523,7635.2607
34524,3692.9119
34525,6448.4707
34526,4426.24
34527,4285.104
34528,4640.7876
34529,3611.2192
34530,5066.126
34531,9643.001
34532,5515.9297
34533,4640.1636
34534,7792.0312
34535,6957.765
34536,4421.8345
34537,4195.8066
34538,7332.39
34539,9284.3955
34540,6210.0195
34541,7342.888
34542,5916.2324
34543,5369.2754
34544,7526.054
34545,4488.978
34546,4555.0464
34547,6458.4795
34548,9031.749
34549,4225.8716
34550,5048.5425
34551,3026.4421
34552,5040.7373
34553,4282.8975
34554,3709.1736
34555,5641.4194
34556,5680.67
34557,3953.0193
34558,10276.574
34559,3580.2217
34560,5898.793
34561,9023.991
34562,4906.687
34563,4765.852
34564,3948.3423
34565,5030.1655
34566,7612.181
34567,4054.0693
34568,5902.924
34569,7452.6
34570,5706.7437
34571,4740.6206
34572,4131.5054
34573,7172.7397
34574,5786.137
34575,8537.467
34576,8773.45
34577,5522.115
34578,7425.6304
34579,3513.2095
34580,5643.222
34581,4324.805
34582,7464.694
34583,5355.2407
34584,10163.63
34585,9666.464
34586,7879.3223
34587,4577.3125
34588,5091.715
34589,5358.1274
34590,4690.602
34591,7307.3677
34592,7773.696
34593,3674.765
34594,7075.7407
34595,5179.3433
34596,5000.3145
34597,7281.146
34598,5820.479
34599,7511.0737
34600,7229.204
34601,9433.678
34602,7785.828
34603,3364.4465
34604,9049.512
34605,7489.9478
34606,9237.81
34607,4652.467
34608,4345.1123
34609,7469.7363
34610,3838.7422
34611,4957.3447
34612,5307.196
34613,8564.119
34614,5701.7163
34615,3295.9712
34616,5233.2495
34617,3811.656
34618,3776.56
34619,7794.053
34620,5130.1157
34621,4084.268
34622,4394.5864
34623,9611.817
34624,4851.755
34625,7508.9033
34626,4103.654
34627,6203.105
34628,5452.7734
34629,5313.715
34630,5895.834
34631,7394.0596
34632,9554.536
34633,4720.2163
34634,6022.728
34635,3075.4844
34636,4581.1167
34637,6791.55
34638,4090.491
34639,5632.714
34640,4441.6987
34641,3991.3154
34642,5085.2886
34643,7866.144
34644,6146.5874
34645,4633.4146
34646,7217.0376
34647,6931.7925
34648,7617.6865
34649,9663.256
34650,7522.1
34651,5080.164
34652,7754.501
34653,5350.043
34654,4868.43
34655,7548.995
34656,5921.4546
34657,4193.3296
34658,7905.029
34659,5830.8643
34660,10513.85
34661,4651.8145
34662,4543.9067
34663,5927.5747
34664,7714.5757
34665,7348.234
34666,10200.202
34667,5935.773
34668,5439.895
34669,7449.1675
34670,3181.0317
34671,7527.849
34672,7460.103
34673,5265.0483
34674,18605.271
34675,5207.8135
34676,3703.4036
34677,9173.977
34678,5062.4785
34679,5318.304
34680,3668.8245
34681,10050.892
34682,4776.825
34683,3961.2898
34684,7149.9326
34685,5629.953
34686,5281.2393
34687,4541.4673
34688,5913.812
34689,8833.713
34690,7852.119
34691,10549.408
34692,7620.1353
34693,3402.1338
34694,6733.6396
34695,10279.191
34696,4804.137
34697,5678.958
34698,4484.296
34699,5061.7593
34700,4363.542
34701,8265.2295
34702,6591.933
34703,5137.7993
34704,7279.146
34705,3448.454
34706,3983.8828
34707,4736.5117
34708,5087.5737
34709,5840.115
34710,3759.6838
34711,7164.863
34712,6588.319
34713,5584.423
34714,7081.439
34715,5672.4775
34716,5714.9634
34717,5091.535
34718,4012.0354
34719,8502.6045
34720,4751.0415
34721,4966.4507
34722,9768.991
34723,4694.5366
34724,7759.1104
34725,7842.097
34726,4112.5728
34727,3488.5427
34728,7487.255
34729,3658.5632
34730,5854.611
34731,3314.2646
34732,6962.937
34733,9610.452
34734,5742.6567
34735,6235.066
34736,4580.562
34737,4967.915
34738,6162.5137
34739,4596.2617
34740,10069.333
34741,8339.045
34742,7018.359
34743,7582.775
34744,4342.378
34745,4633.392
34746,4026.0903
34747,4534.4243
34748,4109.5806
34749,6195.14
34750,6919.5786
34751,7438.7446
34752,5849.325
34753,8055.274
34754,7144.3223
34755,4077.4092
34756,7799.69
34757,4273.89
34758,4545.086
34759,5293.1562
34760,3006.6833
34761,6001.098
34762,6136.6694
34763,11178.419
34764,4199.006
34765,4895.808
34766,4276.8306
34767,4241.5693
34768,3965.0212
34769,7294.339
34770,5969.5503
34771,6764.139
34772,7611.8687
34773,4051.425
34774,8777.4
34775,4039.4468
34776,7626.6216
34777,5704.376
34778,7900.9434
34779,3915.434
34780,4820.442
34781,5285.8657
34782,3951.0664
34783,5203.484
34784,8471.634
34785,5493.9966
34786,4078.2998
34787,7884.908
34788,4706.571
34789,3331.7886
34790,6432.425
34791,5039.6797
34792,4564.755
34793,3600.168
34794,4172.9272
34795,9256.949
34796,4362.2603
34797,4235.727
34798,5760.1187
34799,7705.134
34800,4108.691
34801,5862.608
34802,6400.081
34803,7745.948
34804,3425.6472
34805,8385.448
34806,4389.073
34807,6280.141
34808,10708.544
34809,4496.109
34810,4828.974
34811,5601.612
34812,7495.3506
34813,4474.362
34814,6139.14
34815,5692.603
34816,5930.4478
34817,7513.6313
34818,3577.528
34819,3874.2607
34820,6034.4473
34821,3353.3408
34822,9815.792
34823,4777.5312
34824,5010.6226
34825,5459.357
34826,7779.6963
34827,7958.409
34828,6294.6904
34829,3339.8618
34830,5154.7544
34831,3677.8687
34832,4663.597
34833,5729.52
34834,7300.833
34835,10250.691
34836,6203.0635
34837,8990.452
34838,8383.192
34839,6045.053
34840,7728.7974
34841,10480.751
34842,5238.938
34843,5028.813
34844,4040.8071
34845,5751.1533
34846,5357.744
34847,6705.145
34848,4106.81
34849,8460.515
34850,7838.8965
34851,7779.63
34852,3926.67
34853,6721.217
34854,3443.3787
34855,10684.906
34856,7060.9624
34857,7843.8853
34858,7228.9355
34859,4743.588
34860,4538.033
34861,3241.8613
34862,4685.9106
34863,3704.8594
34864,3562.6658
34865,8042.0776
34866,8650.82
34867,8148.2876
34868,10036.838
34869,9229.312
34870,2020.9513
34871,7637.511
34872,3482.1692
34873,10975.329
34874,5441.6235
34875,6676.013
34876,9913.519
34877,6844.1196
34878,5965.617
34879,8434.885
34880,7438.574
34881,8661.38
34882,3496.5989
34883,4589.213
34884,5797.7
34885,8280.182
34886,9855.464
34887,8211.733
34888,5630.5977
34889,4763.4253
34890,5280.2974
34891,4495.7617
34892,6002.615
34893,7497.9746
34894,4308.668
34895,3697.191
34896,4885.9644
34897,7022.437
34898,4567.3726
34899,7631.0527
34900,4860.9966
34901,7284.8
34902,8010.659
34903,7456.027
34904,4254.76
34905,5275.394
34906,9602.966
34907,6297.1704
34908,6055.6313
34909,3072.0066
34910,6979.2007
34911,4674.8477
34912,5798.679
34913,5946.279
34914,7631.7515
34915,4378.293
34916,6612.746
34917,1959.1489
34918,7794.707
34919,4649.499
34920,8575.914
34921,8411.898
34922,5869.048
34923,10553.293
34924,9372.495
34925,3571.656
34926,3992.3665
34927,4813.426
34928,4702.5815
34929,4798.2656
34930,10846.769
34931,7824.9424
34932,10522.839
34933,3926.7336
34934,5379.369
34935,8820.369
34936,6211.127
34937,7841.5063
34938,4863.835
34939,9283.899
34940,9381.036
34941,8038.68
34942,6296.528
34943,4825.2354
34944,7215.874
34945,8468.847
34946,7731.57
34947,4696.3325
34948,4542.507
34949,10866.939
34950,7455.5435
34951,4615.2144
34952,5443.3364
34953,5930.4985
34954,5028.429
34955,4680.126
34956,4028.8872
34957,7731.1865
34958,3603.377
34959,10312.903
34960,7754.146
34961,6433.364
34962,4464.795
34963,4987.924
34964,8062.338
34965,7672.887
34966,3755.583
34967,9815.24
34968,5907.988
34969,7450.6953
34970,3872.8528
34971,5497.614
34972,9304.447
34973,7832.0957
34974,7095.1636
34975,5350.278
34976,8930.321
34977,8853.02
34978,4236.321
34979,8133.5347
34980,5105.3613
34981,4304.334
34982,5969.3228
34983,3315.8647
34984,5830.3027
34985,7437.4463
34986,4251.449
34987,8158.024
34988,7681.374
34989,7094.7305
34990,6438.6797
34991,7841.23
34992,4127.421
34993,5637.6753
34994,4866.7075
34995,7571.0747
34996,6116.0303
34997,9325.913
34998,5230.9785
34999,4619.9272
35000,5397.2656
35001,6068.7397
35002,10934.769
35003,5928.994
35004,7739.848
35005,7770.6562
35006,5768.9326
35007,4933.4375
35008,5244.698
35009,6105.434
35010,6376.013
35011,3392.68
35012,7470.791
35013,9898.109
35014,10444.905
35015,5657.672
35016,3961.2974
35017,5991.1523
35018,4504.334
35019,4798.3115
35020,5442.023
35021,4570.519
35022,4543.1743
35023,4861.0103
35024,10228.581
35025,8039.9453
35026,7617.1636
35027,10643.215
35028,5302.905
35029,6351.0366
35030,5241.5425
35031,6205.9277
35032,3983.8752
35033,8123.9443
35034,7318.556
35035,4517.251
35036,5015.2754
35037,6506.0815
35038,4481.5464
35039,5398.8203
35040,9965.697
35041,4624.5215
35042,5550.8486
35043,6115.6978
35044,4075.4492
35045,5040.3384
35046,4613.128
35047,9797.086
35048,4533.4556
35049,4143.812
35050,8518.604
35051,4766.7065
35052,8144.356
35053,4666.8857
35054,5926.936
35055,4717.727
35056,7814.7466
35057,8125.8735
35058,4558.1543
35059,7665.0166
35060,6879.6323
35061,3797.1794
35062,10304.429
35063,4866.4014
35064,5575.2417
35065,5594.2163
35066,5060.5283
35067,5735.6553
35068,4279.344
35069,4815.979
35070,5311.683
35071,3207.2063
35072,5055.7275
35073,6338.8115
35074,8678.58
35075,5252.1426
35076,6468.454
35077,7639.26
35078,5948.2134
35079,4377.383
35080,4465.8
35081,8861.392
35082,5815.9336
35083,5020.3535
35084,7997.391
35085,7547.5195
35086,4430.921
35087,3966.054
35088,5808.001
35089,6878.3135
35090,5872.626
35091,5262.9746
35092,6256.107
35093,8095.078
35094,7688.5864
35095,8133.923
35096,3473.341
35097,11702.937
35098,7845.105
35099,9577.528
35100,12771.035
35101,11410.672
35102,12173.557
35103,8686.746
35104,6425.171
35105,4523.3735
35106,7164.7603
35107,5072.8184
35108,9913.179
35109,5622.9497
35110,5630.4204
35111,8153.0376
35112,6341.787
35113,8683.929
35114,6477.2334
35115,9497.623
35116,5705.089
35117,7675.727
35118,5610.52
35119,8912.019
35120,5797.125
35121,11554.376
35122,5623.137
35123,7602.393
35124,7847.8516
35125,7358.362
35126,5907.7285
35127,5192.7144
35128,6952.0273
35129,4932.266
35130,7338.6665
35131,7342.524
35132,7225.516
35133,11054.035
35134,8681.967
35135,9844.951
35136,7380.4116
35137,5953.594
35138,10961.771
35139,4371.5615
35140,7076.2534
35141,8765.027
35142,9644.702
35143,6230.4707
35144,4314.187
35145,4849.682
35146,9896.401
35147,5962.403
35148,6637.2134
35149,9434.965
35150,6265.99
35151,8732.484
35152,12738.421
35153,9764.697
35154,9861.661
35155,6911.1025
35156,6085.4165
35157,9577.564
35158,7132.0264
35159,6988.313
35160,6098.566
35161,9618.998
35162,12107.891
35163,6342.132
35164,7571.1685
35165,13153.874
35166,6256.9185
35167,5679.6187
35168,5621.0728
35169,7099.4824
35170,6063.7754
35171,7114.3345
35172,6681.262
35173,4372.0874
35174,7519.525
35175,5574.747
35176,12365.432
35177,9367.553
35178,13774.229
35179,8299.878
35180,5052.5073
35181,12396.062
35182,8570.688
35183,5475.3306
35184,12459.095
35185,10025.597
35186,10163.02
35187,7461.4907
35188,7687.362
35189,9925.941
35190,5754.424
35191,6543.3657
35192,4806.603
35193,6198.4263
35194,5980.881
35195,11727.876
35196,5173.231
35197,4527.742
35198,8237.942
35199,8378.461
35200,5975.629
35201,7569.414
35202,5502.7393
35203,10957.12
35204,9889.9375
35205,9160.957
35206,5950.8013
35207,4594.1357
35208,7423.3784
35209,5528.9775
35210,8287.316
35211,9729.25
35212,6120.588
35213,7048.2314
35214,5013.874
35215,12718.257
35216,4246.237
35217,7660.3027
35218,9283.899
35219,10060.799
35220,5155.133
35221,7708.9487
35222,6370.4326
35223,7696.0337
35224,9068.028
35225,5298.2583
35226,7334.6636
35227,9688.339
35228,6777.7466
35229,5920.918
35230,9191.678
35231,9619.76
35232,10225.645
35233,9384.428
35234,6234.2036
35235,4279.4385
35236,9251.477
35237,7694.419
35238,9111.992
35239,9021.357
35240,4263.6855
35241,9062.927
35242,9290.933
35243,8601.792
35244,5472.391
35245,9841.394
35246,3856.661
35247,10255.405
35248,10034.13
35249,6005.771
35250,11969.329
35251,3729.475
35252,8542.509
35253,8745.112
35254,6579.232
35255,9443.499
35256,8290.328
35257,5195.0034
35258,11775.197
35259,5163.864
35260,5618.06
35261,4598.1997
35262,5735.8467
35263,9281.818
35264,5614.332
35265,10134.455
35266,12442.541
35267,9535.563
35268,4654.58
35269,9871.307
35270,9746.32
35271,4161.0464
35272,4762.0938
35273,9987.487
35274,6031.0176
35275,9782.8
35276,7388.7793
35277,6890.902
35278,5991.3867
35279,7881.397
35280,7872.832
35281,5560.106
35282,5418.0474
35283,4995.304
35284,10219.893
35285,10221.403
35286,5982.0103
35287,9253.048
35288,9353.055
35289,4211.6616
35290,10290.423
35291,3728.6035
35292,5641.096
35293,4197.64
35294,5974.985
35295,7011.1396
35296,6758.232
35297,11504.53
35298,26823.504
35299,8099.086
35300,6195.7725
35301,9282.35
35302,10060.962
35303,12493.4
35304,6473.0215
35305,9763.272
35306,7153.3364
35307,6071.7505
35308,4399.6826
35309,9807.894
35310,5366.9
35311,5099.7495
35312,9839.356
35313,6738.0664
35314,5208.36
35315,9785.516
35316,7150.376
35317,4219.2817
35318,10189.69
35319,10046.952
35320,10467.993
35321,7423.5483
35322,6205.9575
35323,12618.686
35324,7976.1455
35325,8045.093
35326,6884.4897
35327,10954.695
35328,5983.3115
35329,7136.0684
35330,12316.021
35331,5491.1777
35332,6986.68
35333,8730.827
35334,4282.4927
35335,5624.071
35336,11872.518
35337,7544.0864
35338,7049.321
35339,8886.216
35340,8304.874
35341,5921.065
35342,7776.8994
35343,13555.879
35344,4538.4487
35345,6233.829
35346,4907.9087
35347,10967.335
35348,5496.0303
35349,5875.371
35350,6646.621
35351,10219.317
35352,5332.1304
35353,15867.942
35354,12385.343
35355,5203.6772
35356,6982.37
35357,5629.851
35358,9839.639
35359,12950.507
35360,4938.3813
35361,4477.265
35362,7253.0806
35363,6541.319
35364,9843.9375
35365,5241.1772
35366,5865.5386
35367,4637.792
35368,7418.2607
35369,4548.2646
35370,6467.7075
35371,10097.781
35372,12431.569
35373,5992.3696
35374,12321.907
35375,7756.4614
35376,9944.116
35377,5234.762
35378,5714.446
35379,10280.985
35380,4973.567
35381,8602.325
35382,5960.8735
35383,5716.572
35384,6249.362
35385,4863.2085
35386,6822.318
35387,12986.513
35388,7359.155
35389,6248.4854
35390,10393.638
35391,9368.581
35392,5953.674
35393,5647.95
35394,9871.532
35395,12503.187
35396,8361.783
35397,9884.675
35398,7965.821
35399,7162.9907
35400,10135.886
35401,6044.171
35402,6135.101
35403,8695.972
35404,12158.147
35405,5690.692
35406,6797.6875
35407,4076.0635
35408,6788.7974
35409,5768.5527
35410,4947.646
35411,7597.1016
35412,7577.8945
35413,5321.2676
35414,13834.291
35415,4776.169
35416,7943.31
35417,12149.848
35418,6607.1665
35419,6416.7007
35420,5317.0005
35421,6773.3003
35422,10250.066
35423,5462.149
35424,7947.7207
35425,10033.546
35426,7684.3125
35427,6383.23
35428,5562.992
35429,9657.617
35430,7791.4146
35431,11495.404
35432,11812.384
35433,7432.9644
35434,9996.9795
35435,4731.734
35436,7598.674
35437,5822.195
35438,10050.776
35439,7213.5347
35440,13690.186
35441,13016.012
35442,10512.777
35443,6163.713
35444,6792.0425
35445,7214.3535
35446,6317.1733
35447,9840.633
35448,10466.445
35449,4948.1514
35450,9439.6
35451,6974.5024
35452,6733.723
35453,9805.406
35454,7764.559
35455,10114.109
35456,9736.379
35457,12701.504
35458,10483.7295
35459,4530.209
35460,12186.544
35461,10085.336
35462,12439.088
35463,6265.2256
35464,5797.2524
35465,10059.839
35466,5167.791
35467,6675.7075
35468,7146.619
35469,11531.565
35470,7680.297
35471,4436.842
35472,7046.282
35473,5132.862
35474,5084.74
35475,10397.287
35476,6906.931
35477,5499.072
35478,5917.35
35479,12943.296
35480,6471.7
35481,10019.612
35482,5526.1353
35483,8351.374
35484,7342.076
35485,7155.5137
35486,7864.569
35487,9956.624
35488,12736.38
35489,6353.23
35490,8109.483
35491,4141.0933
35492,6167.465
35493,9060.498
35494,5506.793
35495,7585.8784
35496,5981.24
35497,5375.1685
35498,6847.874
35499,10591.62
35500,8277.41
35501,6239.8794
35502,9718.964
35503,9334.634
35504,10257.694
35505,13008.739
35506,10128.193
35507,6839.7017
35508,10443.322
35509,7203.7847
35510,6557.0674
35511,10166.286
35512,7974.358
35513,5647.4224
35514,10641.997
35515,7853.999
35516,14018.392
35517,6264.467
35518,6119.7476
35519,7908.0303
35520,10388.059
35521,9802.152
35522,13735.044
35523,7915.886
35524,7324.883
35525,10032.015
35526,4282.4805
35527,10138.157
35528,10046.578
35529,7089.5894
35530,24817.645
35531,7012.29
35532,4987.724
35533,12355.517
35534,6816.5684
35535,7162.0547
35536,4896.9663
35537,13541.433
35538,6433.9404
35539,5334.8164
35540,9629.784
35541,7581.148
35542,7109.6675
35543,6114.654
35544,7963.5874
35545,11894.585
35546,10572.918
35547,14201.529
35548,10164.076
35549,4537.6523
35550,9067.794
35551,13844.203
35552,6469.0405
35553,7648.1616
35554,5981.5996
35555,6815.957
35556,5873.97
35557,11128.899
35558,8873.782
35559,6920.324
35560,9802.003
35561,4644.1226
35562,5314.739
35563,6318.3604
35564,6851.193
35565,7863.549
35566,5062.517
35567,9647.371
35568,8875.534
35569,7519.833
35570,9445.932
35571,7638.903
35572,7624.243
35573,6858.365
35574,5404.4004
35575,11447.604
35576,6398.3843
35577,6687.3765
35578,13160.751
35579,6320.989
35580,10350.743
35581,10461.745
35582,5537.5273
35583,4696.722
35584,10080.691
35585,4926.243
35586,7884.1714
35587,4463.739
35588,9373.827
35589,12941.013
35590,7731.7466
35591,8396.132
35592,6169.2183
35593,6688.5757
35594,8299.664
35595,6189.352
35596,13562.514
35597,11226.81
35598,9445.949
35599,10211.348
35600,5846.8765
35601,6239.7007
35602,5370.4995
35603,6105.463
35604,5533.372
35605,8264.015
35606,9318.319
35607,9923.783
35608,7803.7305
35609,10844.896
35610,9532.1
35611,5490.293
35612,10501.764
35613,5754.402
35614,6120.5005
35615,7126.5864
35616,4047.8826
35617,8082.757
35618,8264.882
35619,14910.971
35620,5654.8716
35621,6593.927
35622,5756.323
35623,5713.0396
35624,5339.6733
35625,9821.064
35626,8036.5645
35627,9025.059
35628,10249.245
35629,5453.84
35630,11821.13
35631,5389.019
35632,10270.392
35633,7677.323
35634,10638.496
35635,5272.1343
35636,6431.1855
35637,7051.8496
35638,5319.9785
35639,7006.4736
35640,11411.401
35641,7397.2407
35642,5491.8276
35643,10616.47
35644,6338.3643
35645,4486.748
35646,8664.512
35647,6785.813
35648,6146.0186
35649,4847.3833
35650,5618.6445
35651,12344.374
35652,5875.08
35653,5703.5
35654,7756.1875
35655,10279.594
35656,5481.3086
35657,7893.313
35658,8618.232
35659,10337.069
35660,4612.552
35661,11293.738
35662,5910.987
35663,8456.505
35664,14419.918
35665,6055.117
35666,6501.8506
35667,7541.6113
35668,10090.907
35669,6024.4575
35670,8189.817
35671,7593.4863
35672,7984.8687
35673,10113.53
35674,4770.764
35675,5217.285
35676,8125.254
35677,4516.049
35678,13225.301
35679,6433.548
35680,6747.231
35681,7353.1206
35682,10475.334
35683,10712.549
35684,8476.814
35685,4493.3823
35686,6941.6772
35687,4953.0244
35688,6278.452
35689,7714.914
35690,9831.711
35691,13808.085
35692,8349.511
35693,12105.259
35694,11289.689
35695,8139.9062
35696,10306.492
35697,14113.896
35698,7055.166
35699,6772.2666
35700,5441.8203
35701,7745.6675
35702,7214.278
35703,9028.468
35704,5530.275
35705,11393.642
35706,10461.097
35707,10480.891
35708,5288.72
35709,9050.514
35710,4636.4604
35711,14382.436
35712,9510.514
35713,10561.6
35714,9735.571
35715,6387.14
35716,6111.2544
35717,4327.2563
35718,6309.7124
35719,4988.433
35720,4796.884
35721,10729.461
35722,11640.254
35723,10972.315
35724,13514.042
35725,12432.197
35726,2721.5396
35727,10283.398
35728,4647.1
35729,14776.508
35730,7329.188
35731,8991.353
35732,13346.616
35733,9216.759
35734,8034.6255
35735,11360.232
35736,9923.537
35737,11662.924
35738,4664.0957
35739,6179.206
35740,7809.285
35741,11045.657
35742,13146.336
35743,11058.18
35744,7585.3066
35745,6413.5923
35746,7110.773
35747,6053.206
35748,8082.1245
35749,10003.428
35750,5802.5796
35751,4980.954
35752,6518.7036
35753,9458.074
35754,6150.5107
35755,10274.869
35756,6484.6206
35757,9817.806
35758,10787.292
35759,10038.781
35760,5732.1606
35761,7104.048
35762,12930.144
35763,8480.13
35764,8155.4253
35765,4098.146
35766,9398.123
35767,6236.6064
35768,7736.3057
35769,8006.8555
35770,10181.181
35771,5896.576
35772,8904.83
35773,2638.2488
35774,10495.865
35775,6259.6406
35776,11549.055
35777,11326.38
35778,7902.699
35779,14210.403
35780,12621.683
35781,4764.9565
35782,5376.9067
35783,6481.807
35784,6333.2275
35785,6460.5435
35786,14606.462
35787,10537.381
35788,14167.411
35789,5285.7095
35790,7244.908
35791,11878.158
35792,8364.822
35793,10560.129
35794,6549.2354
35795,12503.6045
35796,12516.335
35797,10824.301
35798,8400.834
35799,6497.3125
35800,9716.573
35801,11404.514
35802,10413.066
35803,6324.999
35804,6116.2812
35805,14637.993
35806,10037.087
35807,6214.3096
35808,7330.1035
35809,7984.8457
35810,6771.2593
35811,6302.212
35812,5425.981
35813,10409.551
35814,4852.898
35815,13891.806
35816,10442.704
35817,8664.247
35818,6011.5825
35819,6717.2563
35820,10859.832
35821,10329.728
35822,5010.097
35823,13098.64
35824,7955.3276
35825,10032.158
35826,5166.697
35827,7403.163
35828,12413.229
35829,10545.264
35830,9553.753
35831,7202.7886
35832,12024.205
35833,11912.159
35834,5704.5503
35835,10953.118
35836,6874.247
35837,5796.13
35838,8038.3584
35839,4422.4546
35840,7849.416
35841,10014.95
35842,5725.39
35843,10882.643
35844,10340.729
35845,9554.6455
35846,8669.438
35847,10462.084
35848,5557.8154
35849,7590.916
35850,6552.947
35851,10196.088
35852,8237.142
35853,12564.739
35854,7042.4727
35855,6221.0347
35856,7268.7666
35857,8165.801
35858,14719.021
35859,7985.8354
35860,10424.026
35861,10467.404
35862,7765.959
35863,6582.1255
35864,7058.0874
35865,8220.949
35866,8589.691
35867,4567.9214
35868,10062.603
35869,13328.502
35870,14061.482
35871,7616.8438
35872,5334.796
35873,8069.123
35874,6065.0015
35875,6461.868
35876,7329.293
35877,6155.728
35878,6117.448
35879,6545.557
35880,13637.381
35881,10827.709
35882,10253.635
35883,14328.601
35884,7141.4136
35885,8551.027
35886,7057.6226
35887,8358.06
35888,5366.183
35889,10939.922
35890,9852.522
35891,6083.1416
35892,6753.7983
35893,8761.601
35894,6035.1147
35895,7269.592
35896,13412.806
35897,6227.191
35898,7474.825
35899,8234.36
35900,5435.222
35901,6787.548
35902,6212.9106
35903,13067.47
35904,6104.84
35905,5580.0566
35906,11471.375
35907,6422.432
35908,10967.22
35909,6284.234
35910,7980.224
35911,6352.848
35912,10524.254
35913,10942.562
35914,6137.893
35915,10322.242
35916,9262.964
35917,5114.056
35918,13748.399
35919,6553.8906
35920,7508.144
35921,7533.7246
35922,6814.4424
35923,7722.394
35924,5761.657
35925,6424.601
35926,7152.1904
35927,4279.0137
35928,6743.924
35929,8455.545
35930,11575.554
35931,7073.7363
35932,8710.233
35933,10287.204
35934,8010.636
35935,5894.8276
35936,6015.2017
35937,11933.662
35938,7832.6562
35939,6759.947
35940,10768.172
35941,10162.738
35942,5911.167
35943,5341.2017
35944,7819.8022
35945,9259.413
35946,7907.3286
35947,7087.48
35948,8424.649
35949,10898.576
35950,10353.863
35951,10951.552
35952,4632.6763
35953,11866.178
35954,7958.0293
35955,9709.338
35956,12944.703
35957,11569.572
35958,12342.114
35959,8808.078
35960,6514.9307
35961,4585.292
35962,7264.6636
35963,5142.408
35964,10050.729
35965,5702.7114
35966,5708.8125
35967,8266.774
35968,6431.8174
35969,8803.677
35970,6567.6265
35971,9630.17
35972,5783.246
35973,7782.7837
35974,5688.8145
35975,9036.506
35976,5877.692
35977,11715.758
35978,5701.613
35979,7707.861
35980,7957.741
35981,7462.4585
35982,5989.9067
35983,5265.872
35984,7048.729
35985,5001.0825
35986,7441.647
35987,7445.58
35988,7326.9165
35989,11202.925
35990,8803.257
35991,9984.782
35992,7482.2935
35993,6036.1396
35994,11107.617
35995,4435.767
35996,7175.5796
35997,8884.605
35998,9780.486
35999,6317.6133
36000,4374.369
36001,4918.5146
36002,10034.158
36003,6045.001
36004,6731.585
36005,9568.525
36006,6353.1875
36007,8849.947
36008,12914.404
36009,9902.821
36010,10001.023
36011,7007.456
36012,6170.295
36013,9709.755
36014,7231.873
36015,7084.7427
36016,6184.165
36017,9752.364
36018,12276.476
36019,6431.204
36020,7675.9395
36021,13335.89
36022,6345.139
36023,5759.778
36024,5699.8784
36025,7197.8438
36026,6147.4316
36027,7212.344
36028,6774.4375
36029,4432.4043
36030,7624.1265
36031,5651.825
36032,12532.748
36033,9498.239
36034,13966.133
36035,8416.906
36036,5122.268
36037,12565.051
36038,8687.574
36039,5553.115
36040,12632.533
36041,10164.202
36042,10304.684
36043,7564.9463
36044,7796.224
36045,10061.317
36046,5833.5957
36047,6634.2954
36048,4874.5776
36049,6284.785
36050,6063.5957
36051,11891.397
36052,5245.7188
36053,4590.8325
36054,8350.418
36055,8493.867
36056,6059.4966
36057,7675.552
36058,5579.945
36059,11111.888
36060,10030.12
36061,9288.283
36062,6033.647
36063,4657.88
36064,7526.815
36065,5605.219
36066,8403.318
36067,9864.106
36068,6205.324
36069,7144.622
36070,5082.917
36071,12899.596
36072,4304.252
36073,7765.633
36074,9412.629
36075,10200.455
36076,5227.193
36077,7814.6426
36078,6458.8057
36079,7803.418
36080,9192.317
36081,5372.334
36082,7436.907
36083,9822.086
36084,6872.464
36085,6003.325
36086,9320.311
36087,9751.435
36088,10367.471
36089,9514.8955
36090,6321.7666
36091,4340.2783
36092,9381.09
36093,7802.0933
36094,9238.585
36095,9146.962
36096,4323.4316
36097,9190.792
36098,9420.415
36099,8718.054
36100,5546.7417
36101,9979.232
36102,3912.0776
36103,10398.566
36104,10173.387
36105,6089.086
36106,12133.879
36107,3781.8955
36108,8660.694
36109,8865.204
36110,6671.3027
36111,9576.523
36112,8405.218
36113,5266.8013
36114,11941.052
36115,5235.8257
36116,5696.6333
36117,4662.2495
36118,5816.6826
36119,9411.3545
36120,5694.3516
36121,10274.33
36122,12611.707
36123,9667.506
36124,4717.9565
36125,10008.543
36126,9881.621
36127,4218.513
36128,4828.4536
36129,10126.841
36130,6114.817
36131,9917.235
36132,7491.277
36133,6986.96
36134,6074.8496
36135,7990.895
36136,7981.488
36137,5638.0034
36138,5493.504
36139,5065.319
36140,10362.627
36141,10363.615
36142,6065.7363
36143,9382.79
36144,9484.0
36145,4270.463
36146,10434.093
36147,3780.9685
36148,5719.222
36149,4254.6177
36150,6056.5786
36151,7109.457
36152,6851.2974
36153,11664.748
36154,27189.988
36155,8212.407
36156,6282.076
36157,9411.543
36158,10203.695
36159,12670.917
36160,6562.4355
36161,9899.488
36162,7252.61
36163,6155.423
36164,4459.9165
36165,9944.012
36166,5441.551
36167,5172.372
36168,9975.797
36169,6831.278
36170,5280.4536
36171,9923.925
36172,7250.01
36173,4278.169
36174,10328.831
36175,10187.874
36176,10612.491
36177,7527.9497
36178,6291.647
36179,12796.761
36180,8086.2114
36181,8158.281
36182,6980.226
36183,11106.389
36184,6067.148
36185,7233.9775
36186,12490.291
36187,5568.8374
36188,7082.9185
36189,8851.424
36190,4341.7856
36191,5700.4707
36192,12038.342
36193,7649.1685
36194,7144.5337
36195,9011.408
36196,8420.014
36197,6004.03
36198,7885.0435
36199,13743.588
36200,4602.2456
36201,6320.802
36202,4976.02
36203,11120.242
36204,5572.6846
36205,5957.9688
36206,6738.568
36207,10361.381
36208,5407.4893
36209,16085.592
36210,12562.894
36211,5275.6655
36212,7079.683
36213,5709.1226
36214,9977.177
36215,13136.322
36216,5005.01
36217,4539.7734
36218,7354.3345
36219,6632.1763
36220,9980.707
36221,5315.327
36222,5947.5044
36223,4701.043
36224,7521.562
36225,4615.5884
36226,6556.592
36227,10239.27
36228,12601.859
36229,6076.6113
36230,12494.092
36231,7864.4785
36232,10081.624
36233,5307.738
36234,5794.101
36235,10424.285
36236,5042.1416
36237,8722.504
36238,6043.295
36239,5796.4727
36240,6336.2
36241,4930.511
36242,6916.7344
36243,13164.103
36244,7461.626
36245,6335.753
36246,10538.929
36247,9496.809
36248,6039.2783
36249,5730.8975
36250,10011.149
36251,12674.422
36252,8479.871
36253,10024.793
36254,8076.892
36255,7262.8413
36256,10277.81
36257,6129.2812
36258,6221.1177
36259,8818.426
36260,12332.548
36261,5767.667
36262,6890.284
36263,4132.5815
36264,6880.787
36265,5848.0083
36266,5016.2993
36267,7702.6426
36268,7682.583
36269,5396.375
36270,14031.192
36271,4842.8726
36272,8053.4453
36273,12322.554
36274,6699.679
36275,6505.9263
36276,5392.032
36277,6864.825
36278,10394.015
36279,5537.332
36280,8058.9473
36281,10174.405
36282,7791.578
36283,6472.1694
36284,5641.645
36285,9791.5
36286,7900.9585
36287,11655.295
36288,11978.031
36289,7535.866
36290,10135.847
36291,4797.2954
36292,7704.715
36293,5904.439
36294,10188.681
36295,7312.3945
36296,13879.065
36297,13194.37
36298,10657.985
36299,6250.4883
36300,6886.0596
36301,7316.169
36302,6403.36
36303,9977.767
36304,10612.319
36305,5017.103
36306,9569.384
36307,7069.46
36308,6826.79
36309,9943.035
36310,7873.3574
36311,10253.713
36312,9871.928
36313,12878.514
36314,10630.058
36315,4594.048
36316,12356.271
36317,10226.913
36318,12617.445
36319,6352.448
36320,5876.7275
36321,10199.687
36322,5240.4424
36323,6768.941
36324,7246.629
36325,11691.045
36326,7786.095
36327,4499.095
36328,7144.4043
36329,5204.5312
36330,5156.525
36331,10541.925
36332,7003.9614
36333,5575.715
36334,6000.68
36335,13123.987
36336,6562.3916
36337,10160.625
36338,5602.974
36339,8469.218
36340,7444.5435
36341,7256.1733
36342,7973.468
36343,10093.987
36344,12919.32
36345,6438.6675
36346,8221.357
36347,4199.955
36348,6255.0864
36349,9185.911
36350,5584.5024
36351,7690.985
36352,6065.823
36353,5450.392
36354,6943.346
36355,10738.932
36356,8393.138
36357,6326.8335
36358,9853.941
36359,9464.094
36360,10400.331
36361,13189.011
36362,10269.656
36363,6934.3516
36364,10587.631
36365,7303.4795
36366,6648.422
36367,10307.21
36368,8086.6665
36369,5726.22
36370,10789.123
36371,7961.491
36372,14217.616
36373,6351.727
36374,6205.3594
36375,8015.7803
36376,10532.227
36377,9938.996
36378,13925.181
36379,8025.986
36380,7426.7563
36381,10171.592
36382,4342.6885
36383,10275.731
36384,10187.864
36385,7188.3965
36386,25165.291
36387,7110.3794
36388,5056.639
36389,12528.744
36390,6911.999
36391,7261.6016
36392,4962.8564
36393,13727.095
36394,6523.294
36395,5408.335
36396,9763.868
36397,7686.416
36398,7209.27
36399,6199.2896
36400,8074.327
36401,12060.855
36402,10719.989
36403,14406.557
36404,10306.325
36405,4601.8813
36406,9192.563
36407,14035.422
36408,6558.6123
36409,7753.887
36410,6064.9897
36411,6911.0366
36412,5958.111
36413,11282.272
36414,8999.108
36415,7015.789
36416,9939.071
36417,4707.828
36418,5388.7314
36419,6407.0864
36420,6946.9897
36421,7972.829
36422,5133.1064
36423,9781.41
36424,8996.723
36425,7624.905
36426,9578.542
36427,7744.9287
36428,7730.2275
36429,6951.49
36430,5478.6846
36431,11606.8955
36432,6485.926
36433,6779.893
36434,13343.51
36435,6409.0366
36436,10493.514
36437,10606.592
36438,5614.4067
36439,4759.8325
36440,10220.77
36441,4995.809
36442,7993.1743
36443,4526.533
36444,9507.457
36445,13119.757
36446,7841.2075
36447,8512.756
36448,6253.482
36449,6783.063
36450,8415.422
36451,6275.991
36452,13752.019
36453,11384.8545
36454,9580.314
36455,10353.627
36456,5929.537
36457,6326.1636
36458,5445.4346
36459,6189.7593
36460,5611.382
36461,8378.9
36462,9447.237
36463,10062.085
36464,7912.3984
36465,10995.488
36466,9666.86
36467,5570.3516
36468,10649.195
36469,5833.941
36470,6206.3066
36471,7227.0737
36472,4104.7656
36473,8191.543
36474,8375.44
36475,15118.999
36476,5733.6094
36477,6683.7354
36478,5837.086
36479,5790.4546
36480,5413.3003
36481,9956.966
36482,8148.1943
36483,9149.693
36484,10392.319
36485,5530.143
36486,11980.533
36487,5464.3115
36488,10414.625
36489,7785.197
36490,10786.736
36491,5345.6
36492,6520.849
36493,7150.2603
36494,5394.3677
36495,7105.363
36496,11567.465
36497,7502.31
36498,5568.8003
36499,10765.6875
36500,6425.839
36501,4549.241
36502,8782.241
36503,6880.361
36504,6232.6343
36505,4915.058
36506,5697.356
36507,12521.72
36508,5956.366
36509,5783.577
36510,7864.6514
36511,10419.434
36512,5557.9956
36513,8004.1675
36514,8737.983
36515,10480.461
36516,4677.1045
36517,11448.695
36518,5993.696
36519,8574.916
36520,14619.019
36521,6138.7305
36522,6592.5054
36523,7647.4907
36524,10232.045
36525,6109.0864
36526,8304.668
36527,7701.0044
36528,8096.607
36529,10258.741
36530,4838.943
36531,5290.0117
36532,8238.697
36533,4578.491
36534,13398.7295
36535,6522.591
36536,6838.012
36537,7454.512
36538,10621.453
36539,10865.25
36540,8595.502
36541,4559.211
36542,7038.0674
36543,5022.8105
36544,6366.7637
36545,7821.697
36546,9968.245
36547,13997.951
36548,8466.028
36549,12271.969
36550,11442.353
36551,8253.877
36552,10448.662
36553,14310.792
36554,7153.159
36555,6866.344
36556,5517.666
36557,7853.5796
36558,7315.806
36559,9157.026
36560,5606.797
36561,11551.082
36562,10606.805
36563,10626.996
36564,5361.7725
36565,9177.014
36566,4703.196
36567,14589.936
36568,9643.507
36569,10709.106
36570,9870.845
36571,6475.5347
36572,6196.6353
36573,4383.554
36574,6396.95
36575,5058.072
36576,4865.459
36577,10878.896
36578,11799.986
36579,11124.4
36580,13710.112
36581,12604.648
36582,2759.1384
36583,10429.138
36584,4711.831
36585,14985.762
36586,7430.8022
36587,9115.687
36588,13533.195
36589,9343.506
36590,8145.817
36591,11516.573
36592,10062.258
36593,11824.738
36594,4728.526
36595,6265.877
36596,7917.57
36597,11199.485
36598,13332.761
36599,11211.7
36600,7688.858
36601,6503.6245
36602,7209.2837
36603,6135.938
36604,8194.8955
36605,10142.452
36606,5882.667
36607,5047.666
36608,6609.3223
36609,9588.121
36610,6236.1606
36611,10417.049
36612,6574.8535
36613,9952.504
36614,10937.334
36615,10179.453
36616,5808.078
36617,7203.524
36618,13114.615
36619,8598.814
36620,8266.411
36621,4155.3823
36622,9528.346
36623,6323.292
36624,7844.0723
36625,8119.0947
36626,10323.857
36627,5979.2153
36628,9028.141
36629,2675.467
36630,10641.053
36631,6347.748
36632,11711.926
36633,11486.647
36634,8010.774
36635,14403.686
36636,12798.678
36637,4830.743
36638,5451.2236
36639,6571.5557
36640,6421.5376
36641,6551.2593
36642,14802.955
36643,10683.51
36644,14366.121
36645,5358.889
36646,7344.8706
36647,12043.9
36648,8479.361
36649,10705.583
36650,6641.7666
36651,12678.8955
36652,12684.532
36653,10975.309
36654,8517.418
36655,6586.7793
36656,9851.931
36657,11563.151
36658,10558.75
36659,6415.0117
36660,6203.164
36661,14838.505
36662,10179.006
36663,6300.403
36664,7431.6885
36665,8095.8345
36666,6867.006
36667,6389.1997
36668,5500.3203
36669,10554.742
36670,4919.2603
36671,14084.488
36672,10586.793
36673,8782.618
36674,6094.8906
36675,6810.901
36676,11008.206
36677,10477.152
36678,5079.4663
36679,13280.815
36680,8066.168
36681,10173.648
36682,5239.268
36683,7507.0845
36684,12586.544
36685,10693.592
36686,9686.104
36687,7302.609
36688,12190.822
36689,12079.205
36690,5785.0503
36691,11105.308
36692,6969.1626
36693,5878.746
36694,8149.5933
36695,4485.567
36696,7960.914
36697,10155.732
36698,5805.0767
36699,11034.453
36700,10488.851
36701,9688.349
36702,8790.462
36703,10606.562
36704,5634.4497
36705,7697.01
36706,6644.745
36707,10335.778
36708,8351.685
36709,12740.0
36710,7140.7188
36711,6306.6978
36712,7370.7104
36713,8280.261
36714,14930.48
36715,8096.885
36716,10568.452
36717,10611.206
36718,7875.8286
36719,6673.957
36720,7158.599
36721,8336.126
36722,8708.455
36723,4633.0166
36724,10202.547
36725,13514.364
36726,14260.489
36727,7724.4644
36728,5408.356
36729,8180.0425
36730,6149.707
36731,6551.216
36732,7430.5327
36733,6240.3555
36734,6201.614
36735,6635.5044
36736,13832.364
36737,10978.921
36738,10398.566
36739,14539.456
36740,7240.2383
36741,8671.01
36742,7156.2095
36743,8474.454
36744,5439.065
36745,11091.674
36746,9992.214
36747,6167.4297
36748,6847.2734
36749,8883.919
36750,6119.018
36751,7370.4365
36752,13600.064
36753,6315.3657
36754,7579.485
36755,8350.004
36756,5511.743
36757,6881.693
36758,6299.231
36759,13247.064
36760,6189.458
36761,5657.672
36762,11632.174
36763,6509.6943
36764,11119.553
36765,6372.6387
36766,8091.319
36767,6441.561
36768,10671.452
36769,11094.149
36770,6223.8833
36771,10465.4375
36772,9392.747
36773,5185.399
36774,13938.827
36775,6644.916
36776,7611.1865
36777,7639.0996
36778,6908.2817
36779,7829.8027
36780,5842.333
36781,6514.284
36782,7252.029
36783,4337.8774
36784,6837.549
36785,8572.422
36786,11737.824
36787,7171.5566
36788,8831.152
36789,10430.192
36790,8123.797
36791,5977.8125
36792,6098.1416
36793,12098.91
36794,7941.5376
36795,6853.9185
36796,10919.573
36797,10301.382
36798,5993.4727
36799,5415.056
36800,7928.7847
36801,9388.752
36802,8016.124
36803,7186.4565
36804,8541.196
36805,11051.643
36806,10498.168
36807,11102.575
36808,4695.826
36809,12030.641
36810,8063.107
36811,9843.168
36812,13129.596
36813,11731.345
36814,12514.998
36815,8933.737
36816,6605.3013
36817,4649.499
36818,7365.636
36819,5213.9917
36820,10190.954
36821,5781.7017
36822,5789.03
36823,8382.226
36824,6521.0977
36825,8928.618
36826,6658.8364
36827,9764.967
36828,5864.336
36829,7890.2725
36830,5768.3
36831,9161.691
36832,5959.685
36833,11880.276
36834,5781.277
36835,7816.163
36836,8068.8457
36837,7563.9
36838,6073.332
36839,5334.903
36840,7147.219
36841,5070.9023
36842,7544.8564
36843,7549.3555
36844,7428.478
36845,11360.438
36846,8923.893
36847,10119.262
36848,7587.5933
36849,6120.7866
36850,11264.865
36851,4495.9033
36852,7275.3354
36853,9010.145
36854,9914.275
36855,6404.5327
36856,4435.1875
36857,4985.9644
36858,10175.221
36859,6128.638
36860,6820.327
36861,9701.941
36862,6442.71
36863,8975.441
36864,13098.19
36865,10038.437
36866,10140.0625
36867,7105.688
36868,6255.749
36869,9843.872
36870,7332.4185
36871,7183.6875
36872,6268.6147
36873,9887.57
36874,12447.479
36875,6519.2446
36876,7785.115
36877,13526.808
36878,6432.5044
36879,5840.912
36880,5779.237
36881,7298.5356
36882,6233.3535
36883,7314.069
36884,6868.9907
36885,4493.691
36886,7731.6064
36887,5730.1216
36888,12711.479
36889,9629.5
36890,14162.588
36891,8535.765
36892,5193.71
36893,12743.549
36894,8809.843
36895,5628.4766
36896,12811.55
36897,10305.716
36898,10448.752
36899,7671.8774
36900,7902.556
36901,10202.411
36902,5916.2607
36903,6727.7144
36904,4940.4355
36905,6372.6997
36906,6149.021
36907,12055.68
36908,5319.547
36909,4654.7397
36910,8467.417
36911,8612.062
36912,6143.821
36913,7781.6035
36914,5658.5083
36915,11264.962
36916,10167.392
36917,9417.325
36918,6118.09
36919,4722.765
36920,7630.7397
36921,5683.071
36922,8520.636
36923,10001.204
36924,6294.21
36925,7244.4727
36926,5154.287
36927,13076.097
36928,4364.62
36929,7875.3105
36930,9543.125
36931,10341.566
36932,5300.179
36933,7926.1685
36934,6548.117
36935,7911.727
36936,9321.351
36937,5446.286
36938,7541.259
36939,9958.837
36940,6967.6074
36941,6087.3784
36942,9449.518
36943,9888.239
36944,10512.386
36945,9648.337
36946,6409.244
36947,4396.7456
36948,9511.094
36949,7912.5117
36950,9367.598
36951,9274.111
36952,4383.1865
36953,9318.436
36954,9550.127
36955,8840.953
36956,5624.4946
36957,10117.872
36958,3964.8738
36959,10543.303
36960,10313.956
36961,6173.5566
36962,12301.37
36963,3833.7908
36964,8782.141
36965,8991.772
36966,6764.4556
36967,9709.292
36968,8522.358
36969,5341.079
36970,12104.762
36971,5307.935
36972,5776.151
36973,4726.3613
36974,5895.1987
36975,9543.288
36976,5772.362
36977,10418.003
36978,12790.429
36979,9802.292
36980,4784.2397
36981,10147.561
36982,10018.351
36983,4278.083
36984,4894.496
36985,10268.178
36986,6200.2534
36987,10054.89
36988,7596.174
36989,7082.7695
36990,6159.728
36991,8102.64
36992,8093.6885
36993,5716.343
36994,5570.6914
36995,5135.3496
36996,10507.023
36997,10507.875
36998,6150.194
36999,9511.321
37000,9615.192
37001,4329.5107
37002,10580.07
37003,3833.436
37004,5798.701
37005,4314.763
37006,6139.263
37007,7208.032
37008,6946.2275
37009,11825.167
37010,27565.03
37011,8326.718
37012,6369.4424
37013,9543.562
37014,10346.272
37015,12843.383
37016,6653.389
37017,10037.288
37018,7352.209
37019,6241.82
37020,4523.3477
37021,10082.922
37022,5517.6978
37023,5243.383
37024,10115.007
37025,6926.895
37026,5354.367
37027,10061.8545
37028,7351.122
37029,4335.987
37030,10474.115
37031,10323.955
37032,10760.062
37033,7632.137
37034,6380.284
37035,12975.023
37036,8198.852
37037,8271.443
37038,7077.725
37039,11261.964
37040,6151.96
37041,7336.168
37042,12666.869
37043,5646.345
37044,7184.3936
37045,8973.824
37046,4402.407
37047,5780.0806
37048,12204.096
37049,7755.7217
37050,7245.523
37051,9135.558
37052,8537.972
37053,6087.065
37054,7994.981
37055,13936.727
37056,4666.85
37057,6408.975
37058,5045.846
37059,11272.022
37060,5650.5312
37061,6040.4707
37062,6832.1313
37063,10506.111
37064,5481.8
37065,16313.508
37066,12736.769
37067,5348.4766
37068,7178.304
37069,5789.5933
37070,10115.634
37071,13311.377
37072,5076.192
37073,4602.8735
37074,7456.5747
37075,6723.602
37076,10119.812
37077,5388.5723
37078,6030.678
37079,4767.316
37080,7628.367
37081,4678.809
37082,6645.759
37083,10380.343
37084,12777.382
37085,6161.479
37086,12667.316
37087,7974.7227
37088,10221.004
37089,5380.632
37090,5876.2847
37091,10568.905
37092,5112.9785
37093,8843.694
37094,6128.0596
37095,5875.1978
37096,6424.3433
37097,4999.537
37098,7014.223
37099,13347.29
37100,7565.964
37101,6424.301
37102,10685.8125
37103,9630.363
37104,6121.82
37105,5806.3555
37106,10148.877
37107,12849.742
37108,8598.339
37109,10160.635
37110,8189.5435
37111,7364.126
37112,10418.759
37113,6214.831
37114,6306.6675
37115,8940.667
37116,12503.699
37117,5849.498
37118,6987.933
37119,4191.602
37120,6976.811
37121,5927.795
37122,5085.735
37123,7810.5293
37124,7790.0176
37125,5473.388
37126,14225.781
37127,4911.407
37128,8166.011
37129,12491.899
37130,6792.4053
37131,6596.7573
37132,5466.548
37133,6962.16
37134,10537.733
37135,5615.6763
37136,8170.935
37137,10316.593
37138,7900.552
37139,6562.93
37140,5719.861
37141,9928.365
37142,8008.6274
37143,11816.745
37144,12149.848
37145,7643.2246
37146,10279.368
37147,4863.835
37148,7811.5273
37149,5986.8223
37150,10333.265
37151,7414.3984
37152,14072.833
37153,13383.147
37154,10807.28
37155,6336.4785
37156,6981.624
37157,7416.5557
37158,6492.8213
37159,10117.641
37160,10759.754
37161,5088.8794
37162,9703.829
37163,7171.837
37164,6923.817
37165,10081.614
37166,7980.9854
37167,10398.03
37168,10010.996
37169,13057.852
37170,10778.242
37171,4657.107
37172,12528.505
37173,10369.745
37174,12787.196
37175,6440.977
37176,5959.708
37177,10340.313
37178,5314.115
37179,6863.496
37180,7347.169
37181,11854.1875
37182,7893.8403
37183,4561.7773
37184,7243.5054
37185,5277.1655
37186,5229.1177
37187,10688.871
37188,7101.243
37189,5652.17
37190,6083.855
37191,13304.9795
37192,6653.275
37193,10302.011
37194,5681.51
37195,8584.572
37196,7549.017
37197,7356.951
37198,8087.6304
37199,10235.617
37200,13097.166
37201,6531.836
37202,8336.865
37203,4257.91
37204,6340.541
37205,9313.983
37206,5661.8125
37207,7798.0537
37208,6146.294
37209,5525.8613
37210,7039.8735
37211,10891.085
37212,8509.338
37213,6414.651
37214,9991.185
37215,9595.44
37216,10544.358
37217,13375.173
37218,10412.262
37219,7032.1626
37220,10731.907
37221,7405.2603
37222,6740.959
37223,10451.473
37224,8198.015
37225,5806.97
37226,10939.953
37227,8073.1416
37228,14410.638
37229,6440.2217
37230,6291.665
37231,8128.951
37232,10680.28
37233,10076.817
37234,14117.4375
37235,8137.275
37236,7529.7593
37237,10309.914
37238,4403.352
37239,10420.895
37240,10329.53
37241,7288.796
37242,25513.768
37243,7208.8643
37244,5127.244
37245,12702.873
37246,7007.7837
37247,7362.995
37248,5031.7397
37249,13914.148
37250,6614.191
37251,5483.9023
37252,9901.641
37253,7793.555
37254,7308.2114
37255,6286.632
37256,8186.3257
37257,12227.211
37258,10869.707
37259,14603.857
37260,10450.416
37261,4664.687
37262,9323.254
37263,14231.277
37264,6650.813
37265,7862.626
37266,6150.5283
37267,7006.8813
37268,6040.0273
37269,11442.124
37270,9123.42
37271,7113.3574
37272,10078.239
37273,4773.4453
37274,5463.707
37275,6496.1973
37276,7044.1387
37277,8084.5146
37278,5204.3374
37279,9917.312
37280,9123.411
37281,7731.3706
37282,9712.209
37283,7853.4375
37284,7838.0444
37285,7048.716
37286,5556.013
37287,11765.374
37288,6577.5127
37289,6874.306
37290,13523.145
37291,6498.906
37292,10639.023
37293,10754.818
37294,5692.8096
37295,4824.8486
37296,10361.025
37297,5064.222
37298,8104.2866
37299,4590.285
37300,9638.514
37301,13310.184
37302,7951.5425
37303,8630.811
37304,6339.3193
37305,6877.9526
37306,8533.363
37307,6363.5522
37308,13937.497
37309,11544.231
37310,9713.83
37311,10498.219
37312,6010.052
37313,6414.3936
37314,5520.9404
37315,6276.566
37316,5688.532
37317,8495.893
37318,9582.115
37319,10201.477
37320,8022.4805
37321,11149.064
37322,9800.292
37323,5644.331
37324,10796.515
37325,5915.674
37326,6292.499
37327,7326.9653
37328,4163.111
37329,8308.852
37330,8493.154
37331,15328.877
37332,5812.8335
37333,6776.538
37334,5921.076
37335,5872.3403
37336,5488.382
37337,10096.616
37338,8262.975
37339,9279.189
37340,10537.723
37341,5605.813
37342,12143.233
37343,5540.893
37344,10559.001
37345,7895.4365
37346,10937.616
37347,5420.6733
37348,6611.3335
37349,7250.21
37350,5469.599
37351,7207.0493
37352,11728.38
37353,7604.569
37354,5646.593
37355,10915.855
37356,6515.931
37357,4612.3887
37358,8904.338
37359,6976.811
37360,6319.59
37361,4982.375
37362,5776.4263
37363,12690.8
37364,6039.324
37365,5863.3013
37366,7974.4644
37367,10566.245
37368,5635.3364
37369,8114.961
37370,8859.8955
37371,10626.469
37372,4742.3164
37373,11609.575
37374,6076.629
37375,8693.111
37376,14821.744
37377,6223.967
37378,6684.8765
37379,7754.449
37380,10373.692
37381,6194.585
37382,8420.006
37383,7808.235
37384,8207.591
37385,10400.946
37386,4904.46
37387,5363.1997
37388,8351.326
37389,4642.125
37390,13587.6045
37391,6613.4463
37392,6935.39
37393,7557.496
37394,10769.672
37395,11015.694
37396,8714.2295
37397,4621.0073
37398,7135.8843
37399,5090.7095
37400,6455.2827
37401,7932.7183
37402,10107.581
37403,14191.388
37404,8584.016
37405,12444.452
37406,11605.003
37407,8368.445
37408,10596.622
37409,14509.299
37410,7252.8315
37411,6961.602
37412,5594.958
37413,7963.876
37414,7417.0513
37415,9281.164
37416,5684.5454
37417,11715.746
37418,10753.731
37419,10772.888
37420,5437.146
37421,9305.007
37422,4766.1294
37423,14794.798
37424,9779.601
37425,10858.921
37426,10008.762
37427,6565.9917
37428,6282.52
37429,4447.4053
37430,6485.332
37431,5128.922
37432,4932.2427
37433,11029.455
37434,11963.555
37435,11279.357
37436,13893.581
37437,12784.136
37438,2797.777
37439,10573.393
37440,4777.021
37441,15196.094
37442,7534.048
37443,9242.489
37444,13720.119
37445,9476.576
37446,8261.532
37447,11679.231
37448,10203.481
37449,11988.694
37450,4794.1895
37451,6352.1816
37452,8025.8247
37453,11356.051
37454,13515.228
37455,11367.386
37456,7796.7817
37457,6593.939
37458,7309.299
37459,6223.6997
37460,8309.414
37461,10284.271
37462,5964.65
37463,5119.396
37464,6701.264
37465,9722.886
37466,6323.069
37467,10563.04
37468,6665.127
37469,10089.579
37470,11089.633
37471,10320.973
37472,5891.2974
37473,7303.9326
37474,13297.013
37475,8720.939
37476,8381.754
37477,4214.246
37478,9661.496
37479,6412.302
37480,7951.8076
37481,8231.824
37482,10466.615
37483,6062.1157
37484,9153.656
37485,2712.2031
37486,10789.762
37487,6435.5913
37488,11872.868
37489,11645.884
37490,8124.6724
37491,14613.596
37492,12976.756
37493,4898.475
37494,5527.633
37495,6663.8047
37496,6510.7065
37497,6641.3105
37498,15016.221
37499,10832.419
37500,14571.273
37501,5432.3506
37502,7446.177
37503,12210.802
37504,8598.126
37505,10856.052
37506,6733.5625
37507,12854.805
37508,12870.839
37509,11127.541
37510,8637.432
37511,6679.6694
37512,9988.393
37513,11723.258
37514,10704.266
37515,6502.9917
37516,6290.1587
37517,15050.158
37518,10316.928
37519,6388.5474
37520,7535.277
37521,8209.048
37522,6961.323
37523,6479.1304
37524,5577.731
37525,10701.01
37526,4989.4375
37527,14281.559
37528,10733.78
37529,8904.83
37530,6179.766
37531,6905.66
37532,11163.557
37533,10618.769
37534,5150.6846
37535,13458.219
37536,8178.381
37537,10315.56
37538,5312.306
37539,7611.5713
37540,12762.243
37541,10842.352
37542,9823.547
37543,7404.194
37544,12361.587
37545,12245.265
37546,5865.158
37547,11260.364
37548,7067.2554
37549,5959.5317
37550,8263.424
37551,4547.7876
37552,8071.8403
37553,10296.942
37554,5885.765
37555,11187.496
37556,10632.105
37557,9822.517
37558,8912.588
37559,10755.988
37560,5714.849
37561,7803.827
37562,6737.2505
37563,10479.161
37564,8468.022
37565,12914.786
37566,7240.8184
37567,6395.1685
37568,7473.492
37569,8398.398
37570,15140.341
37571,8210.011
37572,10717.065
37573,10759.579
37574,7984.5864
37575,6766.475
37576,7257.0596
37577,8451.328
37578,8828.853
37579,4695.1543
37580,10343.263
37581,13702.805
37582,14460.201
37583,7830.154
37584,5484.6504
37585,8294.71
37586,6235.494
37587,6642.603
37588,7534.3496
37589,6326.8213
37590,6287.6216
37591,6727.2393
37592,14021.628
37593,11131.118
37594,10545.505
37595,14735.652
37596,7341.341
37597,8790.663
37598,7256.6855
37599,8591.748
37600,5515.8296
37601,11246.476
37602,10131.681
37603,6253.482
37604,6942.783
37605,9006.846
37606,6205.0815
37607,7473.82
37608,13790.476
37609,6403.2925
37610,7683.499
37611,8466.061
37612,5588.4937
37613,6977.384
37614,6386.543
37615,13425.489
37616,6276.6143
37617,5738.0522
37618,11793.011
37619,6602.3975
37620,11276.55
37621,6460.9624
37622,8205.023
37623,6531.425
37624,10819.316
37625,11249.028
37626,6309.7725
37627,10610.801
37628,9523.603
37629,5256.7085
37630,14132.215
37631,6737.739
37632,7718.6973
37633,7745.0986
37634,7005.979
37635,7939.4854
37636,5922.748
37637,6605.2886
37638,7352.721
37639,4400.056
37640,6933.161
37641,8693.907
37642,11900.894
37643,7271.6235
37644,8954.535
37645,10575.691
37646,8234.313
37647,6061.0283
37648,6183.87
37649,12266.773
37650,8051.8325
37651,6949.3354
37652,11071.571
37653,10447.975
37654,6077.145
37655,5490.4917
37656,8039.0864
37657,9520.896
37658,8128.106
37659,7286.176
37660,8662.008
37661,11204.207
37662,10644.728
37663,11257.712
37664,4761.3354
37665,12198.871
37666,8177.8037
37667,9982.021
37668,13311.885
37669,11895.379
37670,12686.311
37671,9055.072
37672,6697.411
37673,4715.7744
37674,7467.8057
37675,5285.79
37676,10332.91
37677,5862.798
37678,5869.2886
37679,8499.483
37680,6611.346
37681,9051.739
37682,6752.1626
37683,9900.347
37684,5945.9956
37685,8000.382
37686,5847.1274
37687,9289.736
37688,6042.5107
37689,12044.991
37690,5862.4736
37691,7923.863
37692,8181.252
37693,7671.1455
37694,6157.8423
37695,5409.754
37696,7245.979
37697,5141.859
37698,7649.7886
37699,7654.6567
37700,7531.8135
37701,11521.1875
37702,9048.934
37703,10262.548
37704,7693.538
37705,6205.8213
37706,11423.913
37707,4557.624
37708,7376.935
37709,9133.502
37710,10054.104
37711,6496.092
37712,4497.1426
37713,5055.8237
37714,10316.16
37715,6215.495
37716,6917.236
37717,9835.679
37718,6532.079
37719,9100.754
37720,13278.6875
37721,10178.715
37722,10281.025
37723,7204.3896
37724,6342.858
37725,9981.631
37726,7434.1626
37727,7283.813
37728,6355.7515
37729,10026.16
37730,12619.275
37731,6611.2705
37732,7893.7725
37733,13710.714
37734,6522.1553
37735,5921.5957
37736,5860.494
37737,7400.0073
37738,6319.849
37739,7414.646
37740,6964.405
37741,4557.241
37742,7839.0015
37743,5813.815
37744,12891.663
37745,9763.868
37746,14357.026
37747,8654.361
37748,5267.6255
37749,12916.092
37750,8932.689
37751,5705.1055
37752,12986.45
37753,10449.17
37754,10594.389
37755,7779.37
37756,8012.2944
37757,10342.307
37758,5997.8022
37759,6821.687
37760,5009.098
37761,6460.605
37762,6235.0127
37763,12224.518
37764,5394.0024
37765,4719.235
37766,8585.711
37767,8735.758
37768,6229.2407
37769,7890.814
37770,5737.1655
37771,11420.177
37772,10310.917
37773,9548.542
37774,6202.963
37775,4788.609
37776,7738.608
37777,5763.152
37778,8640.274
37779,10141.843
37780,6378.0815
37781,7345.5503
37782,5224.9946
37783,13256.821
37784,4425.915
37785,7985.0586
37786,9676.749
37787,10486.47
37788,5374.5225
37789,8036.066
37790,6639.854
37791,8022.641
37792,9450.392
37793,5522.7314
37794,7644.537
37795,10097.357
37796,7064.587
37797,6173.2207
37798,9582.636
37799,10024.602
37800,10658.768
37801,9780.701
37802,6499.135
37803,4460.8613
37804,9643.461
37805,8022.5107
37806,9497.533
37807,9403.719
37808,4445.874
37809,9448.599
37810,9682.686
37811,8962.789
37812,5702.015
37813,10257.704
37814,4021.9907
37815,10689.951
37816,10458.762
37817,6260.6855
37818,12481.8955
37819,3888.0146
37820,8905.153
37821,9117.53
37822,6857.8423
37823,9844.275
37824,8641.897
37825,5415.0146
37826,12274.544
37827,5382.526
37828,5856.616
37829,4793.366
37830,5979.8994
37831,9675.679
37832,5854.1533
37833,10563.776
37834,12975.172
37835,9938.967
37836,4850.894
37837,10289.608
37838,10159.414
37839,4336.918
37840,4963.259
37841,10410.782
37842,6286.53
37843,10196.992
37844,7702.099
37845,7181.557
37846,6245.989
37847,8215.533
37848,8207.169
37849,5796.058
37850,5648.128
37851,5207.466
37852,10652.781
37853,10654.977
37854,6235.9937
37855,9644.316
37856,9749.761
37857,4390.5137
37858,10727.036
37859,3886.0012
37860,5879.3965
37861,4374.9155
37862,6226.0093
37863,7309.529
37864,7043.729
37865,11992.263
37866,27950.707
37867,8442.16
37868,6458.276
37869,9674.212
37870,10490.381
37871,13024.021
37872,6745.4165
37873,10176.803
37874,7458.1323
37875,6328.2275
37876,4586.552
37877,10223.655
37878,5594.307
37879,5317.381
37880,10256.012
37881,7023.502
37882,5428.16
37883,10200.835
37884,7453.723
37885,4397.765
37886,10618.141
37887,10469.78
37888,10907.416
37889,7739.767
37890,6468.59
37891,13153.108
37892,8312.569
37893,8385.352
37894,7176.1616
37895,11418.075
37896,6236.077
37897,7434.3467
37898,12840.346
37899,5723.1514
37900,7283.341
37901,9100.857
37902,4464.3477
37903,5859.4937
37904,12376.534
37905,7863.7812
37906,7344.5063
37907,9264.219
37908,8656.136
37909,6171.2017
37910,8106.3276
37911,14130.867
37912,4731.6797
37913,6498.701
37914,5115.486
37915,11435.0
37916,5728.859
37917,6123.613
37918,6927.6416
37919,10652.508
37920,5559.088
37921,16539.256
37922,12910.291
37923,5423.7354
37924,7279.132
37925,5870.173
37926,10256.677
37927,13503.399
37928,5146.098
37929,4666.7124
37930,7560.8994
37931,6817.8555
37932,10260.552
37933,5462.706
37934,6114.4614
37935,4834.2695
37936,7734.7046
37937,4740.4307
37938,6740.355
37939,10525.82
37940,12955.411
37941,6247.0137
37942,12851.029
37943,8083.2734
37944,10365.275
37945,5454.2456
37946,5958.3667
37947,10715.9
37948,5184.86
37949,8968.116
37950,6212.6797
37951,5958.23
37952,6513.421
37953,5068.91
37954,7111.526
37955,13533.582
37956,7670.319
37957,6513.3896
37958,10835.137
37959,9764.92
37960,6207.514
37961,5886.1523
37962,10288.431
37963,13031.203
37964,8716.923
37965,10302.886
37966,8302.3955
37967,7466.467
37968,10565.308
37969,6300.282
37970,6394.3145
37971,9066.351
37972,12680.189
37973,5931.347
37974,7084.3843
37975,4249.2354
37976,7073.7026
37977,6011.823
37978,5158.5073
37979,7918.363
37980,7899.2104
37981,5548.4243
37982,14423.659
37983,4979.1157
37984,8279.984
37985,12666.241
37986,6887.163
37987,6689.4624
37988,5541.723
37989,7055.0586
37990,10685.141
37991,5692.815
37992,8284.605
37993,10461.206
37994,8010.1934
37995,6653.751
37996,5798.7397
37997,10066.26
37998,8121.527
37999,11984.248
38000,12317.102
38001,7749.089
38002,10422.028
38003,4931.471
38004,7920.8027
38005,6070.801
38006,10477.622
38007,7516.262
38008,14268.965
38009,13567.339
38010,10956.723
38011,6425.735
38012,7078.7915
38013,7520.6294
38014,6583.061
38015,10258.174
38016,10910.392
38017,5158.404
38018,9839.816
38019,7269.5713
38020,7019.062
38021,10220.136
38022,8093.2715
38023,10541.362
38024,10150.668
38025,13239.385
38026,10928.783
38027,4721.783
38028,12703.951
38029,10512.817
38030,12964.447
38031,6531.2817
38032,6038.1606
38033,10484.64
38034,5388.1606
38035,6958.4224
38036,7449.5225
38037,12019.344
38038,8002.847
38039,4625.1304
38040,7344.8706
38041,5349.0684
38042,5300.1187
38043,10838.071
38044,7200.467
38045,5730.5586
38046,6168.53
38047,13489.497
38048,6745.925
38049,10444.119
38050,5759.943
38051,8704.826
38052,7653.43
38053,7458.417
38054,8198.781
38055,10378.057
38056,13279.967
38057,6624.324
38058,8452.779
38059,4317.744
38060,6428.303
38061,9443.553
38062,5740.844
38063,7906.3184
38064,6233.3833
38065,5603.188
38066,7137.607
38067,11039.159
38068,8627.461
38069,6504.425
38070,10131.034
38071,9729.444
38072,10691.879
38073,13561.518
38074,10557.148
38075,7130.142
38076,10884.844
38077,7508.667
38078,6836.382
38079,10595.258
38080,8312.165
38081,5886.1245
38082,11095.515
38083,8184.6313
38084,14613.206
38085,6529.8115
38086,6378.903
38087,8244.655
38088,10829.269
38089,10216.9
38090,14312.976
38091,8251.57
38092,7634.5615
38093,10456.728
38094,4463.049
38095,10565.52
38096,10471.139
38097,7390.5625
38098,25869.168
38099,7309.027
38100,5198.101
38101,12878.98
38102,7105.1187
38103,7465.3135
38104,5102.7856
38105,14112.268
38106,6706.898
38107,5560.8594
38108,10032.589
38109,7901.953
38110,7411.316
38111,6374.791
38112,8301.445
38113,12395.506
38114,11020.802
38115,14807.827
38116,10596.137
38117,4729.717
38118,9451.762
38119,14428.503
38120,6742.792
38121,7971.5137
38122,6236.357
38123,7105.288
38124,6124.115
38125,11600.842
38126,9250.7
38127,7211.6494
38128,10218.869
38129,4840.8174
38130,5539.2656
38131,6586.189
38132,7142.006
38133,8196.709
38134,5277.724
38135,10054.679
38136,9251.557
38137,7839.1133
38138,9847.656
38139,7962.152
38140,7947.0386
38141,7147.4917
38142,5632.5527
38143,11929.782
38144,6669.4385
38145,6970.6587
38146,13710.309
38147,6588.9473
38148,10788.393
38149,10904.524
38150,5771.3706
38151,4895.981
38152,10504.639
38153,5135.849
38154,8217.029
38155,4653.071
38156,9772.15
38157,13489.047
38158,8059.516
38159,8751.128
38160,6429.3213
38161,6972.181
38162,8651.538
38163,6451.731
38164,14133.55
38165,11704.009
38166,9847.309
38167,10644.189
38168,6094.0537
38169,6503.9346
38170,5598.081
38171,6366.1445
38172,5767.056
38173,8613.722
38174,9711.653
38175,10343.796
38176,8134.2793
38177,11304.709
38178,9935.574
38179,5721.1484
38180,10946.226
38181,5997.9053
38182,6379.5293
38183,7430.625
38184,4220.751
38185,8422.183
38186,8610.206
38187,15543.506
38188,5894.94
38189,6870.845
38190,6001.075
38191,5954.3154
38192,5566.591
38193,10237.609
38194,8378.349
38195,9408.607
38196,10683.602
38197,5685.836
38198,12315.763
38199,5618.591
38200,10706.645
38201,8006.046
38202,11089.78
38203,5495.202
38204,6703.029
38205,7349.5166
38206,5546.149
38207,7305.4375
38208,11890.524
38209,7710.4565
38210,5726.253
38211,11069.523
38212,6606.0825
38213,4677.015
38214,9031.491
38215,7072.111
38216,6407.0073
38217,5053.216
38218,5858.9907
38219,12870.925
38220,6125.1025
38221,5945.4453
38222,8086.2036
38223,10713.561
38224,5713.672
38225,8227.39
38226,8983.518
38227,10775.651
38228,4808.616
38229,11769.437
38230,6161.8613
38231,8814.835
38232,15030.421
38233,6311.1265
38234,6779.5312
38235,7862.521
38236,10517.862
38237,6279.8896
38238,8537.54
38239,7915.335
38240,8323.2
38241,10546.602
38242,4973.908
38243,5438.1157
38244,8469.573
38245,4707.927
38246,13781.22
38247,6706.0596
38248,7031.9214
38249,7664.3296
38250,10919.417
38251,11168.807
38252,8834.732
38253,4685.7275
38254,7235.896
38255,5161.869
38256,6545.2134
38257,8043.1206
38258,10248.102
38259,14388.815
38260,8699.697
38261,12617.049
38262,11765.004
38263,8484.401
38264,10744.566
38265,14712.159
38266,7353.689
38267,7059.757
38268,5671.796
38269,8075.6675
38270,7520.6865
38271,9407.037
38272,5763.4106
38273,11876.391
38274,10902.33
38275,10923.49
38276,5511.948
38277,9433.687
38278,4834.9937
38279,14996.813
38280,9913.169
38281,11009.424
38282,10148.122
38283,6657.3247
38284,6369.546
38285,4508.7617
38286,6574.897
38287,5200.5312
38288,5001.0396
38289,11182.269
38290,12133.508
38291,11439.036
38292,14094.862
38293,12959.799
38294,2836.905
38295,10721.595
38296,4845.2153
38297,15407.057
38298,7638.4585
38299,9371.583
38300,13914.64
38301,9607.089
38302,8374.17
38303,11842.322
38304,10344.299
38305,12152.6875
38306,4862.6104
38307,6440.842
38308,8138.416
38309,11513.597
38310,13705.157
38311,11526.683
38312,7903.8755
38313,6685.329
38314,7410.885
38315,6311.518
38316,8425.003
38317,10425.876
38318,6048.179
38319,5190.273
38320,6793.7983
38321,9857.26
38322,6411.0664
38323,10709.75
38324,6757.9546
38325,10234.095
38326,11244.898
38327,10465.537
38328,5971.293
38329,7405.6772
38330,13480.727
38331,8838.078
38332,8499.297
38333,4272.2437
38334,9795.918
38335,6500.927
38336,8064.4604
38337,8347.337
38338,10613.938
38339,6146.7983
38340,9282.014
38341,2750.0747
38342,10940.401
38343,6525.2104
38344,12039.582
38345,11804.748
38346,8239.247
38347,14806.457
38348,13159.659
38349,4967.1187
38350,5604.7383
38351,6755.983
38352,6601.1133
38353,6734.102
38354,15220.796
38355,10983.833
38356,14766.66
38357,5511.8853
38358,7549.744
38359,12380.536
38360,8718.395
38361,11006.852
38362,6827.285
38363,13034.708
38364,13044.396
38365,11283.402
38366,8757.098
38367,6772.344
38368,10128.145
38369,11885.501
38370,10854.551
38371,6592.738
38372,6374.42
38373,15262.967
38374,10461.585
38375,6477.283
38376,7640.2656
38377,8323.319
38378,7057.683
38379,6569.1865
38380,5656.161
38381,10850.173
38382,5059.6304
38383,14477.976
38384,10883.006
38385,9030.199
38386,6265.6855
38387,7000.762
38388,11319.943
38389,10767.597
38390,5222.538
38391,13649.769
38392,8292.653
38393,10458.962
38394,5386.2954
38395,7717.9907
38396,12939.42
38397,10992.186
38398,9961.611
38399,7508.366
38400,12533.62
38401,12416.142
38402,5947.4478
38403,11417.628
38404,7165.7173
38405,6041.301
38406,8377.59
38407,4610.871
38408,8183.648
38409,10440.045
38410,5968.2407
38411,11343.429
38412,10780.246
38413,9960.091
38414,9036.842
38415,10901.654
38416,5793.543
38417,7913.1157
38418,6830.3853
38419,10626.793
38420,8585.072
38421,13097.891
38422,7342.272
38423,6484.806
38424,7576.0083
38425,8517.19
38426,15349.461
38427,8324.152
38428,10865.706
38429,10910.059
38430,8097.6265
38431,6859.6543
38432,7358.6006
38433,8569.324
38434,8950.121
38435,4760.6816
38436,10487.41
38437,13894.628
38438,14659.942
38439,7940.7954
38440,5559.7935
38441,8410.976
38442,6322.1943
38443,6735.837
38444,7639.5366
38445,6415.079
38446,6374.201
38447,6823.7563
38448,14214.863
38449,11285.566
38450,10689.207
38451,14935.622
38452,7443.8833
38453,8914.425
38454,7357.295
38455,8711.347
38456,5594.1895
38457,11403.133
38458,10272.233
38459,6340.015
38460,7039.766
38461,9132.238
38462,6290.939
38463,7577.9595
38464,13987.182
38465,6491.8364
38466,7791.4365
38467,8584.139
38468,5665.794
38469,7074.8633
38470,6474.559
38471,13617.365
38472,6364.2017
38473,5815.7173
38474,11958.558
38475,6694.3965
38476,11431.467
38477,6550.8784
38478,8317.732
38479,6621.917
38480,10969.95
38481,11405.428
38482,6399.0127
38483,10757.876
38484,9655.969
38485,5328.495
38486,14329.435
38487,6830.529
38488,7825.5693
38489,7851.138
38490,7102.937
38491,8048.5615
38492,6005.828
38493,6696.8745
38494,7455.188
38495,4461.985
38496,7029.1787
38497,8814.507
38498,12067.46
38499,7372.3696
38500,9079.382
38501,10722.781
38502,8349.247
38503,6145.309
38504,6269.7866
38505,12437.724
38506,8163.7993
38507,7046.309
38508,11225.118
38509,10592.024
38510,6162.0903
38511,5566.7817
38512,8151.3813
38513,9653.354
38514,8242.776
38515,7387.6655
38516,8780.851
38517,11360.156
38518,10792.818
38519,11414.035
38520,4825.074
38521,12368.675
38522,8287.695
38523,10120.333
38524,13494.915
38525,12062.535
38526,12868.322
38527,9181.3125
38528,6790.112
38529,4780.5444
38530,7571.8545
38531,5359.9062
38532,10476.5625
38533,5946.0747
38534,5950.222
38535,8615.768
38536,6703.86
38537,9175.648
38538,6845.784
38539,10038.733
38540,6028.826
38541,8114.0396
38542,5928.8584
38543,9419.131
38544,6127.1245
38545,12213.342
38546,5942.8486
38547,8034.4873
38548,8295.145
38549,7777.745
38550,6243.9814
38551,5487.0103
38552,7347.863
38553,5213.047
38554,7756.513
38555,7760.99
38556,7637.1763
38557,11679.142
38558,9175.474
38559,10404.667
38560,7800.6123
38561,6290.009
38562,11583.605
38563,4621.7695
38564,7478.9185
38565,9262.372
38566,10192.947
38567,6586.4277
38568,4559.772
38569,5127.2686
38570,10459.899
38571,6301.893
38572,7016.0835
38573,9975.312
38574,6623.098
38575,9226.205
38576,13460.619
38577,10320.343
38578,10423.986
38579,7304.782
38580,6432.333
38581,10119.831
38582,7537.9653
38583,7385.6157
38584,6446.324
38585,10164.1045
38586,12798.226
38587,6702.683
38588,8002.3433
38589,13900.857
38590,6613.314
38591,6003.371
38592,5941.8115
38593,7503.3477
38594,6407.863
38595,7520.414
38596,7062.141
38597,4621.382
38598,7948.471
38599,5893.5176
38600,13063.818
38601,9900.555
38602,14559.1045
38603,8771.886
38604,5341.5327
38605,13098.415
38606,9056.523
38607,5785.8887
38608,13165.822
38609,10594.742
38610,10741.6455
38611,7885.8633
38612,8123.9907
38613,10487.1
38614,6080.7456
38615,6915.7056
38616,5078.928
38617,6550.841
38618,6322.2188
38619,12393.839
38620,5467.111
38621,4785.4673
38622,8707.865
38623,8856.288
38624,6315.318
38625,8000.779
38626,5816.2
38627,11582.755
38628,10453.656
38629,9681.355
38630,6289.541
38631,4856.0234
38632,7844.783
38633,5843.085
38634,8760.94
38635,10281.191
38636,6467.7817
38637,7449.288
38638,5299.3804
38639,13445.595
38640,4488.2334
38641,8095.263
38642,9811.122
38643,10631.832
38644,5448.0996
38645,8149.9277
38646,6732.638
38647,8134.008
38648,9581.667
38649,5600.2065
38650,7752.844
38651,10238.02
38652,7163.51
38653,6258.2495
38654,9714.34
38655,10164.997
38656,10807.063
38657,9916.791
38658,6589.3623
38659,4520.3027
38660,9777.39
38661,8132.1772
38662,9631.079
38663,9534.481
38664,4506.4097
38665,9578.862
38666,9816.401
38667,9091.106
38668,5783.075
38669,10402.256
38670,4076.0247
38671,10839.002
38672,10604.872
38673,6348.711
38674,12651.681
38675,3941.471
38676,9028.227
38677,9241.661
38678,6952.6504
38679,9980.955
38680,8761.935
38681,5491.2515
38682,12442.969
38683,5457.6753
38684,5938.74
38685,4858.558
38686,6062.318
38687,9810.504
38688,5934.601
38689,10710.444
38690,13150.249
38691,10078.066
38692,4919.237
38693,10433.048
38694,10301.176
38695,4398.2515
38696,5031.6006
38697,10555.98
38698,6373.6846
38699,10338.135
38700,7809.6577
38701,7282.375
38702,6331.7837
38703,8331.413
38704,8320.533
38705,5876.2007
38706,5726.761
38707,5279.0386
38708,10801.612
38709,10802.849
38710,6322.6045
38711,9777.334
38712,9885.646
38713,4449.8667
38714,10876.293
38715,3940.2869
38716,5961.192
38717,4434.257
38718,6314.4746
38719,7411.3228
38720,7140.9023
38721,12160.096
38722,28343.592
38723,8559.856
38724,6548.592
38725,9809.017
38726,10636.041
38727,13205.185
38728,6839.8384
38729,10319.132
38730,7557.208
38731,6417.717
38732,4650.2085
38733,10365.78
38734,5671.1357
38735,5392.6753
38736,10399.032
38737,7120.655
38738,5503.831
38739,10343.52
38740,7557.4243
38741,4458.8022
38742,10769.343
38743,10616.824
38744,11058.886
38745,7846.2646
38746,6559.469
38747,13335.966
38748,8430.059
38749,8502.9375
38750,7275.6475
38751,11577.773
38752,6323.232
38753,7541.5684
38754,13017.253
38755,5806.9263
38756,7384.0376
38757,9225.694
38758,4526.2397
38759,5941.4883
38760,12548.942
38761,7972.928
38762,7447.2065
38763,9392.997
38764,8778.338
38765,6257.563
38766,8219.437
38767,14329.558
38768,4797.671
38769,6588.696
38770,5186.7197
38771,11589.794
38772,5808.7046
38773,6209.51
38774,7024.2993
38775,10800.036
38776,5636.0303
38777,16771.68
38778,13085.815
38779,5499.355
38780,7379.644
38781,5950.137
38782,10399.519
38783,13690.669
38784,5218.7437
38785,4732.109
38786,7664.8267
38787,6913.2256
38788,10403.377
38789,5537.5435
38790,6199.6978
38791,4901.696
38792,7838.6724
38793,4811.2866
38794,6833.7085
38795,10671.89
38796,13136.26
38797,6334.623
38798,13030.32
38799,8197.397
38800,10510.541
38801,5532.306
38802,6042.038
38803,10865.686
38804,5257.1245
38805,9090.101
38806,6300.3486
38807,6040.125
38808,6605.0303
38809,5142.305
38810,7210.37
38811,13723.129
38812,7777.4336
38813,6604.5894
38814,10985.75
38815,9902.736
38816,6293.9336
38817,5972.7056
38818,10435.476
38819,13213.311
38820,8841.721
38821,10448.592
38822,8420.962
38823,7569.782
38824,10712.048
38825,6388.8706
38826,6484.361
38827,9191.783
38828,12853.922
38829,6013.096
38830,7183.0645
38831,4307.7676
38832,7171.303
38833,6095.071
38834,5231.1685
38835,8027.731
38836,8007.0996
38837,5624.553
38838,14624.234
38839,5048.9277
38840,8395.867
38841,12841.718
38842,6984.728
38843,6782.0083
38844,5619.6465
38845,7157.2676
38846,10834.134
38847,5771.8223
38848,8402.349
38849,10607.694
38850,8121.457
38851,6746.909
38852,5880.3164
38853,10205.632
38854,8235.798
38855,12148.087
38856,12484.407
38857,7855.7524
38858,10566.729
38859,5000.4526
38860,8030.879
38861,6154.994
38862,10623.621
38863,7619.852
38864,14467.333
38865,13754.734
38866,11110.33
38867,6514.421
38868,7178.1055
38869,7624.5195
38870,6675.0137
38871,10400.887
38872,11061.756
38873,5227.9062
38874,9975.559
38875,7372.3276
38876,7118.027
38877,10362.548
38878,8205.65
38879,10689.064
38880,10290.973
38881,13425.694
38882,11080.73
38883,4789.797
38884,12880.54
38885,10659.418
38886,13147.327
38887,6621.9487
38888,6126.3706
38889,10630.665
38890,5462.977
38891,7055.3545
38892,7553.6914
38893,12186.893
38894,8115.4253
38895,4689.166
38896,7447.1714
38897,5424.087
38898,5374.461
38899,10988.643
38900,7300.0254
38901,5810.782
38902,6254.2393
38903,13676.665
38904,6840.2954
38905,10587.308
38906,5840.1377
38907,8829.266
38908,7761.323
38909,7563.6113
38910,8313.1875
38911,10521.945
38912,13462.006
38913,6716.443
38914,8571.662
38915,4376.911
38916,6519.0645
38917,9575.035
38918,5820.912
38919,8016.032
38920,6319.524
38921,5681.499
38922,7237.1177
38923,11193.729
38924,8747.765
38925,6595.5996
38926,10271.322
38927,9865.349
38928,10840.987
38929,13748.347
38930,10704.868
38931,7229.0386
38932,11034.801
38933,7613.256
38934,6930.0737
38935,10743.982
38936,8427.8
38937,5968.036
38938,11247.634
38939,8298.239
38940,14816.671
38941,6621.21
38942,6468.806
38943,8355.493
38944,10978.47
38945,10360.274
38946,14518.394
38947,8366.522
38948,7740.904
38949,10603.295
38950,4525.3545
38951,10713.069
38952,10617.067
38953,7492.913
38954,26229.992
38955,7410.5527
38956,5271.003
38957,13056.345
38958,7203.998
38959,7569.941
38960,5174.5386
38961,14315.446
38962,6800.5474
38963,5637.245
38964,10178.86
38965,8012.394
38966,7513.567
38967,6460.1675
38968,8416.626
38969,12571.248
38970,11174.806
38971,15009.42
38972,10742.322
38973,4796.179
38974,9581.887
38975,14631.252
38976,6837.4316
38977,8081.6313
38978,6322.7734
38979,7203.6953
38980,6212.028
38981,11758.957
38982,9379.613
38983,7313.127
38984,10360.067
38985,4908.1147
38986,5617.337
38987,6678.166
38988,7240.5073
38989,8311.301
38990,5351.4976
38991,10194.931
38992,9380.428
38993,7947.7056
38994,9982.964
38995,8073.442
38996,8057.748
38997,7246.394
38998,5711.3887
38999,12097.145
39000,6761.759
39001,7067.276
39002,13904.875
39003,6680.746
39004,10940.047
39005,11056.323
39006,5853.472
39007,4963.1265
39008,10653.046
39009,5207.3667
39010,8331.882
39011,4717.6772
39012,9906.799
39013,13673.822
39014,8173.983
39015,8874.078
39016,6514.949
39017,7069.831
39018,8771.852
39019,6541.7246
39020,14322.862
39021,11867.898
39022,9985.335
39023,10793.94
39024,6178.275
39025,6594.606
39026,5675.6924
39027,6452.365
39028,5847.8135
39029,8733.634
39030,9846.755
39031,10487.8
39032,8247.7705
39033,11462.986
39034,10076.894
39035,5804.1797
39036,11099.568
39037,6081.4473
39038,6468.016
39039,7532.4526
39040,4279.0464
39041,8539.901
39042,8732.201
39043,15757.578
39044,5976.444
39045,6965.202
39046,6087.611
39047,6036.733
39048,5642.8833
39049,10379.967
39050,8496.104
39051,9537.692
39052,10833.215
39053,5761.69
39054,12483.169
39055,5695.7207
39056,10853.578
39057,8118.406
39058,11244.599
39059,5570.984
39060,6796.6436
39061,7451.036
39062,5622.9604
39063,7406.645
39064,12056.197
39065,7818.8325
39066,5804.6665
39067,11221.832
39068,6697.89
39069,4741.638
39070,9155.175
39071,7172.685
39072,6496.625
39073,5123.2646
39074,5937.568
39075,13054.153
39076,6209.3145
39077,6027.751
39078,8196.701
39079,10862.411
39080,5793.9688
39081,8341.217
39082,9107.518
39083,10926.262
39084,4874.6753
39085,11935.518
39086,6247.1206
39087,8937.462
39088,15238.197
39089,6399.0127
39090,6871.6904
39091,7972.137
39092,10664.849
39093,6367.7114
39094,8656.334
39095,8026.1616
39096,8440.55
39097,10693.582
39098,5040.5547
39099,5513.51
39100,8587.233
39101,4771.574
39102,13970.369
39103,6799.127
39104,7130.9995
39105,7770.2563
39106,11070.294
39107,11324.879
39108,8961.883
39109,4749.732
39110,7336.7275
39111,5235.107
39112,6635.84
39113,8154.2197
39114,10390.654
39115,14590.993
39116,8826.487
39117,12793.771
39118,11932.388
39119,8603.803
39120,10894.264
39121,14914.839
39122,7456.1904
39123,7158.005
39124,5750.901
39125,8186.3022
39126,7624.4756
39127,9542.124
39128,5845.8726
39129,12042.717
39130,11054.499
39131,11076.124
39132,5588.8457
39133,9565.907
39134,4904.343
39135,15204.2705
39136,10051.352
39137,11162.438
39138,10288.559
39139,6751.145
39140,6459.366
39141,4572.2637
39142,6668.809
39143,5273.12
39144,5071.091
39145,11339.231
39146,12296.736
39147,11595.698
39148,14287.539
39149,13137.851
39150,2876.2427
39151,10866.432
39152,4909.955
39153,15621.008
39154,7745.0913
39155,9503.033
39156,14104.639
39157,9741.144
39158,8489.955
39159,12006.58
39160,10487.03
39161,12323.482
39162,4928.9033
39163,6531.057
39164,8252.39
39165,11674.531
39166,13897.04
39167,11686.5625
39168,8014.4805
39169,6779.324
39170,7515.158
39171,6393.784
39172,8541.466
39173,10574.37
39174,6132.983
39175,5262.7437
39176,6888.766
39177,9994.491
39178,6500.6353
39179,10860.671
39180,6852.9185
39181,10370.794
39182,11398.805
39183,10611.429
39184,6053.3677
39185,7508.144
39186,13671.214
39187,8961.584
39188,8618.43
39189,4331.7124
39190,9932.931
39191,6591.0845
39192,8176.6885
39193,8463.057
39194,10759.559
39195,6231.7603
39196,9411.066
39197,2788.7354
39198,11093.07
39199,6616.437
39200,12205.702
39201,11969.774
39202,8353.326
39203,15020.403
39204,13342.314
39205,5036.9453
39206,5682.3877
39207,6850.592
39208,6692.2964
39209,6828.5225
39210,15432.382
39211,11135.981
39212,14977.203
39213,5589.6934
39214,7656.0806
39215,12553.875
39216,8839.723
39217,11160.277
39218,6922.589
39219,13213.336
39220,13226.461
39221,11439.941
39222,8878.718
39223,6866.475
39224,10269.226
39225,12052.519
39226,11004.763
39227,6684.373
39228,6463.89
39229,15474.4
39230,10608.069
39231,6567.5825
39232,7746.4805
39233,8439.455
39234,7156.162
39235,6661.6187
39236,5733.73
39237,11001.132
39238,5128.5845
39239,14679.88
39240,11035.338
39241,9155.411
39242,6353.157
39243,7098.074
39244,11476.42
39245,10918.521
39246,5295.1562
39247,13835.518
39248,8408.241
39249,10603.143
39250,5460.685
39251,7826.0474
39252,13120.133
39253,11145.874
39254,10098.369
39255,7611.985
39256,12704.8
39257,12590.603
39258,6029.1772
39259,11576.283
39260,7265.1763
39261,6126.604
39262,8494.652
39263,4675.1333
39264,8299.094
39265,10585.562
39266,6051.3066
39267,11501.667
39268,10930.64
39269,10096.856
39270,9164.042
39271,11061.08
39272,5873.2476
39273,8023.345
39274,6925.6665
39275,10775.147
39276,8705.333
39277,13278.231
39278,7443.869
39279,6573.1104
39280,7681.125
39281,8633.437
39282,15560.192
39283,8438.787
39284,11017.869
39285,11058.053
39286,8209.541
39287,6953.8774
39288,7460.6084
39289,8688.113
39290,9075.478
39291,4826.9478
39292,10633.697
39293,14088.021
39294,14865.064
39295,8051.3105
39296,5639.047
39297,8527.603
39298,6409.5254
39299,6829.61
39300,7745.734
39301,6505.498
39302,6468.1704
39303,6916.167
39304,14418.722
39305,11443.39
39306,10839.767
39307,15146.493
39308,7546.3174
39309,9038.29
39310,7460.11
39311,8832.735
39312,5671.7637
39313,11561.751
39314,10416.424
39315,6430.3394
39316,7137.4976
39317,9259.228
39318,6378.8965
39319,7685.632
39320,14180.253
39321,6582.2075
39322,7900.3706
39323,8701.78
39324,5745.462
39325,7172.795
39326,6565.741
39327,13804.648
39328,6451.4976
39329,5898.174
39330,12123.04
39331,6785.418
39332,11591.5625
39333,6643.0527
39334,8434.868
39335,6714.963
39336,11122.989
39337,11564.762
39338,6487.095
39339,10909.507
39340,9789.399
39341,5403.06
39342,14527.618
39343,6927.2783
39344,7934.345
39345,7961.271
39346,7202.6787
39347,8160.6387
39348,6089.7363
39349,6789.6455
39350,7559.558
39351,4522.2563
39352,7128.0005
39353,8937.019
39354,12234.245
39355,7475.474
39356,9205.566
39357,10872.767
39358,8466.536
39359,6230.465
39360,6358.316
39361,12612.717
39362,8277.473
39363,7144.3022
39364,11381.586
39365,10739.279
39366,6246.638
39367,5645.408
39368,8266.151
39369,9788.129
39370,8357.55
39371,7491.291
39372,8904.517
39373,11515.486
39374,10943.49
39375,11574.473
39376,4895.6724
39377,8811.817
39378,5853.0254
39379,7141.3384
39380,9528.728
39381,8509.606
39382,9162.513
39383,6478.9575
39384,4791.2954
39385,3372.76
39386,5342.9185
39387,3782.267
39388,7392.212
39389,4194.3257
39390,4199.358
39391,6080.0034
39392,4730.1997
39393,6475.7446
39394,4830.3516
39395,7083.459
39396,4253.672
39397,5723.894
39398,4183.888
39399,6646.0635
39400,4322.9243
39401,8618.718
39402,4193.4897
39403,5669.659
39404,5853.0645
39405,5486.6123
39406,4405.1836
39407,3871.357
39408,5184.157
39409,3677.9282
39410,5473.388
39411,5476.156
39412,5388.7725
39413,8244.616
39414,6474.287
39415,7343.1963
39416,5504.351
39417,4439.399
39418,8171.6284
39419,3291.4749
39420,5276.8784
39421,6537.7075
39422,7193.232
39423,4646.9316
39424,3217.503
39425,3616.7803
39426,7380.144
39427,4445.5815
39428,4995.924
39429,7104.949
39430,4672.8994
39431,6508.13
39432,9498.593
39433,7281.8125
39434,7354.2993
39435,5154.4497
39436,4580.553
39437,7142.83
39438,5319.004
39439,5210.78
39440,4548.5947
39441,7171.3784
39442,9028.743
39443,4729.586
39444,5647.3467
39445,9813.48
39446,4666.5967
39447,4236.042
39448,4193.3457
39449,5294.232
39450,4521.333
39451,5304.326
39452,4982.4463
39453,3260.3616
39454,5608.262
39455,4157.111
39456,9306.205
39457,6984.848
39458,10269.755
39459,6191.7905
39460,3802.497
39461,9330.877
39462,6392.7656
39463,4083.0645
39464,9288.204
39465,7474.875
39466,7579.897
39467,5617.4175
39468,5732.9863
39469,7401.934
39470,4291.264
39471,4879.2856
39472,3617.2666
39473,4621.404
39474,4502.143
39475,8746.071
39476,3859.1487
39477,3407.9775
39478,6142.561
39479,6249.874
39480,4456.791
39481,5698.4214
39482,4104.5073
39483,8172.424
39484,7375.148
39485,6831.591
39486,4437.3965
39487,3425.7844
39488,5536.07
39489,4122.459
39490,6180.9805
39491,7256.506
39492,4562.3257
39493,5304.61
39494,3738.6294
39495,9488.741
39496,3165.4026
39497,5712.9033
39498,6987.047
39499,7502.8535
39500,3881.5554
39501,5752.437
39502,4750.1714
39503,5739.3057
39504,6760.198
39505,3951.2925
39506,5469.458
39507,7224.4136
39508,5054.4546
39509,4416.1606
39510,6855.2456
39511,7172.726
39512,7625.0283
39513,6997.6646
39514,4649.7964
39515,3219.8364
39516,6898.583
39517,5739.4805
39518,6793.7983
39519,6726.495
39520,3179.6423
39521,6759.4697
39522,6929.902
39523,6413.9897
39524,4079.5215
39525,7337.4136
39526,2876.4348
39527,7648.1255
39528,7481.8726
39529,4478.5337
39530,8924.36
39531,2780.7253
39532,6430.2656
39533,6522.5723
39534,4906.397
39535,7043.084
39536,6183.876
39537,3874.4158
39538,8783.522
39539,3850.9187
39540,4190.251
39541,3428.6123
39542,4277.6016
39543,6922.1133
39544,4187.7095
39545,7558.0083
39546,9276.827
39547,7111.085
39548,3470.3337
39549,7430.8237
39550,7266.5903
39551,3103.1995
39552,3551.0752
39553,7448.251
39554,4497.529
39555,7362.0967
39556,5510.0347
39557,5186.8086
39558,4467.7173
39559,5877.972
39560,5871.59
39561,4185.3096
39562,4040.3716
39563,3725.0093
39564,7692.496
39565,7622.5415
39566,4502.882
39567,6899.945
39568,6975.6733
39569,3170.3828
39570,7674.8486
39571,2779.8289
39572,4206.5586
39573,3129.7815
39574,4454.194
39575,5228.9683
39576,5037.7188
39577,8661.595
39578,19988.81
39579,6039.889
39580,4620.593
39581,6921.763
39582,7577.295
39583,9320.595
39584,4872.7603
39585,7281.4165
39586,5386.2285
39587,4527.6777
39588,3281.1575
39589,7315.9106
39590,4003.5444
39591,3803.4836
39592,7337.26
39593,5024.948
39594,3883.5962
39595,7367.1753
39596,5332.181
39597,3147.324
39598,7671.9287
39599,7490.3906
39600,7878.849
39601,5536.038
39602,4670.4976
39603,9410.304
39604,5946.4663
39605,5999.885
39606,5182.442
39607,8170.0854
39608,4503.9814
39609,5320.0796
39610,9273.739
39611,4132.3726
39612,5209.2495
39613,6507.652
39614,3193.5376
39615,4192.794
39616,8937.428
39617,5678.2373
39618,5254.8735
39619,6628.9443
39620,6193.2495
39621,4415.516
39622,5799.653
39623,10112.084
39624,3384.1528
39625,4649.06
39626,3659.7048
39627,8179.0127
39628,4098.838
39629,4380.6323
39630,4956.2617
39631,7621.233
39632,3976.2173
39633,11833.764
39634,9325.539
39635,3916.465
39636,5255.716
39637,4198.321
39638,7337.4272
39639,9658.778
39640,3684.0415
39641,3338.9668
39642,5409.3257
39643,4877.5312
39644,7339.9966
39645,3908.743
39646,4374.4272
39647,3490.5635
39648,5533.916
39649,3394.386
39650,4822.617
39651,7529.8887
39652,9269.301
39653,4469.226
39654,9191.397
39655,5784.741
39656,7485.37
39657,3903.5635
39658,4261.7744
39659,7667.0493
39660,3708.9082
39661,6475.714
39662,4445.1323
39663,4302.815
39664,4660.0796
39665,3626.7822
39666,5087.341
39667,9682.88
39668,5539.725
39669,4659.9062
39670,7824.0024
39671,6986.0273
39672,4441.4023
39673,4213.2007
39674,7362.7637
39675,9323.103
39676,6236.791
39677,7373.425
39678,5940.7915
39679,5391.986
39680,7557.5684
39681,4507.665
39682,4574.4707
39683,6487.343
39684,9068.383
39685,4244.091
39686,5067.6772
39687,3039.5522
39688,5062.527
39689,4300.3286
39690,3725.0945
39691,5665.3022
39692,5704.507
39693,3969.0059
39694,10321.878
39695,3595.0098
39696,5923.0703
39697,9062.348
39698,4927.117
39699,4785.9834
39700,3964.4236
39701,5051.0327
39702,7644.2236
39703,4071.513
39704,5927.6313
39705,7483.671
39706,5730.7554
39707,4760.6406
39708,4148.93
39709,7202.665
39710,5810.899
39711,8572.144
39712,8806.289
39713,5542.616
39714,7455.757
39715,3527.879
39716,5666.437
39717,4342.378
39718,7496.2085
39719,5378.307
39720,10206.313
39721,9706.236
39722,7913.8403
39723,4596.9585
39724,5112.1055
39725,5380.1494
39726,4710.3164
39727,7338.1553
39728,7805.592
39729,3690.6157
39730,7106.1016
39731,5200.065
39732,5021.728
39733,7313.8457
39734,5844.791
39735,7542.4316
39736,7261.65
39737,9472.745
39738,7819.2427
39739,3378.1213
39740,9088.878
39741,7520.3423
39742,9276.208
39743,4671.7363
39744,4363.3755
39745,7502.589
39746,3854.094
39747,4979.0635
39748,5329.349
39749,8600.324
39750,5726.761
39751,3308.7961
39752,5255.38
39753,3829.3062
39754,3791.8586
39755,7826.331
39756,5151.52
39757,4100.946
39758,4413.5117
39759,9654.458
39760,4872.142
39761,7541.8994
39762,4120.9453
39763,6229.734
39764,5475.8735
39765,5336.1396
39766,5921.1724
39767,7424.1855
39768,9587.582
39769,4740.842
39770,6048.456
39771,3087.7935
39772,4601.021
39773,6819.9497
39774,4107.668
39775,5656.56
39776,4459.4443
39777,4008.5083
39778,5106.842
39779,7896.1143
39780,6172.514
39781,4653.3325
39782,7248.191
39783,6961.151
39784,7649.8906
39785,9701.47
39786,7552.863
39787,5100.669
39788,7786.385
39789,5372.0625
39790,4888.2207
39791,7580.5186
39792,5945.8535
39793,4211.6616
39794,7935.5635
39795,5856.4097
39796,10555.427
39797,4671.7183
39798,4563.636
39799,5953.0493
39800,7747.4336
39801,7378.8276
39802,10243.509
39803,5957.9575
39804,5462.2583
39805,7480.9375
39806,3193.9062
39807,7559.544
39808,7493.5635
39809,5287.0205
39810,18680.732
39811,5229.502
39812,3718.427
39813,9215.265
39814,5083.969
39815,5340.5596
39816,3684.692
39817,10102.501
39818,4798.5356
39819,3977.5034
39820,7180.0503
39821,5653.313
39822,5301.302
39823,4559.211
39824,5938.6045
39825,8868.596
39826,7883.9985
39827,10594.137
39828,7649.9785
39829,3415.7793
39830,6762.133
39831,10323.817
39832,4824.554
39833,5703.016
39834,4503.1567
39835,5083.155
39836,4382.229
39837,8299.41
39838,6618.5073
39839,5159.4966
39840,7311.516
39841,3462.3413
39842,4000.4292
39843,4756.369
39844,5109.171
39845,5863.698
39846,3775.292
39847,7194.453
39848,6616.456
39849,5608.5728
39850,7111.702
39851,5696.867
39852,5739.333
39853,5114.2124
39854,4030.025
39855,8537.531
39856,4770.9326
39857,4986.4873
39858,9809.774
39859,4713.8853
39860,7791.422
39861,7874.326
39862,4129.8784
39863,3502.4377
39864,7515.259
39865,3674.1094
39866,5879.0654
39867,3328.6433
39868,6992.187
39869,9651.484
39870,5766.682
39871,6261.6587
39872,4598.1167
39873,4988.533
39874,6190.4443
39875,4615.7866
39876,10117.37
39877,8374.833
39878,7042.1567
39879,7616.2915
39880,4359.939
39881,4652.8086
39882,4042.4456
39883,4553.7734
39884,4126.61
39885,6221.432
39886,6948.9575
39887,7469.4517
39888,5873.7407
39889,8088.2246
39890,7175.6616
39891,4093.1724
39892,7832.0137
39893,4291.154
39894,4564.089
39895,5315.2866
39896,3019.227
39897,6027.757
39898,6157.4956
39899,11224.668
39900,4216.864
39901,4915.0767
39902,4295.4004
39903,4259.5273
39904,3982.325
39905,7323.409
39906,5993.09
39907,6792.943
39908,7642.809
39909,4068.2131
39910,8808.288
39911,4056.286
39912,7657.344
39913,5726.69
39914,7935.1396
39915,3931.43
39916,4841.15
39917,5308.3247
39918,3967.6016
39919,5226.5347
39920,8509.468
39921,5517.929
39922,4095.3086
39923,7918.3174
39924,4726.0596
39925,3346.2625
39926,6459.5576
39927,5060.5186
39928,4584.076
39929,3615.2866
39930,4191.2744
39931,9297.616
39932,4380.424
39933,4253.396
39934,5784.476
39935,7735.863
39936,4126.1807
39937,5887.0845
39938,6426.9424
39939,7779.9263
39940,3439.7935
39941,8421.002
39942,4408.0254
39943,6306.1323
39944,10752.932
39945,4514.899
39946,4849.733
39947,5624.516
39948,7524.425
39949,4493.1123
39950,6164.536
39951,5716.8936
39952,5954.31
39953,7544.986
39954,3590.7324
39955,3890.5264
39956,6059.3467
39957,3367.4907
39958,9857.345
39959,4798.3755
39960,5030.684
39961,5482.548
39962,7811.55
39963,7991.413
39964,6323.232
39965,3351.927
39966,5176.202
39967,3693.31
39968,4683.002
39969,5753.359
39970,7332.5303
39971,10294.556
39972,6226.799
39973,9028.321
39974,8415.863
39975,6070.691
39976,7760.324
39977,10523.802
39978,5260.711
39979,5050.1797
39980,4058.0466
39981,5777.4956
39982,5380.5186
39983,6733.4087
39984,4123.9297
39985,8499.572
39986,7874.379
39987,7815.7383
39988,3944.1978
39989,6749.5225
39990,3458.0337
39991,10729.154
39992,7092.139
39993,7877.2183
39994,7261.02
39995,4763.607
39996,4556.9194
39997,3256.4822
39998,4707.428
39999,3720.7937
40000,3577.825
40001,8078.6875
40002,8676.627
40003,8182.68
40004,10080.22
40005,9270.361
40006,2029.41
40007,7668.966
40008,3497.693
40009,11020.749
40010,5465.0723
40011,6704.5566
40012,9950.596
40013,6873.8276
40014,5991.6094
40015,8471.246
40016,7470.67
40017,8693.244
40018,3510.2246
40019,4608.752
40020,5824.7886
40021,8314.837
40022,9898.119
40023,8247.055
40024,5655.147
40025,4783.008
40026,5302.5356
40027,4515.997
40028,6026.8486
40029,7530.6714
40030,4327.174
40031,3713.6982
40032,4906.734
40033,7053.585
40034,4586.9106
40035,7663.898
40036,4880.9473
40037,7319.778
40038,8043.512
40039,7488.6333
40040,4273.2827
40041,5297.9907
40042,9643.203
40043,6323.497
40044,6082.097
40045,3084.8374
40046,7009.2344
40047,4694.4243
40048,5822.789
40049,5971.3955
40050,7663.884
40051,4397.744
40052,6640.3794
40053,1967.7593
40054,7827.0776
40055,4667.6694
40056,8615.874
40057,8447.049
40058,5894.001
40059,10596.936
40060,9415.277
40061,3586.9631
40062,4009.8394
40063,4833.818
40064,4722.6753
40065,4817.5596
40066,10886.765
40067,7858.2627
40068,10567.202
40069,3941.798
40070,5401.927
40071,8858.012
40072,6237.6177
40073,7874.2812
40074,4884.743
40075,9322.071
40076,9419.337
40077,8072.687
40078,6325.3433
40079,4845.3125
40080,7246.7324
40081,8504.397
40082,7765.6035
40083,4715.3647
40084,4561.608
40085,10917.001
40086,7484.842
40087,4634.347
40088,5466.532
40089,5954.7134
40090,5049.467
40091,4699.828
40092,4045.7285
40093,7763.596
40094,3618.4573
40095,10357.795
40096,7786.0435
40097,6459.989
40098,4483.7188
40099,5008.8643
40100,8098.1284
40101,7704.0757
40102,3771.1492
40103,9856.705
40104,5932.7505
40105,7484.0205
40106,3889.0237
40107,5520.5244
40108,9344.263
40109,7863.931
40110,7125.3154
40111,5371.9136
40112,8967.681
40113,8885.394
40114,4252.881
40115,8167.7793
40116,5126.78
40117,4323.0317
40118,5990.958
40119,3329.1865
40120,5854.4937
40121,7467.8345
40122,4269.4526
40123,8192.215
40124,7714.0312
40125,7124.5815
40126,6463.4155
40127,7876.324
40128,4143.7886
40129,5661.137
40130,4887.4277
40131,7601.5303
40132,6142.86
40133,9374.838
40134,5252.8037
40135,4639.022
40136,5420.1924
40137,6094.3965
40138,10976.366
40139,5955.111
40140,7775.164
40141,7803.314
40142,5791.4434
40143,4953.8984
40144,5265.651
40145,6131.363
40146,6404.1846
40147,3406.3362
40148,7503.906
40149,9940.617
40150,10489.411
40151,5680.8975
40152,3978.2585
40153,6018.157
40154,4523.1274
40155,4818.042
40156,5465.5884
40157,4590.0444
40158,4561.8213
40159,4880.938
40160,10270.353
40161,8074.458
40162,7648.1035
40163,10686.19
40164,5324.6235
40165,6377.4854
40166,5263.6274
40167,6234.2217
40168,4001.2192
40169,8158.125
40170,7352.16
40171,4536.3667
40172,5036.071
40173,6533.531
40174,4500.9106
40175,5421.4644
40176,10003.094
40177,4644.4326
40178,5574.7417
40179,6140.5806
40180,4091.6538
40181,5061.31
40182,4632.199
40183,9831.861
40184,4552.679
40185,4160.971
40186,8554.976
40187,4788.335
40188,8179.3174
40189,4686.3
40190,5952.328
40191,4737.402
40192,7848.308
40193,8160.623
40194,4577.544
40195,7698.023
40196,6908.0977
40197,3812.8489
40198,10348.306
40199,4887.2417
40200,5599.8647
40201,5617.921
40202,5081.463
40203,5758.6353
40204,4297.306
40205,4836.2065
40206,5333.397
40207,3221.4988
40208,5076.652
40209,6366.442
40210,8715.394
40211,5274.695
40212,6495.3794
40213,7671.9653
40214,5974.1416
40215,4396.0913
40216,4485.785
40217,8899.608
40218,5841.324
40219,5041.4634
40220,8031.0166
40221,7576.7163
40222,4449.5864
40223,3982.739
40224,5832.133
40225,6904.5996
40226,5895.997
40227,5284.4746
40228,6281.9624
40229,8128.3696
40230,7722.3276
40231,8166.416
40232,3487.4016
40233,8932.17
40234,5931.2676
40235,7241.9233
40236,9656.871
40237,8627.329
40238,9292.563
40239,6570.2207
40240,4858.4053
40241,3420.119
40242,5417.0347
40243,3833.5713
40244,7495.258
40245,4251.814
40246,4257.63
40247,6164.695
40248,4795.9277
40249,6565.6724
40250,4897.4243
40251,7182.29
40252,4312.907
40253,5803.41
40254,4241.9297
40255,6738.4263
40256,4383.3955
40257,8738.45
40258,4251.7046
40259,5748.625
40260,5933.8936
40261,5565.237
40262,4466.7456
40263,3925.3743
40264,5257.0093
40265,3729.5354
40266,5548.8267
40267,5552.596
40268,5463.509
40269,8354.409
40270,6564.6016
40271,7446.653
40272,5579.1943
40273,4501.473
40274,8286.272
40275,3338.6482
40276,5350.3643
40277,6627.977
40278,7293.087
40279,4710.465
40280,3261.2573
40281,3667.7642
40282,7483.628
40283,4508.981
40284,5066.638
40285,7204.4443
40286,4738.0117
40287,6602.0767
40288,9633.882
40289,7384.1646
40290,7458.616
40291,5226.2754
40292,4644.512
40293,7241.4883
40294,5392.7573
40295,5283.6226
40296,4611.122
40297,7272.657
40298,9157.367
40299,4795.063
40300,5725.5703
40301,9946.544
40302,4730.1094
40303,4294.7285
40304,4250.8086
40305,5367.934
40306,4584.8765
40307,5378.553
40308,5052.136
40309,3306.023
40310,5687.1865
40311,4214.9175
40312,9432.499
40313,7083.425
40314,10413.701
40315,6277.476
40316,3856.477
40317,9462.045
40318,6480.039
40319,4139.016
40320,9417.882
40321,7580.685
40322,7685.3677
40323,5693.309
40324,5812.4453
40325,7505.6167
40326,4350.9316
40327,4947.566
40328,3667.7046
40329,4686.867
40330,4564.119
40331,8867.115
40332,3912.2344
40333,3455.9858
40334,6229.104
40335,6334.7197
40336,4518.453
40337,5778.8403
40338,4162.885
40339,8288.193
40340,7479.097
40341,6926.631
40342,4500.065
40343,3473.51
40344,5613.0146
40345,4179.995
40346,6266.845
40347,7355.941
40348,4628.092
40349,5378.5737
40350,3790.5132
40351,9618.6045
40352,3209.3027
40353,5792.217
40354,7086.3306
40355,7606.6577
40356,3934.938
40357,5827.645
40358,4816.8887
40359,5818.9746
40360,6854.7095
40361,4006.3792
40362,5546.3184
40363,7324.4497
40364,5124.2666
40365,4477.0386
40366,6950.6084
40367,7272.3037
40368,7731.4443
40369,7097.167
40370,4714.731
40371,3266.8123
40372,6996.6035
40373,5818.597
40374,6887.5967
40375,6821.6675
40376,3223.5215
40377,6853.4478
40378,7020.8633
40379,6502.6074
40380,4137.1846
40381,7440.675
40382,2916.8071
40383,7754.8193
40384,7587.275
40385,4540.5747
40386,9050.444
40387,2819.9407
40388,6519.854
40389,6612.046
40390,4975.109
40391,7141.393
40392,6269.0093
40393,3927.2244
40394,8904.304
40395,3904.4573
40396,4248.259
40397,3476.6526
40398,4336.777
40399,7018.5063
40400,4247.517
40401,7661.801
40402,9409.702
40403,7210.336
40404,3518.6462
40405,7534.055
40406,7368.194
40407,3146.0332
40408,3600.2778
40409,7551.9985
40410,4559.842
40411,7464.8364
40412,5587.2305
40413,5258.3784
40414,4530.235
40415,5958.861
40416,5953.237
40417,4244.3174
40418,4097.102
40419,3776.805
40420,7800.925
40421,7728.5176
40422,4565.796
40423,6996.3096
40424,7073.2505
40425,3214.8306
40426,7781.3145
40427,2818.862
40428,4264.662
40429,3172.4463
40430,4515.9453
40431,5301.893
40432,5110.5063
40433,8780.558
40434,20277.074
40435,6124.6294
40436,4684.941
40437,7017.9907
40438,7679.6597
40439,9447.247
40440,4938.0044
40441,7383.08
40442,5460.7993
40443,4591.192
40444,3326.8372
40445,7415.7637
40446,4057.6133
40447,3856.9001
40448,7439.4116
40449,5094.5034
40450,3937.7092
40451,7470.6343
40452,5406.4473
40453,3189.9692
40454,7773.703
40455,7596.0146
40456,7985.9272
40457,5612.7896
40458,4736.6787
40459,9545.91
40460,6030.868
40461,6083.1646
40462,5254.1665
40463,8283.356
40464,4567.085
40465,5392.9116
40466,9399.943
40467,4190.739
40468,5281.7886
40469,6598.2866
40470,3238.2234
40471,4250.3057
40472,9063.315
40473,5758.3604
40474,5327.296
40475,6720.2876
40476,6280.7344
40477,4477.3633
40478,5880.0356
40479,10252.383
40480,3431.8062
40481,4713.809
40482,3710.7803
40483,8289.387
40484,4155.9966
40485,4440.962
40486,5024.7466
40487,7726.918
40488,4031.459
40489,11997.411
40490,9457.209
40491,3971.7178
40492,5329.4404
40493,4256.014
40494,7440.5186
40495,9793.891
40496,3733.6719
40497,3385.257
40498,5484.5093
40499,4945.8105
40500,7442.9604
40501,3962.2534
40502,4434.98
40503,3539.5154
40504,5609.006
40505,3440.9849
40506,4889.671
40507,7635.4136
40508,9398.966
40509,4531.3457
40510,9315.681
40511,5865.231
40512,7588.9756
40513,3957.641
40514,4321.572
40515,7773.5327
40516,3760.846
40517,6565.8667
40518,4507.2954
40519,4362.751
40520,4725.379
40521,3677.5984
40522,5158.0645
40523,9816.8125
40524,5616.5063
40525,4724.5044
40526,7933.7773
40527,7083.479
40528,4502.1987
40529,4272.5366
40530,7466.88
40531,9454.386
40532,6321.953
40533,7476.3794
40534,6023.8657
40535,5467.132
40536,7667.108
40537,4570.2056
40538,4639.7744
40539,6577.3813
40540,9194.711
40541,4302.8643
40542,5138.8286
40543,3081.6724
40544,5131.692
40545,4360.4087
40546,3776.4412
40547,5744.0156
40548,5783.7314
40549,4024.4392
40550,10464.609
40551,3645.833
40552,6005.748
40553,9186.682
40554,4995.952
40555,4852.477
40556,4020.744
40557,5119.9478
40558,7750.73
40559,4129.9453
40560,6009.782
40561,7588.549
40562,5811.4697
40563,4826.538
40564,4206.655
40565,7301.2646
40566,5891.2188
40567,8693.228
40568,8930.7295
40569,5622.0806
40570,7560.178
40571,3577.214
40572,5745.298
40573,4404.2344
40574,7601.1094
40575,5453.9697
40576,10352.155
40577,9843.187
40578,8023.2764
40579,4660.6045
40580,5184.652
40581,5455.25
40582,4775.1167
40583,7441.143
40584,7914.0366
40585,3741.7405
40586,7204.383
40587,5272.6523
40588,5091.482
40589,7413.041
40590,5926.105
40591,7647.819
40592,7361.387
40593,9604.285
40594,7927.8623
40595,3425.6863
40596,9214.737
40597,7626.032
40598,9408.275
40599,4737.7905
40600,4424.45
40601,7607.1147
40602,3908.5005
40603,5047.8105
40604,5403.658
40605,8718.72
40606,5807.308
40607,3356.3618
40608,5327.392
40609,3880.6855
40610,3844.3892
40611,7935.609
40612,5222.812
40613,4156.7617
40614,4474.951
40615,9789.875
40616,4939.8228
40617,7647.5054
40618,4178.412
40619,6316.3237
40620,5552.088
40621,5410.6157
40622,6004.247
40623,7527.935
40624,9721.996
40625,4806.947
40626,6132.4507
40627,3132.2607
40628,4663.8374
40629,6914.7886
40630,4164.7314
40631,5735.2725
40632,4522.36
40633,4064.0745
40634,5177.6587
40635,8006.1377
40636,6258.19
40637,4717.7495
40638,7349.138
40639,7057.919
40640,7755.9507
40641,9835.172
40642,7658.1914
40643,5171.326
40644,7893.5767
40645,5446.6187
40646,4957.1553
40647,7686.8706
40648,6028.533
40649,4269.624
40650,8045.7446
40651,5939.7544
40652,10701.132
40653,4736.2993
40654,4627.6455
40655,6035.708
40656,7855.3325
40657,7481.5156
40658,10386.424
40659,6043.468
40660,5538.753
40661,7585.69
40662,3238.041
40663,7665.09
40664,7596.145
40665,5360.694
40666,18942.326
40667,5302.0957
40668,3771.5054
40669,9342.035
40670,5154.1597
40671,5416.0166
40672,3735.7454
40673,10238.918
40674,4864.721
40675,4033.2285
40676,7283.806
40677,5732.0674
40678,5375.4507
40679,4622.6074
40680,6021.4243
40681,8993.18
40682,7994.4243
40683,10740.662
40684,7759.4805
40685,3463.1375
40686,6856.168
40687,10469.61
40688,4891.5273
40689,5782.3525
40690,4565.5083
40691,5153.8203
40692,4442.1694
40693,8413.303
40694,6711.518
40695,5231.5527
40696,7413.854
40697,3510.7705
40698,4055.9917
40699,4822.939
40700,5180.5786
40701,5945.729
40702,3827.9949
40703,7293.1704
40704,6708.8555
40705,5686.422
40706,7211.0786
40707,5776.0625
40708,5818.897
40709,5184.1426
40710,4086.2788
40711,8657.044
40712,4837.3003
40713,5056.6006
40714,9947.303
40715,4779.063
40716,7899.4214
40717,7984.488
40718,4186.8984
40719,3550.1943
40720,7619.9536
40721,3724.9312
40722,5960.5664
40723,3375.4636
40724,7085.6953
40725,9788.026
40726,5845.956
40727,6348.4927
40728,4664.5537
40729,5056.9814
40730,6276.979
40731,4679.867
40732,10257.078
40733,8491.048
40734,7142.633
40735,7720.8623
40736,4420.742
40737,4717.835
40738,4098.7793
40739,4616.795
40740,4184.044
40741,6307.287
40742,7043.7627
40743,7574.1587
40744,5955.7075
40745,8201.073
40746,7279.5835
40747,4154.7124
40748,7940.2046
40749,4351.2803
40750,4628.1445
40751,5389.523
40752,3060.2976
40753,6111.0215
40754,6246.0005
40755,11379.697
40756,4275.3823
40757,4984.086
40758,4354.3403
40759,4319.4453
40760,4037.7053
40761,7426.062
40762,6077.4346
40763,6887.4453
40764,7749.658
40765,4123.867
40766,8934.615
40767,4113.3105
40768,7764.7515
40769,5806.699
40770,8044.6396
40771,3986.4375
40772,4908.2363
40773,5382.259
40774,4022.8462
40775,5297.8286
40776,8623.898
40777,5595.3154
40778,4153.0005
40779,8027.616
40780,4792.603
40781,3392.4275
40782,6550.366
40783,5131.075
40784,4647.956
40785,3665.3682
40786,4248.6963
40787,9427.678
40788,4443.254
40789,4312.8496
40790,5865.5776
40791,7845.4043
40792,4183.4014
40793,5968.537
40794,6516.82
40795,7889.5347
40796,3488.1802
40797,8537.882
40798,4468.932
40799,6394.986
40800,10901.539
40801,4577.461
40802,4916.413
40803,5703.511
40804,7630.427
40805,4555.094
40806,6250.84
40807,5796.1797
40808,6037.844
40809,7650.5547
40810,3642.03
40811,3944.7698
40812,6142.9946
40813,3414.2708
40814,9998.753
40815,4864.4614
40816,5100.849
40817,5559.422
40818,7921.6562
40819,8101.404
40820,6408.6943
40821,3398.6694
40822,5248.5566
40823,3744.8079
40824,4748.3594
40825,5833.123
40826,7433.496
40827,10437.517
40828,6315.878
40829,9153.517
40830,8530.905
40831,6155.758
40832,7866.362
40833,10671.94
40834,5335.1167
40835,5121.0806
40836,4114.366
40837,5857.4263
40838,5456.067
40839,6827.2134
40840,4182.065
40841,8616.1045
40842,7983.8784
40843,7924.0596
40844,3998.8345
40845,6843.519
40846,3507.1787
40847,10877.62
40848,7190.7554
40849,7986.0947
40850,7361.8506
40851,4828.1084
40852,4621.0205
40853,3301.957
40854,4772.066
40855,3772.4949
40856,3627.54
40857,8187.927
40858,8802.283
40859,8296.332
40860,10218.645
40861,9396.6
40862,2057.316
40863,7777.864
40864,3545.517
40865,11177.161
40866,5541.263
40867,6797.9077
40868,10092.265
40869,6969.821
40870,6072.9844
40871,8589.667
40872,7574.744
40873,8816.491
40874,3559.6729
40875,4672.7925
40876,5904.709
40877,8430.155
40878,10038.667
40879,8362.047
40880,5732.8276
40881,4850.746
40882,5375.6763
40883,4576.985
40884,6111.884
40885,7634.576
40886,4386.855
40887,3765.3906
40888,4975.612
40889,7150.799
40890,4650.417
40891,7769.6187
40892,4948.9585
40893,7422.5854
40894,8158.1406
40895,7592.516
40896,4332.2783
40897,5371.796
40898,9779.833
40899,6413.5312
40900,6165.3594
40901,3128.101
40902,7107.5317
40903,4759.896
40904,5904.3374
40905,6054.7305
40906,7769.6265
40907,4458.6406
40908,6732.015
40909,1994.9017
40910,7936.2676
40911,4732.948
40912,8733.393
40913,8564.38
40914,5975.857
40915,10752.029
40916,9545.855
40917,3636.0835
40918,4065.0437
40919,4900.2935
40920,4788.659
40921,4885.3633
40922,11043.613
40923,7967.1733
40924,10714.173
40925,3997.4578
40926,5476.9287
40927,8981.993
40928,6323.3706
40929,7984.3203
40930,4952.3916
40931,9453.078
40932,9549.708
40933,8184.46
40934,6410.094
40935,4912.8877
40936,7346.8257
40937,8623.224
40938,7873.185
40939,4781.657
40940,4625.0244
40941,11060.838
40942,7591.7266
40943,4698.7344
40944,5542.5635
40945,6037.9937
40946,5119.982
40947,4765.6064
40948,4102.413
40949,7871.015
40950,3669.1394
40951,10502.726
40952,7895.12
40953,6549.0293
40954,4545.1943
40955,5078.73
40956,8210.081
40957,7810.991
40958,3823.6921
40959,9992.328
40960,6015.1387
40961,7590.829
40962,3944.401
40963,5597.766
40964,9476.053
40965,7973.856
40966,7223.3594
40967,5445.959
40968,9092.407
40969,9007.799
40970,4314.265
40971,8282.891
40972,5198.131
40973,4383.567
40974,6077.9795
40975,3375.644
40976,5936.203
40977,7572.613
40978,4329.23
40979,8306.142
40980,7820.5107
40981,7224.9927
40982,6555.3975
40983,7983.4365
40984,4201.666
40985,5739.7104
40986,4955.0283
40987,7709.5884
40988,6227.9214
40989,9504.701
40990,5325.3496
40991,4703.1284
40992,5495.705
40993,6176.319
40994,11133.678
40995,6038.201
40996,7881.194
40997,7911.3423
40998,5871.2314
40999,5023.8843
41000,5339.938
41001,6216.2656
41002,6492.549
41003,3454.8223
41004,7607.035
41005,10079.999
41006,10633.576
41007,5759.97
41008,4033.113
41009,6101.3706
41010,4585.966
41011,4885.1396
41012,5541.913
41013,4654.198
41014,4623.5996
41015,4948.8213
41016,10409.322
41017,8187.177
41018,7755.7954
41019,10837.038
41020,5400.18
41021,6466.5605
41022,5337.407
41023,6319.15
41024,4056.9204
41025,8271.656
41026,7451.306
41027,4599.226
41028,5106.832
41029,6624.867
41030,4563.0874
41031,5497.2466
41032,10140.546
41033,4708.4614
41034,5652.1753
41035,6226.1455
41036,4149.5674
41037,5132.245
41038,4697.058
41039,9974.094
41040,4615.822
41041,4218.638
41042,8675.99
41043,4854.699
41044,8293.041
41045,4752.134
41046,6034.338
41047,4803.885
41048,7956.6406
41049,8273.787
41050,4641.359
41051,7803.5073
41052,7003.9077
41053,3866.3413
41054,10491.672
41055,4955.463
41056,5676.9214
41057,5695.7314
41058,5152.046
41059,5838.851
41060,4356.6045
41061,4903.4634
41062,5407.5254
41063,3265.264
41064,5147.0947
41065,6452.9683
41066,8837.446
41067,5347.528
41068,6586.384
41069,7777.812
41070,6055.464
41071,4457.633
41072,4547.562
41073,9021.969
41074,5922.2964
41075,5111.1987
41076,8142.166
41077,7683.4185
41078,4511.4717
41079,4038.7031
41080,5912.9546
41081,7002.6455
41082,5978.0576
41083,5359.0884
41084,6369.6733
41085,8240.057
41086,7828.668
41087,8281.39
41088,3534.7139
